"","glmGamPoi (Pb)","edgeR (Pb)","limma (Pb)","glmGamPoi (cell)","Nebula","Devil (base)","Devil (mixed)","glmGamPoi (fixed)"
"1",0.0226164840594537,0.0600319509178979,0.0266551049250172,0.000409597398051018,0.000441171932186464,0.000422180719480434,0.000966346345332701,NA
"2",0.00774088643810962,0.0180171085867578,0.0293898311616049,1.23239058520465e-05,1.67126468187059e-05,1.2838412660123e-05,3.36456831727886e-08,NA
"3",0.0279188910928766,0.0562493499630327,0.0182064776166075,7.10234234268731e-13,8.95866246709022e-16,7.1238815627622e-13,1.48343753057942e-16,NA
"4",0.00252095265172628,0.012763991527078,0.0110241126282851,1.56167977635593e-12,8.58378645636417e-13,1.89534737804493e-12,4.6007099321816e-13,NA
"5",0.00324924540364087,0.015413921166353,0.00660933867526,1.0354497837233e-08,1.14507176897729e-08,1.15847875479611e-08,6.14037400784985e-18,NA
