"","glmGamPoi (Pb)","edgeR (Pb)","limma (Pb)","glmGamPoi (cell)","Nebula","Devil (base)","Devil (mixed)"
"1",0.0663856226775924,0.120391925503815,0.049292193847078,1.26942906870462e-06,1.10756860504827e-06,1.30148783713258e-06,2.85003341052048e-08
"2",0.0191377740730574,0.0503149581667794,0.0151735434530137,6.63316979873872e-10,9.14982291128642e-11,5.36213853981975e-10,1.0213702608162e-21
"3",0.292352079912778,0.352929012617044,0.223414108484674,5.87737741522347e-05,1.19690434580914e-05,6.19146808216841e-05,7.0605189378312e-12
"4",0.0209226788243989,0.0273987597088579,0.0299305493897674,0.000255684414272269,0.000333989015270361,0.000317572418732114,1.76201644937916e-05
"5",0.0481853272319426,0.0879480644131205,0.0367492708339442,1.79136056746088e-10,5.10177593965518e-12,1.507072203441e-10,2.43860463223653e-54
