"","glmGamPoi (Pb)","edgeR (Pb)","limma (Pb)","glmGamPoi (cell)","Nebula","Devil (base)","Devil (mixed)"
"1",0.0401602664520563,0.0624746686650016,0.0430827682320017,4.14751511933481e-15,1.72655342794641e-14,6.96717618317603e-15,8.40415985942633e-07
"2",0.168415359803173,0.257843768023491,0.121506130510547,0.00185822411011792,0.0019926448211801,0.00183748084771645,9.24471484228444e-06
"3",0.0706735612103639,0.118137096327838,0.0771108779643132,1.10087548354792e-19,5.86297474267421e-21,1.29277909171189e-19,6.82346852596375e-76
"4",0.0170641906925475,0.0364531794508529,0.01320322839275,1.48116530486852e-44,6.44181494918385e-45,3.90194869038591e-44,2.5355045477204e-36
"5",0.0279437960151786,0.0577332600180797,0.0357032412517171,1.32124476565844e-11,1.615152627318e-11,1.66252804642751e-11,7.5357074731848e-25
