"","glmGamPoi (Pb)","edgeR (Pb)","limma (Pb)","glmGamPoi (cell)","Nebula","Devil (base)","Devil (mixed)"
"1",0.276226280480382,0.316383742370943,0.313470605330503,5.44890396692463e-06,3.53803245068831e-05,5.73685485247975e-06,4.21622579822009e-10
"2",0.165311256931262,0.195007294909194,0.228506913470594,3.7569155272409e-06,2.23733562322266e-05,3.79159179787572e-06,1.11934335077515e-20
"3",0.43751755551054,0.489511139302646,0.539378189596374,0.00010970093945388,7.82456381783493e-05,0.000108453457461507,1.00008565074811e-09
"4",0.202660375508362,0.256034108069285,0.260319324340118,8.80111998748932e-34,2.17504665808666e-37,4.98327560557007e-34,0
"5",0.199070704996806,0.26147330277752,0.0890860962994806,0.000167363439472842,8.23292779494287e-05,0.000175051265699728,0.0591519313023447
