"","glmGamPoi (Pb)","edgeR (Pb)","limma (Pb)","glmGamPoi (cell)","Nebula","Devil (base)","Devil (mixed)"
"1",0.00210730349117187,0.00988685287990263,0.00860839970844344,2.0641726197857e-26,3.10159392323624e-27,2.8799341378942e-26,2.00099698289658e-13
"2",0.00212659789653714,0.00981126263397017,0.00415461503699835,6.58021676162225e-39,4.31081100699671e-44,6.25834787616978e-39,3.66387054419045e-55
"3",8.37363502526247e-07,0.000222502635494463,1.13172329827386e-06,6.02352171229431e-37,1.66690248216972e-41,9.8442357681078e-37,1.39379689295278e-36
"4",5.178818015084e-06,0.00126611449602503,4.06893590063426e-06,1.30924652098034e-24,2.91822262342923e-25,1.79945305510572e-24,3.6281571926736e-21
"5",0.000129603911325894,0.00213430865886516,0.000186447306154511,1.40537661107561e-50,4.60320931022268e-48,1.24508709756153e-50,2.08373882529674e-18
