"","glmGamPoi (Pb)","edgeR (Pb)","limma (Pb)","glmGamPoi (cell)","Nebula","Devil (base)","Devil (mixed)"
"1",0.0299322267150378,0.0528778240434034,0.0299021258593052,0.000103929800164359,3.89904916596537e-05,0.000104934010500622,5.09592000933828e-76
"2",0.0367801929884683,0.0638965241248324,0.0359234893686736,0.00263988991675406,0.00200692986023878,0.00260280012428385,0.039311044949355
"3",0.0324405538730659,0.0573167280173921,0.0208622799048927,7.0019750227817e-06,7.26037370173703e-06,7.33130283253643e-06,2.09277758515705e-08
"4",0.114629492736769,0.163127361454745,0.126751036352868,1.86644974005913e-22,1.36969986197187e-21,1.27718190628764e-22,7.40033802562068e-09
"5",0.125329373666526,0.152589484246966,0.163690553279708,0.00112623180896038,0.00110797472773219,0.00115202665940694,0.00248940303937581
