"","glmGamPoi (Pb)","edgeR (Pb)","limma (Pb)","glmGamPoi (cell)","Nebula","Devil (base)","Devil (mixed)"
"1",0.0750077186650275,0.102322862369557,0.095947848024468,8.03049535975907e-09,8.92498701217427e-10,8.2720094194792e-09,7.84803224635121e-10
"2",5.8390635003023e-05,0.000645428724841606,9.14047874383785e-05,1.74940866556722e-13,4.94440968666917e-14,2.26300700358116e-13,1.27986264274539e-13
"3",4.61483949665727e-06,0.000889499446533829,2.09962529615205e-06,4.67208365189635e-46,7.20150781219019e-53,6.40819899104668e-46,3.47213638527482e-64
"4",0.194556051842127,0.252623811523186,0.252676060416702,3.39750920830953e-08,2.82686317169297e-14,3.31778404173489e-08,4.98652845095513e-15
"5",0.00177800303013304,0.0146032091440886,0.00595323638738377,1.60148301927611e-15,6.3080750114676e-17,1.64994647700923e-15,2.72857817948747e-32
