"","glmGamPoi (Pb)","edgeR (Pb)","limma (Pb)","glmGamPoi (cell)","Nebula","Devil (base)","Devil (mixed)"
"1",0.963404332644475,0.961193637851383,0.570473199237763,3.74141597310548e-06,7.68623769890422e-07,3.44891064649544e-06,0.000193829370355566
"2",0.0551081478426816,0.0851575838090688,0.0363393492775848,1.71060081321179e-08,3.46486978654026e-09,1.82378104127709e-08,2.36831240215332e-10
"3",0.045848230739192,0.0997151347914292,0.0349338268474074,5.15785718594611e-10,2.13973496300414e-10,5.27173760191017e-10,1.96191649079372e-105
"4",0.152689245808584,0.235444121897059,0.141899319734297,3.96645619401419e-23,4.37153723586971e-24,2.42011626079311e-23,5.01382629640767e-22
"5",0.0201738456982632,0.0352555639791916,0.0286644515500023,0.00121457327377878,0.00117711504873993,0.00123162894367656,2.83653604194893e-05
