"","glmGamPoi (Pb)","edgeR (Pb)","limma (Pb)","glmGamPoi (cell)","Nebula","Devil (base)","Devil (mixed)"
"1",0.00271379769962737,0.0186988953484613,0.00131872052786438,1.65655393848723e-24,7.58728641954229e-26,2.02164739759517e-24,1.36968425414573e-33
"2",0.0409532424636773,0.132464401648591,0.0132855933200853,7.03239930684232e-06,3.82113452440121e-06,7.48358348635492e-06,9.9965047946491e-36
"3",0.055260957497679,0.149094801010038,0.0408827103625178,1.62761798986984e-27,1.63527533087729e-30,1.66139893317388e-27,1.22752854490938e-117
"4",0.00547455541285482,0.0391041653041805,0.00211944629170317,2.65447151200517e-24,2.27799351875417e-25,3.23058372569121e-24,5.30410970125783e-09
"5",0.157583848445066,0.142759730493129,0.0891408550042936,3.9846918080963e-08,4.29178484903356e-08,4.67146302917942e-08,2.61757085486959e-64
