"","glmGamPoi (Pb)","edgeR (Pb)","limma (Pb)","glmGamPoi (cell)","Nebula","Devil (base)","Devil (mixed)","glmGamPoi (fixed)"
"1",0.0733573412956851,0.113512316634688,0.0626728983588862,6.82160592660983e-09,1.60919777393932e-09,6.89041978558581e-09,3.05638273016809e-08,NA
"2",0.239197206178045,0.26799723848768,0.264265593533383,3.42675817032916e-07,4.55330957846822e-07,3.5964930874175e-07,4.17907712462039e-303,NA
"3",0.395322414139837,0.438798620245787,0.223292635186303,0.000458947521964468,0.000410499555131421,0.000465473414945038,6.93661392291208e-06,NA
"4",0.334306184833678,0.346715801322097,0.386441715282407,1.33521304746622e-05,2.22389347183368e-05,1.3623445469968e-05,1.23539198687603e-175,NA
"5",0.241683943260627,0.283363776331434,0.162823170841043,1.90299795435456e-11,1.60409340625047e-13,2.14379096913109e-11,3.06268001308824e-14,NA
