"","glmGamPoi (Pb)","edgeR (Pb)","limma (Pb)","glmGamPoi (cell)","Nebula","Devil (base)","Devil (mixed)"
"1",0.00575396385834953,0.0301358661837211,0.0124790186677305,2.07816702608339e-05,1.97529389224824e-05,2.18536228464469e-05,1.91808370901265e-07
"2",0.00265992072779279,0.00622160128426225,0.00441617112742055,1.59133264547537e-06,3.87362553015356e-07,1.54404459668457e-06,9.29892874232628e-07
"3",0.00090195680519631,0.00505304621661231,0.00164460533248827,1.14689716660561e-27,3.08494186524451e-29,1.33260997234639e-27,2.07594457252092e-66
"4",0.000569095130124922,0.0088381916050342,0.000209551691293229,4.71274345728806e-10,1.18552824072985e-10,5.57953668066443e-10,7.13343771325714e-11
"5",0.000255670284835527,0.00379178750727347,0.000397702417224981,5.39380416481608e-13,2.08220739039223e-13,5.73900352470209e-13,4.98178209205348e-17
