"","glmGamPoi (Pb)","edgeR (Pb)","limma (Pb)","glmGamPoi (cell)","Nebula","Devil (base)","Devil (mixed)"
"1",0.039957649141681,0.147127339437322,0.0110763232727416,5.31553533801935e-08,1.44864015400962e-07,5.97187489891616e-08,1.12791742263109e-22
"2",0.152732892829329,0.201873851522492,0.0834811210748171,4.14300941613479e-15,7.94198389624483e-15,4.92242944620892e-15,1.67305234447818e-46
"3",0.0281924197313518,0.0280288731804645,0.0213216591914324,4.67353582113664e-06,1.50962889147442e-06,4.1723068196273e-06,4.9303201475347e-08
"4",0.240165808604024,0.272441928756844,0.0490056029635287,3.90429717386489e-05,4.81812831664915e-05,4.09474833838547e-05,9.22238663638704e-13
"5",0.0611730143706374,0.0602620098949265,0.0650890828673761,4.66779539177438e-11,1.61257023244425e-10,5.35903067463397e-11,4.95703572958401e-37
