"","glmGamPoi (Pb)","edgeR (Pb)","limma (Pb)","glmGamPoi (cell)","Nebula","Devil (base)","Devil (mixed)"
"1",0.222939870368252,0.336169658187221,0.164437770914687,0.00077328187761116,0.000643906030875484,0.000785906797419723,0.00011667309042316
"2",7.56025106116823e-07,0.000401851689493919,2.02591462322006e-06,4.27818039691801e-48,8.20456856942108e-56,4.19490037890717e-48,5.98829960093176e-52
"3",0.0199986548283435,0.036498713534971,0.0394299639698649,9.67146758269161e-27,7.16586102644027e-32,6.39399234777989e-27,7.54834428076577e-37
"4",0.000446809552528856,0.00774300305022143,0.000252309197429753,2.1746348039423e-42,2.68437795956099e-44,3.78193044313353e-42,4.04524137564994e-50
"5",0.000713763205841134,0.0369273306944077,0.000454224203586669,6.22511458269748e-23,5.64334693110859e-24,7.14227100135461e-23,2.19621664316726e-36
