"","glmGamPoi (Pb)","edgeR (Pb)","limma (Pb)","glmGamPoi (cell)","Nebula","Devil (base)","Devil (mixed)"
"1",0.139115293644173,0.14140305336071,0.125706057378218,0.00061428345798134,0.000637104591363497,0.00059730800207563,4.98589563501859e-05
"2",9.80773495402075e-05,0.0031331370795693,0.000182032699323152,1.15849750138166e-14,3.48985103238538e-14,1.46224190881324e-14,1.35006932656676e-15
"3",1.69812506529992e-05,0.000815302545610612,1.22650810644367e-05,3.91643412547498e-10,6.77362904334959e-10,4.53071961628426e-10,8.49229732982713e-13
"4",0.00597134142350504,0.0314914403887344,0.00242690220345022,3.73971327217076e-05,1.18150331463958e-05,3.86676851791488e-05,1.91297804783832e-08
"5",0.00205884713229749,0.00768708462673709,0.00516323994967992,3.33877673794866e-09,1.21167863234545e-08,3.69970108710972e-09,9.20787487903236e-13
