"","glmGamPoi (Pb)","edgeR (Pb)","limma (Pb)","glmGamPoi (cell)","Nebula","Devil (base)","Devil (mixed)"
"1",0.0178555346271033,0.0385382610664603,0.0196373870259837,2.66984180295896e-23,1.25063447885459e-23,3.6665477993091e-23,1.21401306333176e-24
"2",0.123383584246885,0.192271850809941,0.187091334457214,3.80599764922118e-12,3.9623194334516e-12,4.97289295851332e-12,9.65801371292581e-52
"3",0.0631379871613684,0.11050257744474,0.0451282400623512,3.68604193307625e-14,5.69250487995746e-15,3.94504356555863e-14,4.22793453970519e-20
"4",0.373939668096012,0.314559363577407,0.373207987820113,0.00254578056574646,0.00274345723530175,0.00259592175538283,0.0171693870752717
"5",0.131365816460866,0.152756354823989,0.0883518584274642,2.6525836198197e-25,1.29933269373418e-26,2.73144937704691e-25,1.56493740848478e-85
