"","glmGamPoi (Pb)","edgeR (Pb)","limma (Pb)","glmGamPoi (cell)","Nebula","Devil (base)","Devil (mixed)"
"1",0.276978358032482,0.305678272904936,0.287682954410226,6.37137824277542e-07,9.15025349816645e-08,6.39302931604409e-07,2.53665055079623e-19
"2",0.0355530295983702,0.109103114857689,0.0539871143358333,4.35965651667571e-08,8.73106124205479e-08,4.59773543679126e-08,7.95184400365715e-23
"3",0.044297432799626,0.0891166816771514,0.0305457948799285,5.71058705105908e-08,9.83626182299518e-08,5.94875192997157e-08,2.8811295404088e-54
"4",0.107471879155242,0.126696830754784,0.141288968737315,1.69503678273267e-05,1.67631311333989e-05,1.7276762045293e-05,0.0413884906909575
"5",0.00486207901031965,0.00573286485403364,0.00271820735115227,2.71462397293992e-06,2.28593738374208e-06,2.95844561233252e-06,2.08714730108833e-07
