"","glmGamPoi (Pb)","edgeR (Pb)","limma (Pb)","glmGamPoi (cell)","Nebula","Devil (base)","Devil (mixed)"
"1",0.0945937894030917,0.201063936599846,0.135457032431228,1.99596360643413e-07,3.74755561373636e-07,2.04942354725348e-07,0.000118069595501027
"2",0.075768331769188,0.165643458815791,0.0434970431231846,9.99440977006877e-05,0.00011256958858023,0.000103086195190072,1.6251246729713e-08
"3",0.0924616525808241,0.153673273959413,0.0905754862811777,5.05586422204854e-08,5.97988813566579e-08,5.40099292965512e-08,9.62680154034243e-11
"4",0.0105318532710188,0.0303259738347182,0.0164602756768406,5.26315984201964e-13,2.11490601634719e-13,5.55145672908687e-13,5.62735150637208e-07
"5",0.152637366892714,0.184615405579535,0.232597087147418,3.42792610956752e-14,1.50618038430269e-14,3.0256515027163e-14,2.1119868107472e-14
