"","glmGamPoi (Pb)","edgeR (Pb)","limma (Pb)","glmGamPoi (cell)","Nebula","Devil (base)","Devil (mixed)"
"1",0.00146567031418155,0.0108635968411634,0.00140980041356239,9.99174657437532e-16,1.29900093840121e-15,1.61250124406685e-15,9.54706327033302e-16
"2",2.84305720458253e-06,0.00022286066728902,4.03862187315413e-06,1.64096235119461e-48,2.45736892751252e-49,5.1969822645079e-48,3.05427763024414e-48
"3",0.00596493974651359,0.0183006633107059,0.00207865488031367,1.22897260882189e-17,4.32057590236489e-18,1.18425674511936e-17,2.33284609134329e-29
"4",1.56204455627828e-05,0.000539858058583896,1.40974013321245e-05,3.35271545030332e-34,1.00136243306825e-34,5.06989342594725e-34,1.80462128754323e-67
"5",1.60005001802828e-06,0.000231187604175781,1.34600018691742e-05,4.91178959886095e-24,5.22548292613166e-24,1.01418627097725e-23,2.81422983896107e-29
