"","glmGamPoi (Pb)","edgeR (Pb)","limma (Pb)","glmGamPoi (cell)","Nebula","Devil (base)","Devil (mixed)"
"1",0.0182403854002144,0.0481976919374994,0.0217144122611027,8.16219591170336e-20,1.02650714866005e-20,9.96693107387667e-20,1.1558815772413e-24
"2",0.000249517965133637,0.0125439655886268,0.000881472104922069,1.744534986257e-09,1.32582359237762e-09,1.90583237923612e-09,1.3811179442064e-17
"3",0.00384515063525684,0.00777037686004768,0.00648160040196278,1.52277897164395e-08,4.77322764761716e-09,1.66784209019415e-08,2.72552141016501e-12
"4",1.48419095939019e-05,0.00171613188967352,5.41916921057831e-05,5.47333716135919e-19,2.64884043406065e-19,7.42467122857869e-19,3.90345455972581e-33
"5",0.000218748637625854,0.00262154600907608,0.000622789683437916,6.44267541153885e-19,1.53794092676925e-20,7.60040155107614e-19,4.38133659081258e-14
