"","glmGamPoi (Pb)","edgeR (Pb)","limma (Pb)","glmGamPoi (cell)","Nebula","Devil (base)","Devil (mixed)","glmGamPoi (fixed)"
"1",2.06470278706587e-08,8.70873087446484e-05,2.88747561651011e-08,3.11221957695383e-43,4.55440940112484e-44,6.0461931074101e-43,1.28489732823474e-49,NA
"2",0.00773330262219922,0.0253372969383823,0.0160759710062214,1.35935752463433e-62,1.36609392044227e-61,2.59238110231539e-62,3.42947488085827e-100,NA
"3",0.00734627901081859,0.0169747586137499,0.0157857639620302,1.52669115951679e-27,1.08113318485424e-29,6.00709014348932e-28,3.263902919648e-16,NA
"4",9.81308262159677e-08,0.000176870827388604,2.47463031732978e-07,2.41976537567008e-26,3.68393344982868e-27,3.5594192843709e-26,6.29558161228822e-49,NA
"5",0.000226400666600327,0.00378994122945604,0.000253287697912646,7.34367654947856e-42,1.37187500365316e-42,1.39292707634801e-41,2.74852840400678e-41,NA
