"","glmGamPoi (Pb)","edgeR (Pb)","limma (Pb)","glmGamPoi (cell)","Nebula","Devil (base)","Devil (mixed)"
"1",0.959471650114498,0.988931257617852,0.791621593947104,0.00120667247909646,0.00126155627480436,0.00130287906678848,7.66222748239007e-05
"2",0.149246715400473,0.224095937857024,0.0446772875676697,1.17605257787546e-10,1.08470343266552e-10,1.35740039633106e-10,3.84843679453942e-23
"3",0.306560380260865,0.305834954902529,0.312383661594126,1.20268297961764e-07,2.04673658885642e-07,1.39722601500866e-07,2.1259830002513e-28
"4",0.0460974713374921,0.0813428562213244,0.0142927152260669,3.71750305405177e-13,3.56930220672207e-12,4.1931915528619e-13,4.81052169971488e-08
"5",0.336747052757528,0.278378426036315,0.411903635263531,0.0149614915349156,0.0153200880840776,0.01556825197422,0.0270210757454279
