"","glmGamPoi (Pb)","edgeR (Pb)","limma (Pb)","glmGamPoi (cell)","Nebula","Devil (base)","Devil (mixed)"
"1",0.105592344765928,0.135658660354901,0.0938974662857842,3.60685003104347e-06,1.43569782038679e-06,3.49742116103754e-06,9.63229667330732e-50
"2",0.00424838645152818,0.0143304372282063,0.00456856345058878,7.79891605542944e-27,1.06346912554276e-27,1.6500543359211e-26,1.00793155800369e-23
"3",0.0521484543840668,0.11843909821168,0.0548683844366609,1.37652889138996e-10,1.43996728530345e-10,1.47042109240167e-10,2.44993438449295e-12
"4",0.0751587130018289,0.111577444439646,0.0898593655613386,2.06565712636741e-06,1.96992227863331e-06,2.08372738374404e-06,3.87712987280433e-07
"5",0.0755295940410977,0.128870922046513,0.0716415451314606,0.000839614846469344,0.000680512515664121,0.000823329475281953,0.00216652325270419
