"","glmGamPoi (Pb)","edgeR (Pb)","limma (Pb)","glmGamPoi (cell)","Nebula","Devil (base)","Devil (mixed)","glmGamPoi (fixed)"
"1",0.283284268828019,0.310423113531257,0.340236903033149,3.870784103101e-08,2.74112800996978e-08,4.2267666853698e-08,2.84426702270742e-24,NA
"2",0.102244341570498,0.126843391239285,0.115072826639828,1.10394737475393e-16,3.3491369753055e-17,1.33279693287752e-16,3.40753323240423e-55,NA
"3",0.0346764878284608,0.0508031011539442,0.0255092473020938,9.51470306168511e-18,5.2294450721108e-18,1.35070242237105e-17,6.80539007151592e-213,NA
"4",0.071793270080562,0.107897416551067,0.076105581997215,1.95890783625258e-08,2.94699405504854e-08,2.1543744875144e-08,3.54644521303922e-20,NA
"5",0.0868294901710217,0.120382867749345,0.0983800975433586,7.94402488068915e-19,3.0962596980793e-19,9.34010000492758e-19,2.57468362807658e-80,NA
