"","glmGamPoi (Pb)","edgeR (Pb)","limma (Pb)","glmGamPoi (cell)","Nebula","Devil (base)","Devil (mixed)","glmGamPoi (fixed)"
"1",0.00025799053927556,0.00445447347855312,0.000320346696000658,3.34963417062237e-14,2.37759605958883e-15,3.92259490725598e-14,2.41298290969546e-21,3.23729413648095e-15
"2",1.52492400805135e-06,0.00109594137137314,1.23393438188965e-06,3.34575050185904e-32,1.00319751571879e-35,5.138645319564e-32,4.83633766307268e-26,2.05585426669162e-35
"3",0.0269116306290495,0.0478232926699628,0.0150801246153785,8.28363421287308e-11,7.70037129634258e-12,9.03178445607431e-11,1.77050886488368e-16,4.09628407201662e-12
"4",0.0157290841773588,0.0298937267975144,0.0131488199511596,6.78947128547384e-14,2.78659466739216e-15,6.69720567171087e-14,3.19926423720899e-14,1.11098533883301e-14
"5",2.69084476451867e-05,0.00348013050104258,5.25131923186534e-05,1.39387745748739e-20,3.98648454264736e-23,1.57264814785819e-20,1.99352118759128e-27,7.8911043776371e-23
