"","glmGamPoi (Pb)","edgeR (Pb)","limma (Pb)","glmGamPoi (cell)","Nebula","Devil (base)","Devil (mixed)"
"1",0.0498865618046145,0.0732277363296285,0.129997839690277,1.3880204214186e-09,2.46482523913831e-09,1.65817445864706e-09,4.433690143243e-06
"2",0.125555383855138,0.169727614322543,0.15477438208709,1.51171206559292e-17,1.40542251714016e-17,1.80493587368593e-17,5.46800517750475e-15
"3",0.206749471636786,0.23633243040058,0.241718060288686,3.08396971148892e-11,1.86071305380402e-11,3.42830605028197e-11,1.11919388618573e-27
"4",0.117633273829289,0.147495683564231,0.113217448369904,3.62919855671283e-22,3.99827817434603e-23,4.93263663823816e-22,1.34691201349309e-40
"5",0.0629443761504746,0.0969095584002932,0.0636750620926498,1.0075766439477e-11,1.40587608924777e-11,1.20458734814458e-11,3.71730420635793e-18
