"","glmGamPoi (Pb)","edgeR (Pb)","limma (Pb)","glmGamPoi (cell)","Nebula","Devil (base)","Devil (mixed)"
"1",0.0641237515465854,0.0937242112452886,0.0628144649202393,1.62606663825878e-12,2.36349137652552e-12,2.01958461470275e-12,7.40790918660001e-46
"2",0.0244453276213181,0.0634723437529598,0.0335606085243257,6.14419374811126e-06,6.95302302938672e-06,6.09463499180881e-06,2.10070035469425e-15
"3",0.339324105133756,0.385850331677376,0.514068071466483,0.00398429131248,0.00929101447524697,0.003883777562164,0.00563070939200279
"4",0.100227325704825,0.139137615805976,0.124731037239661,1.3012550519608e-07,1.19693768208794e-07,1.49896172370742e-07,1.6210524103522e-15
"5",0.132995321108834,0.172369648188871,0.145557855190224,7.44976683060076e-11,2.34883133267863e-11,9.69076727828437e-11,7.17275589917309e-07
