"","glmGamPoi (Pb)","edgeR (Pb)","limma (Pb)","glmGamPoi (cell)","Nebula","Devil (base)","Devil (mixed)"
"1",0.200637477244989,0.24879628977671,0.200436473131535,2.83579800909487e-11,2.06320175409585e-11,3.0662795697359e-11,1.0056729022187e-20
"2",0.0394048017460437,0.0639576794587032,0.0306502463172598,6.02155499189692e-110,3.40754727457494e-116,1.2789135464323e-109,2.45062656819352e-167
"3",0.110058893361208,0.163781530082694,0.130750072259321,7.4543124949935e-105,1.45152964669269e-117,3.57050173074904e-105,1.08645159734067e-278
"4",0.00489425179444116,0.0177072138719494,0.00606556568250316,7.47701910924023e-87,6.95061912744121e-89,2.51474473708228e-86,7.84179804785204e-63
"5",0.0517151603732065,0.105145003863416,0.0419247367803442,2.75855156957529e-59,7.55988515852357e-62,4.12418437653124e-59,3.04909543359414e-30
