"","glmGamPoi (Pb)","edgeR (Pb)","limma (Pb)","glmGamPoi (cell)","Nebula","Devil (base)","Devil (mixed)"
"1",0.000361388210049903,0.0022679526057145,0.000384518953008709,5.83508618181489e-95,1.27737058072031e-103,1.32176651233571e-95,2.04733143677318e-198
"2",0.035383619213606,0.0713227128783714,0.0381803144915372,9.99308778094062e-09,6.5553620902242e-09,9.7125162980716e-09,9.18756412265289e-08
"3",0.00224586873435434,0.00720042918280004,0.00206795362650059,1.01265568394011e-13,6.4403806280001e-14,1.52623127443267e-13,2.30333280231443e-131
"4",0.054925280983305,0.0861361233620545,0.0779407395477536,1.24180675022611e-15,3.06651041291634e-16,1.80912208970215e-15,1.3848212486761e-84
"5",0.0050525713634489,0.0196638287932465,0.00540679545471113,6.94612463026949e-11,2.29107141787645e-11,6.62104797590214e-11,1.73824799720072e-08
