"","glmGamPoi (Pb)","edgeR (Pb)","limma (Pb)","glmGamPoi (cell)","Nebula","Devil (base)","Devil (mixed)"
"1",0.381746887813753,0.431740560663364,0.397479727221668,4.49060870914571e-11,6.49184551911294e-13,4.3973946582952e-11,2.81957769709994e-31
"2",0.00824046467629825,0.018038137989357,0.00633343433950388,1.30566464570497e-11,2.54322447925779e-11,1.48385934633321e-11,1.66604998055632e-28
"3",0.0579306185150023,0.084920765273195,0.0708655923600573,1.46895321907864e-13,9.31124505391792e-14,1.80322018555246e-13,7.55937119020494e-15
"4",0.00307549086742446,0.00931358854610613,0.00242299021515052,1.85438564386315e-45,1.21567946518352e-46,3.19564215821736e-45,0
"5",0.0716206198210175,0.115080594886392,0.0631740524592102,0.000540776829740902,0.000426237832553897,0.000551495960409287,0.00815271874815315
