"","glmGamPoi (Pb)","edgeR (Pb)","limma (Pb)","glmGamPoi (cell)","Nebula","Devil (base)","Devil (mixed)"
"1",0.0319058432819701,0.040476978482855,0.0267894842793637,6.78932577707966e-10,5.61049026927399e-10,7.79424223224596e-10,1.55402391895082e-25
"2",0.0101684507666481,0.106047980640839,0.00595545573482703,5.77787305382732e-23,4.93691934440198e-23,8.49110203761621e-23,1.08347830717275e-253
"3",0.0566902910405339,0.0924344573380111,0.0297364544617405,1.15881883256195e-20,5.12913607091849e-22,1.40574583522309e-20,1.75250893769492e-25
"4",0.0828007538886872,0.217306175252753,0.0381371939673842,8.69634125069994e-05,7.54149434010881e-05,9.09436408615531e-05,2.80824348935464e-36
"5",0.164624843069642,0.199921884536859,0.0805168086308127,1.00368046919303e-06,3.35865165312026e-07,1.10557489290449e-06,9.24081601900341e-07
