"","glmGamPoi (Pb)","edgeR (Pb)","limma (Pb)","glmGamPoi (cell)","Nebula","Devil (base)","Devil (mixed)"
"1",0.509435455242294,0.539176472874506,0.341789920535503,6.95736454858796e-08,2.34164351943091e-09,7.73792838435088e-08,2.26606031913202e-12
"2",0.167740635902875,0.203824492105449,0.17764876148187,7.19216212058043e-07,9.0672378179128e-06,7.53675763603965e-07,9.88961251443006e-05
"3",0.040272689356427,0.0555192672717647,0.0251917950967161,3.94911392556546e-10,3.60032192100048e-10,5.31399177415269e-10,1.04310223259535e-10
"4",0.0335469001846303,0.0623474610467313,0.0189249458600252,7.98199799212431e-20,1.27507154057872e-19,9.79711293618658e-20,2.20155624477876e-53
"5",0.287056264345044,0.428660431725004,0.199548561938019,0.000316584599649095,0.000340995076615238,0.000336211346976351,1.35240113223932e-18
