"","glmGamPoi (Pb)","edgeR (Pb)","limma (Pb)","glmGamPoi (cell)","Nebula","Devil (base)","Devil (mixed)"
"1",0.0733573412956866,0.113512316634688,0.0626728983588866,6.82160590662966e-09,1.60919777393932e-09,6.9051184187938e-09,3.05651971418032e-08
"2",0.239197206178037,0.26799723848768,0.264265593533381,3.42675816548494e-07,4.55330957846822e-07,3.70090274297997e-07,2.64174098853734e-310
"3",0.395322414139833,0.438798620245787,0.223292635186306,0.000458947521500928,0.000410499555131421,0.000458730431294052,6.8940981351417e-06
"4",0.334306184833663,0.346715801322097,0.386441715282399,1.33521304547595e-05,2.22389347183368e-05,1.37249504305742e-05,3.76253469857001e-177
"5",0.241683943260622,0.283363776331434,0.162823170841044,1.90299795192753e-11,1.60409340625047e-13,2.33812024251838e-11,4.8799761826987e-14
