"","glmGamPoi (Pb)","edgeR (Pb)","limma (Pb)","glmGamPoi (cell)","Nebula","Devil (base)","Devil (mixed)"
"1",1.3880089581477e-06,0.000720069984245486,3.66931680392963e-06,9.36666429864471e-29,3.6596508268965e-29,1.11655013814859e-28,2.59383065662823e-26
"2",3.25336034732026e-07,0.000673470716997033,1.80633889205772e-07,3.22745775755077e-32,1.71078367453834e-37,2.50099853432511e-32,5.94274125323408e-16
"3",3.81427116953759e-05,0.00722727460964372,1.6209845544404e-05,3.15360580156355e-14,2.51433789121976e-16,3.43976805398737e-14,3.82379017040489e-12
"4",0.0211362776626854,0.059313455937126,0.00482006957665378,2.46831569468669e-05,7.03896604961279e-06,2.658424354712e-05,1.70602098215078e-06
"5",2.48626809453896e-08,8.63703158303384e-05,1.10483812565108e-08,4.11522155788512e-42,9.67685635374827e-49,2.07337462208249e-42,9.94264677595965e-25
