"","glmGamPoi (Pb)","edgeR (Pb)","limma (Pb)","glmGamPoi (cell)","Nebula","Devil (base)","Devil (mixed)"
"1",0.0124487415226342,0.02141515529299,0.0120204181490057,2.6535746192182e-50,1.92288924013081e-55,1.78637058392835e-50,3.20424124092422e-37
"2",0.00678073709585185,0.0528794180148153,0.00644066922994738,1.1206147792031e-24,1.56885264505622e-25,1.55010778278348e-24,2.62528681701196e-26
"3",0.000374076110287578,0.00130592921590562,0.000791990142823799,1.67048699753939e-22,1.9607625663237e-23,2.23689706840749e-22,3.65874397694062e-101
"4",4.42130493998197e-06,0.00136279840486113,1.74374914812149e-06,6.51536097333488e-131,4.17297861003304e-149,6.46947986183272e-131,4.34834498381858e-235
"5",4.5183630458625e-06,0.00112191271804726,4.4153190873907e-06,3.58924433303719e-49,8.67318834647268e-51,5.83190624559422e-49,1.20401694008937e-85
