"","glmGamPoi (Pb)","edgeR (Pb)","limma (Pb)","glmGamPoi (cell)","Nebula","Devil (base)","Devil (mixed)"
"1",0.00122373808433761,0.011850502057418,0.000864795857162681,9.84608906819176e-38,2.46907548738227e-40,2.10285826827391e-37,2.0873512614613e-39
"2",3.54179043245389e-10,1.56750596296904e-06,6.96737722321495e-10,2.25703722716888e-88,3.67818130470511e-96,1.61882110355668e-87,2.35339544436574e-64
"3",0.000405773264150672,0.00434209035995642,0.000750533306476833,7.95812999223986e-86,1.25316221331479e-97,3.13453058363049e-85,1.02577219277635e-74
"4",0.0163778038451414,0.0298355984245036,0.0237167328877008,8.65440664598865e-22,1.36050546693224e-22,7.66165323133674e-22,1.20601990832101e-86
"5",0.00108318857739215,0.00524631710737678,0.00253842059848995,4.25178553157487e-34,3.14813810904754e-34,1.24069389884707e-33,6.63362422250827e-40
