"","glmGamPoi (Pb)","edgeR (Pb)","limma (Pb)","glmGamPoi (cell)","Nebula","Devil (base)","Devil (mixed)"
"1",0.00010843770168015,0.00666622457519893,6.85084085893239e-05,6.57519952757009e-16,1.63923966803852e-15,8.02401955236544e-16,1.38620820538136e-16
"2",0.0955468769425495,0.106746040898009,0.152192126393752,3.57592172211882e-06,5.69869089822814e-08,3.56376118245628e-06,0.000359541351075741
"3",2.9460031771497e-05,0.000692534884500323,5.60597993390817e-05,1.51795911203423e-22,2.30737294024865e-23,2.05295968311219e-22,6.21316271266626e-25
"4",0.000401684305410169,0.00795949546888742,0.000306878798381455,1.97557164981914e-47,8.89770021203356e-56,1.79592630453863e-47,4.8871229341448e-71
"5",0.0762137603675151,0.124859478970873,0.0513377543804088,4.12690784433276e-10,1.2103157930167e-11,4.38651086111274e-10,6.52043139402282e-14
