"","glmGamPoi (Pb)","edgeR (Pb)","limma (Pb)","glmGamPoi (cell)","Nebula","Devil (base)","Devil (mixed)"
"1",0.128688413804784,0.201178123601713,0.176764049313949,2.54990308245097e-06,8.2594838568025e-06,2.60084178904618e-06,4.97289765355844e-05
"2",0.110045840303352,0.144056291267228,0.109995506297208,2.51240432473397e-07,1.17166475285386e-07,2.6277851150086e-07,1.44175170857656e-10
"3",0.000226952441120008,0.00234674243567065,0.000594425975499337,5.94465808014378e-13,5.50882813918548e-13,7.38006411556767e-13,6.73450562969045e-18
"4",0.00300509716369371,0.0179369718047635,0.00147425910753103,1.48862760173527e-10,1.86614743665006e-11,1.62244883982489e-10,2.33137872559853e-10
"5",5.71804530361092e-05,0.00130363433837862,6.99813936919854e-05,3.95057446670609e-35,3.01282825301981e-38,3.99891646249876e-35,5.8867918000848e-34
