"","glmGamPoi (Pb)","edgeR (Pb)","limma (Pb)","glmGamPoi (cell)","Nebula","Devil (base)","Devil (mixed)"
"1",1.27941814670362e-05,0.0010707401756761,2.95979514882958e-05,9.46790369719584e-30,5.82684870403717e-29,1.21285818272958e-29,5.03574560938263e-35
"2",0.000118119493477419,0.00316190508005867,0.0001871936502357,2.17901238758668e-37,4.54151887523608e-38,3.08114771386059e-37,1.33875483257641e-52
"3",0.000309445990183299,0.00307335236339894,0.000689641664987513,2.93199558787111e-34,5.34354222740107e-35,2.30938351012997e-34,1.19685462026154e-63
"4",0.00329382403380006,0.0190509015730094,0.00390706587843627,9.20121364557789e-23,4.35363213359727e-25,9.76091736600638e-23,3.67821683378336e-09
"5",0.000430705929268037,0.00498201103820201,0.000756265551992611,2.37531892780918e-12,2.39381430938163e-12,2.33624587780187e-12,2.20333360489576e-17
