"","glmGamPoi (Pb)","edgeR (Pb)","limma (Pb)","glmGamPoi (cell)","Nebula","Devil (base)","Devil (mixed)"
"1",0.00306512548604655,0.00597070834075525,0.00261204214213479,1.82853844905481e-48,6.89950289026447e-51,1.4863805190075e-48,5.0117870281433e-76
"2",9.50725265494364e-05,0.00962961290039088,0.00551801568330636,4.1951210217361e-33,1.76544182777374e-33,5.60603866772875e-33,7.88002630710224e-43
"3",0.000186647237997601,0.00469486710418885,0.000535642891950271,3.46831342542609e-28,1.30753947590557e-28,4.65205061337921e-28,3.13159563081431e-39
"4",0.00497441060682746,0.00466152490093247,0.0217245071555747,7.30569662249021e-17,5.20338943824698e-17,5.92334141402572e-17,2.54425730292568e-15
"5",0.000325266184161248,0.00605224896823841,0.000360508271226109,2.47149335235094e-75,7.56498533790178e-83,3.24089489418569e-75,5.66361993849477e-80
