"","glmGamPoi (Pb)","edgeR (Pb)","limma (Pb)","glmGamPoi (cell)","Nebula","Devil (base)","Devil (mixed)","glmGamPoi (fixed)"
"1",0.0423722119806641,0.0725713810235888,0.00405321100864588,4.65633167143031e-17,3.40865845352609e-19,3.88595287988506e-17,1.09408239339343e-14,NA
"2",0.38506348152508,0.438308291825399,0.631263185095379,1.93219755009447e-07,6.95558485799859e-10,1.29462427008141e-07,4.71316482146119e-12,NA
"3",0.00925155565645414,0.0148053778914419,0.00380181437724104,4.47436412119032e-15,7.87661346943704e-14,5.14954434520619e-15,5.53245688288484e-10,NA
"4",0.000976956969110156,0.00649305066122002,0.00256285558522108,2.87869265327176e-12,4.05823006183401e-12,3.14555804893964e-12,2.65339449559364e-16,NA
"5",0.0659619551219854,0.109819889320661,0.146032927612502,3.34226050722334e-14,1.62494557246336e-13,3.39592416221637e-14,1.91003537114264e-16,NA
