"","glmGamPoi (Pb)","edgeR (Pb)","limma (Pb)","glmGamPoi (cell)","Nebula","Devil (base)","Devil (mixed)"
"1",0.0209297448190914,0.0448858692365526,0.0212161351073387,2.93496329484039e-30,3.89357011822616e-31,3.55179183270883e-30,3.18126789964971e-71
"2",0.167287913188531,0.206518402470556,0.206205731422102,3.55545810692321e-21,1.20846859774631e-20,3.89200100653827e-21,4.56835303879589e-53
"3",0.103502350882453,0.157656018698445,0.140200774590794,1.47919698408655e-16,2.78043713082591e-16,1.71703146899614e-16,5.52852259500519e-52
"4",0.0225322631102526,0.0514600306843505,0.0231213975706661,8.04000179290602e-82,4.08606133438073e-83,1.38582803424654e-81,8.32844408437047e-192
"5",0.0206237537512317,0.0362617851011615,0.0226309224006924,4.65191069475506e-20,3.48436397938224e-20,6.55736715784041e-20,1.28727090264277e-25
