"","glmGamPoi (Pb)","edgeR (Pb)","limma (Pb)","glmGamPoi (cell)","Nebula","Devil (base)","Devil (mixed)"
"1",0.000367266660531249,0.00237500909053917,0.000186484115479471,2.08055846239701e-19,1.32265995586931e-19,2.36114835236223e-19,5.32435325171137e-40
"2",0.000682502712744776,0.00269753773195335,0.000913350271475626,6.29838209721015e-12,5.28290062832081e-11,7.62597488484019e-12,4.60176803456426e-13
"3",0.0014559188642785,0.00618981649166325,0.000807722632545693,1.97460808205499e-19,7.95188927398215e-19,2.58201690820263e-19,1.97042320742868e-15
"4",0.00541774120321617,0.0123654077525846,0.00728613973443369,3.75095988710626e-07,9.96342570428343e-07,4.13440652415303e-07,2.13788457189071e-08
"5",0.0111679767353983,0.0343845418607301,0.0137939514558513,1.0990171606105e-32,1.86943309195841e-38,9.9082216129968e-33,5.37367241169052e-81
