"","glmGamPoi (Pb)","edgeR (Pb)","limma (Pb)","glmGamPoi (cell)","Nebula","Devil (base)","Devil (mixed)"
"1",0.000320124297489049,0.0259616602356864,0.00120447269373361,1.13814972213262e-20,4.86628685609414e-21,1.29128932773749e-20,4.91277602048195e-17
"2",0.000133429014110757,0.00301113778977892,8.51864791541352e-05,1.18309869755164e-19,3.04748637802957e-19,1.40681426415668e-19,6.04339647917189e-20
"3",4.47116815980906e-05,0.00155941948486835,3.67012497302482e-05,2.0211438892707e-31,9.38603403151065e-32,2.88671605086276e-31,4.70187954748246e-71
"4",1.52554912848313e-05,0.000478081025821433,2.15204228368909e-05,1.08660460173441e-39,8.4175522584928e-41,1.12512242515634e-39,4.13765286580016e-79
"5",0.0048835682866316,0.0165384250060427,0.0039805737908568,4.80738334356561e-29,1.43002032648814e-29,4.88922251533053e-29,2.27636580347722e-43
