"","glmGamPoi (Pb)","edgeR (Pb)","limma (Pb)","glmGamPoi (cell)","Nebula","Devil (base)","Devil (mixed)"
"1",0.0589229529807059,0.091579921209319,0.0375610782813271,1.70192130786912e-19,1.19530907064516e-20,2.13348116520742e-19,2.8444708801121e-33
"2",0.222202289476598,0.258214606628615,0.153269472603641,1.15252918216586e-06,3.681492348658e-07,1.18853648319431e-06,6.37856448296156e-30
"3",0.0346593938395332,0.0851507737345679,0.0307756637072072,3.25272846120952e-09,2.79347100196617e-09,3.84279645015076e-09,3.59317239858101e-76
"4",0.0147062926340003,0.0228433151484354,0.015581042320653,1.18155020375655e-07,7.8000099546235e-08,1.31397271257384e-07,6.14037956254999e-10
"5",0.634818926809867,0.897774183665191,0.898007095063944,0.256844698819979,0.336215903746791,0.257594125106398,0.152682008247224
