"","glmGamPoi (Pb)","edgeR (Pb)","limma (Pb)","glmGamPoi (cell)","Nebula","Devil (base)","Devil (mixed)"
"1",0.00011974819159256,0.00323367049739633,0.000110887663446982,2.55874887465709e-45,1.54776837138161e-45,2.14343933882657e-45,9.13868078820002e-42
"2",3.08965801778166e-05,0.00267966644463341,3.45236405358949e-05,2.47895449357505e-41,2.30633131319052e-42,2.11856215776433e-41,2.29923930669805e-88
"3",6.42731385659835e-14,1.28941259202807e-07,5.17100934003844e-14,0,0,0,0
"4",0.020973147490266,0.0450164507412853,0.0285770080585472,1.00302110004879e-68,2.19068172516146e-75,7.08673645080379e-69,2.86769879346283e-141
"5",5.83192291636533e-07,0.000281087995064184,1.07678289684565e-06,1.5895213933141e-264,1.49231019725191e-287,3.9341564135735e-263,0
