"","glmGamPoi (Pb)","edgeR (Pb)","limma (Pb)","glmGamPoi (cell)","Nebula","Devil (base)","Devil (mixed)"
"1",0.0641237515466314,0.0937242112452886,0.0628144649202389,1.62606664057085e-12,2.36349137652552e-12,1.81976077628511e-12,5.9808174187257e-46
"2",0.0244453276213235,0.0634723437529598,0.0335606085243229,6.14419375403871e-06,6.95302302938672e-06,6.48902205339422e-06,2.63812493005319e-15
"3",0.339324105133941,0.385850331677376,0.514068071466485,0.00398429131401367,0.00929101447524697,0.00406751870926144,0.0059457905508917
"4",0.100227325704913,0.139137615805976,0.12473103723966,1.30125505304167e-07,1.19693768208794e-07,1.38462557827076e-07,1.45799508502096e-15
"5",0.132995321108939,0.172369648188871,0.145557855190225,7.4497668410503e-11,2.34883133267863e-11,8.54725173652734e-11,6.48178329969026e-07
