"","glmGamPoi (Pb)","edgeR (Pb)","limma (Pb)","glmGamPoi (cell)","Nebula","Devil (base)","Devil (mixed)","glmGamPoi (fixed)"
"1",0.0766040135466429,0.106560063790279,0.0729141132614132,8.59868779137331e-14,2.1082356620003e-18,9.83603415012197e-14,1.6262224171693e-14,NA
"2",0.047269714694336,0.0863140929111111,0.0487758281795807,3.73191096404276e-14,4.46837096022167e-17,3.05295787296428e-14,3.54973835547565e-08,NA
"3",0.0269809395078456,0.0514912712223924,0.035529397798211,1.23869165779676e-08,9.00310065871166e-09,1.59284135917498e-08,5.43822852100287e-17,NA
"4",0.290217909188471,0.351740275358651,0.238538588419777,0.0016844392887204,0.00170127944156398,0.00178231745151983,2.97963932385047e-14,NA
"5",0.0971611976821777,0.126837326311563,0.0880362023093928,0.000709759652981041,0.000484211952866763,0.000797018271961964,1.05823441150013e-10,NA
