"","glmGamPoi (Pb)","edgeR (Pb)","limma (Pb)","glmGamPoi (cell)","Nebula","Devil (base)","Devil (mixed)"
"1",0.0244795918962904,0.037171065614858,0.018116666197429,1.14570070332988e-26,8.8325908136159e-27,9.37428465589266e-27,2.41811217364309e-57
"2",0.00610018027649702,0.0291300034516383,0.00912645742532655,1.17967967744542e-20,9.89268016625283e-21,1.87305757968439e-20,1.43012566871118e-32
"3",0.160327151033497,0.221760870193589,0.133043090719203,9.18952685554561e-06,1.10820026341352e-05,1.08148299017989e-05,2.13003483699264e-10
"4",0.0166091596789732,0.0330617681291737,0.0363077651884163,1.31635305956808e-05,1.37857780513252e-05,1.60558407499895e-05,2.15193060452185e-14
"5",0.00810500902904474,0.0200802986561434,0.00785479252869688,3.28006680675359e-48,9.46593935177e-49,1.73449799421794e-48,2.46104879389522e-237
