"","glmGamPoi (Pb)","edgeR (Pb)","limma (Pb)","glmGamPoi (cell)","Nebula","Devil (base)","Devil (mixed)"
"1",0.258077102093467,0.282448969317664,0.217896278857008,0.00581309568414395,0.00489937277434452,0.00594323247722336,1.3270733812547e-06
"2",0.0842807128019479,0.10060870985206,0.0885130732276053,2.24454253664345e-07,1.5216402137101e-07,2.11087981823852e-07,1.2784425200937e-45
"3",0.212330809917687,0.253558924603793,0.200903938079525,1.9213908490428e-14,3.92055511490255e-16,2.0482662960046e-14,8.09815278959693e-90
"4",0.0223903902087712,0.0447966305487282,0.0206702226094647,4.11881887796596e-08,5.14676110614069e-08,4.81201919261194e-08,8.23655838877551e-144
"5",0.197126057451643,0.265233949145136,0.148542541221209,2.07113061073567e-07,1.18404999842479e-07,2.12309321398955e-07,1.97813053694988e-06
