"","glmGamPoi (Pb)","edgeR (Pb)","limma (Pb)","glmGamPoi (cell)","Nebula","Devil (base)","Devil (mixed)","glmGamPoi (fixed)"
"1",0.0262509642872977,0.0529748472873484,0.0261952529581143,0.00188110676126461,0.0012932501823646,0.00196399106792255,2.05955997291798e-08,NA
"2",4.93141907434496e-05,0.00553171558645065,0.000200411704269044,2.13806349029587e-08,6.39871664148685e-09,2.38305673867723e-08,1.6783611811471e-14,NA
"3",0.0196360229520428,0.0413651134665741,0.0532822440647999,8.60814834310692e-05,6.60220534294071e-05,9.0556582265356e-05,0.00152275683105239,NA
"4",0.00058008477500031,0.0112039262673694,0.000986124692468684,0.000120979899398538,0.000171857233016383,0.000127989080928799,0.000133360777387173,NA
"5",0.0299775115246102,0.0441643516628857,0.0110500693980155,0.00141609556411131,0.00125430472753323,0.00147000161193503,0.00293036999974535,NA
