"","glmGamPoi (Pb)","edgeR (Pb)","limma (Pb)","glmGamPoi (cell)","Nebula","Devil (base)","Devil (mixed)"
"1",0.00983036794832844,0.0405613558252299,0.00265034738660668,2.54849257091107e-15,2.66296037509991e-16,2.80542032971517e-15,1.89460278706402e-22
"2",0.00313541569842888,0.0382338957700485,0.0572548571928111,7.83155421581963e-13,2.65646817699403e-12,8.68439431055896e-13,1.05182650256737e-19
"3",8.50371567534506e-06,0.00174302466014092,1.88311975418478e-05,5.37358025353087e-13,6.1864981591317e-13,5.99340707997546e-13,1.39967311398546e-16
"4",6.25958492846023e-06,0.000537321559002991,1.61512036342745e-05,3.30528313387962e-16,2.21124360118171e-15,4.16476224122199e-16,2.54766651420109e-23
"5",3.95853327189501e-05,0.00111669728991531,3.6831316353286e-05,6.82352046813491e-75,3.91543165027775e-80,9.63328489106583e-75,2.00724209314966e-85
