"","glmGamPoi (Pb)","edgeR (Pb)","limma (Pb)","glmGamPoi (cell)","Nebula","Devil (base)","Devil (mixed)"
"1",0.105598235919412,0.162508756535294,0.107423403399186,5.78725813349445e-27,3.0007990670061e-27,6.63486017338825e-27,1.72722355609592e-09
"2",0.0376591425218394,0.0733078708900743,0.0349128519150043,1.23490071527744e-33,1.13233936015289e-33,1.68822682508189e-33,1.29911309951991e-33
"3",0.0217698288058628,0.0498383190381241,0.022898596012051,1.29916496597081e-28,5.07434499212344e-28,1.07645885566705e-28,1.07333857189255e-216
"4",0.09340295904244,0.138371896737686,0.106405845120257,9.69182048594215e-33,1.60969193229534e-32,8.572722070972e-33,8.65407193053769e-50
"5",0.114544862083576,0.156190604581862,0.0818138672164325,1.00698874692868e-08,1.49969022470412e-09,9.71122900190816e-09,0.000143487575956005
