"","glmGamPoi (Pb)","edgeR (Pb)","limma (Pb)","glmGamPoi (cell)","Nebula","Devil (base)","Devil (mixed)"
"1",0.00410416698737608,0.0106397740756721,0.0158250324763281,1.74655181902229e-10,1.69326377173647e-10,2.01607542418724e-10,4.14590419959443e-34
"2",0.00320421026611146,0.0101662030507869,0.0023448369646768,4.00719239230366e-12,3.83615699240217e-13,4.39676933357635e-12,2.95531502582337e-09
"3",0.000766640306073236,0.0125850357869092,0.00101438151534531,2.47137835049065e-09,4.30434133752361e-10,2.69148254788301e-09,5.20305810080926e-15
"4",0.00644158353630845,0.0282147921251336,0.0121845647394089,1.78093302897889e-05,1.24361463339827e-05,1.90363076716455e-05,2.88760810370571e-24
"5",0.0216298284267988,0.0628534794424497,0.127124066646378,1.89571966942932e-05,2.87727255271277e-05,2.01103032288806e-05,7.65379281726988e-06
