"","glmGamPoi (Pb)","edgeR (Pb)","limma (Pb)","glmGamPoi (cell)","Nebula","Devil (base)","Devil (mixed)"
"1",0.0589229529807059,0.0915799212093191,0.0375610782813276,1.70192131387662e-19,1.19530907064516e-20,2.35112740984151e-19,6.75756886002064e-33
"2",0.222202289476598,0.258214606628615,0.153269472603644,1.15252918484568e-06,3.681492348658e-07,1.15417090581929e-06,3.26438678194297e-30
"3",0.0346593938395333,0.085150773734568,0.0307756637072081,3.25272846906954e-09,2.79347100196617e-09,4.35932905434902e-09,4.46265878223842e-74
"4",0.0147062926340003,0.0228433151484354,0.0155810423206529,1.18155020642016e-07,7.8000099546235e-08,1.40147096701231e-07,6.51166295002495e-10
"5",0.634818926809867,0.897774183665191,0.898007095063937,0.256844698860234,0.336215903746791,0.255106861217104,0.151045589197551
