"","glmGamPoi (Pb)","edgeR (Pb)","limma (Pb)","glmGamPoi (cell)","Nebula","Devil (base)","Devil (mixed)"
"1",0.0498865618045944,0.0732277363296284,0.129997839690276,1.38802040475238e-09,2.46482523913831e-09,1.89665849055648e-09,4.69656303736548e-06
"2",0.125555383855131,0.169727614322543,0.154774382087089,1.51171203330693e-17,1.40542251714016e-17,2.39872403183475e-17,7.153130240976e-15
"3",0.206749471636779,0.23633243040058,0.241718060288692,3.08396964348833e-11,1.86071305380402e-11,3.99025607857308e-11,3.29177142493703e-27
"4",0.117633273829286,0.147495683564231,0.1132174483699,3.6291984429753e-22,3.99827817434603e-23,6.28176560782289e-22,2.60510821422185e-41
"5",0.0629443761504573,0.0969095584002932,0.0636750620926512,1.00757662940061e-11,1.40587608924777e-11,1.45680479909468e-11,3.12906357078085e-18
