"","glmGamPoi (Pb)","edgeR (Pb)","limma (Pb)","glmGamPoi (cell)","Nebula","Devil (base)","Devil (mixed)"
"1",0.066264266962963,0.11147301041418,0.0211236925906696,4.32801073073639e-07,4.81689289700399e-07,4.76862493030867e-07,6.68020344594296e-11
"2",0.210988040353935,0.22413093449791,0.209227773910749,2.09426363575092e-07,8.94126886930781e-09,2.08568023141726e-07,1.04699289018834e-34
"3",0.45175892210562,0.543096800437926,0.358010242314474,0.191562430928344,0.143340178146918,0.192006337933684,0.122670483421075
"4",0.0427773302747894,0.0918996035776498,0.0378921561279524,3.05831579532257e-05,3.15400546586624e-05,3.15645389492928e-05,9.05533690954745e-07
"5",0.345601157714918,0.345507969298223,0.226063442102101,0.00419654813126955,0.000599737781736416,0.00418392426425333,4.15983607595148e-08
