"","glmGamPoi (Pb)","edgeR (Pb)","limma (Pb)","glmGamPoi (cell)","Nebula","Devil (base)","Devil (mixed)"
"1",0.00176223450040071,0.0220096363753158,0.0172025994826357,1.39578940548491e-09,1.37724137095649e-09,1.56970995601382e-09,8.25214146741743e-18
"2",0.0523749443756345,0.0711842823052197,0.090178650712088,6.75135737011844e-07,7.12954205398045e-07,7.33777330602717e-07,2.41641780071544e-13
"3",0.267312751384567,0.253836389928528,0.21174796906805,0.0286811021590313,0.0686111060849103,0.0284768982468869,0.380386641089359
"4",0.505133108968433,0.503090321334002,0.861095007137653,0.0649920760485572,0.0370838782149607,0.0653859739609712,0.0681680674379607
"5",0.034514898870074,0.0459715106727176,0.0672210245414405,6.23391591073037e-11,4.68305689035456e-12,7.06584337456457e-11,1.59260890389359e-08
