"","glmGamPoi (Pb)","edgeR (Pb)","limma (Pb)","glmGamPoi (cell)","Nebula","Devil (base)","Devil (mixed)"
"1",0.0132321957941257,0.0312441559752886,0.0282530277030857,2.78487937239213e-09,4.35717116872681e-10,3.15806705373338e-09,2.50743373749673e-23
"2",0.442385841146651,0.501879726756334,0.501130035200876,9.48091089676391e-07,3.69432488096422e-15,8.63610429069574e-07,1.53147780124319e-24
"3",0.0997236114275422,0.122206323080142,0.0861939894313146,2.00950232785761e-12,2.05842670338302e-12,2.34887990153474e-12,7.5416232188585e-37
"4",0.169553588508649,0.214025257688102,0.209854294424642,1.74360995125129e-06,5.34484287823873e-07,1.79993505148698e-06,3.23079779279242e-08
"5",0.103745342710319,0.151564431754084,0.116988370737954,1.44762566106694e-09,1.66071012825272e-09,1.68536437154396e-09,1.11460101229997e-09
