"","glmGamPoi (Pb)","edgeR (Pb)","limma (Pb)","glmGamPoi (cell)","Nebula","Devil (base)","Devil (mixed)"
"1",0.0114980070375957,0.0280724301024541,0.0113036019670058,1.28329225764857e-27,6.94415497994395e-28,1.77456602168202e-27,3.48079466332412e-16
"2",0.0470819850177445,0.0985075008824553,0.0331618545770629,0.000378138512704077,0.000425395446167713,0.000386346759462904,8.75546167810084e-06
"3",0.0229669742464356,0.041006464209719,0.0281357831031399,9.27068858895608e-31,4.00774741684143e-30,1.00638059135192e-30,9.17415698953397e-43
"4",0.0584545775208617,0.0904461627966299,0.0614981335365,4.69829180700793e-08,8.21639561330449e-08,5.10374007399492e-08,3.81398826645608e-10
"5",0.10386255534313,0.142945676954897,0.139575433202774,0.000424374309630353,0.000493422424021905,0.000436233052634106,0.000419682884692416
