"","glmGamPoi (Pb)","edgeR (Pb)","limma (Pb)","glmGamPoi (cell)","Nebula","Devil (base)","Devil (mixed)"
"1",0.00233984642012714,0.0115002669441559,0.00181225209000576,1.37740196613458e-106,5.5472261874312e-110,4.65170103088412e-107,5.99663555000596e-95
"2",8.95865650702177e-06,0.00135454752315079,1.52647021441114e-05,4.36741527895537e-64,8.5969471781644e-66,7.62552423768818e-64,5.33939769862531e-109
"3",7.1159125036465e-06,0.000475015260725335,1.36413175740544e-05,4.56819352466914e-51,5.40901189659638e-51,6.67921466711008e-51,4.94809857623729e-88
"4",5.92696803983231e-06,0.000787459942689927,4.42052913576584e-06,8.27761394225055e-164,1.3459687439396e-168,3.64243237982988e-163,1.08354431451522e-124
"5",0.000138546378986189,0.00324418997197802,0.000159348218386142,2.18905192875375e-31,2.13482899098864e-31,2.5974107126594e-31,3.97689682573814e-31
