"","glmGamPoi (Pb)","edgeR (Pb)","limma (Pb)","glmGamPoi (cell)","Nebula","Devil (base)","Devil (mixed)"
"1",0.0305031452437642,0.0507749844170747,0.0423991326444866,2.13611296166471e-24,8.00038737151955e-33,1.68087472288052e-24,2.76419627339415e-29
"2",6.13154963470973e-08,0.000299991765283977,1.07739052169239e-07,7.17194263009036e-20,1.28196716121739e-20,9.19024823278111e-20,5.84621615414587e-17
"3",0.0252870136701433,0.0771196612119128,0.0358549357470667,2.4214506662422e-08,8.78118462274312e-09,2.25315452091392e-08,1.55729323497369e-07
"4",6.9065833276579e-06,0.00128704463301493,7.20407501892798e-06,2.01713322635863e-09,2.18136842087014e-09,2.75297226129507e-09,1.16293179400795e-09
"5",0.000490610110842934,0.00374548972807545,0.000419485091118146,4.96239293052475e-59,1.03872143677537e-59,1.94170382901127e-59,1.98570325147054e-54
