"","glmGamPoi (Pb)","edgeR (Pb)","limma (Pb)","glmGamPoi (cell)","Nebula","Devil (base)","Devil (mixed)"
"1",0.148456592482715,0.388338996030277,0.218495863442442,2.1566475808199e-08,3.22353731720397e-08,2.57624074459646e-08,5.03180980849454e-05
"2",0.000630287051527338,0.028936288239218,0.00218682686769815,7.88558006175004e-12,9.18775478762793e-12,7.68737866056412e-12,5.99069185123025e-16
"3",2.38860006160381e-05,0.00245408271618298,1.71454145661328e-05,5.16096316953242e-40,2.01406141114543e-42,9.2638386108593e-40,1.26954668928719e-42
"4",3.16362762981063e-06,0.00762707788457873,0.000463522903101042,1.35405421039173e-78,6.67221409502701e-84,3.10388694387355e-78,5.60692985072588e-71
"5",3.30198588249523e-05,0.00165056599858457,0.000613265897281232,6.34691449107814e-27,3.17106254372351e-26,9.35369210548766e-27,1.67530655538763e-22
