"","glmGamPoi (Pb)","edgeR (Pb)","limma (Pb)","glmGamPoi (cell)","Nebula","Devil (base)","Devil (mixed)"
"1",0.00122373831174911,0.011850502057418,0.000864795857162663,9.84608904622168e-38,2.46907548738227e-40,1.36868953010419e-37,1.3876616237262e-39
"2",3.5417916133585e-10,1.56750596296904e-06,6.96737722321585e-10,2.2570372214091e-88,3.67818130470511e-96,7.15997190768848e-88,2.91711967050962e-64
"3",0.00040577321261226,0.00434209035995642,0.000750533306476887,7.95812995206449e-86,1.25316221331479e-97,1.26808946280022e-85,7.04033480496152e-75
"4",0.0163778025328177,0.0298355984245036,0.0237167328877003,8.65440662961992e-22,1.36050546693224e-22,9.9662654556616e-22,1.04361485356417e-86
"5",0.00108318844343164,0.00524631710737678,0.00253842059848999,4.25178552338595e-34,3.14813810904754e-34,7.04029161594904e-34,7.23618295580714e-40
