"","glmGamPoi (Pb)","edgeR (Pb)","limma (Pb)","glmGamPoi (cell)","Nebula","Devil (base)","Devil (mixed)"
"1",0.0502554586274606,0.065328648488934,0.0424225251399074,0.000393673493846342,0.000484980711101495,0.000428529384870683,0.000406829539558772
"2",0.1567170098576,0.184171658351659,0.217964279835114,4.13786612504939e-06,5.4372329626555e-06,4.5593599557062e-06,0.00111723990643367
"3",0.142130280150629,0.177278525266128,0.126249416649288,0.00526866307984292,0.0060038451345107,0.00553711509638239,1.72977224839833e-27
"4",0.627475234187714,0.644216040303663,0.630706525516431,0.329189308821643,0.363893403274225,0.331220999280283,0.319564924531705
"5",0.261929623059781,0.320176960736922,0.222349766110077,0.091466972903626,0.061466397202009,0.093646469107933,0.00744386865024086
