"","glmGamPoi (Pb)","edgeR (Pb)","limma (Pb)","glmGamPoi (cell)","Nebula","Devil (base)","Devil (mixed)"
"1",3.5511781936587e-05,0.0010269291097482,7.93357901710013e-05,5.08718685430326e-16,1.4655060861068e-15,6.30833251294924e-16,2.66866186973988e-20
"2",1.42497617385807e-07,0.000350604448360312,1.80425292357101e-07,1.72780675147879e-47,1.30689198673874e-48,2.08418399516859e-47,4.80936286856987e-35
"3",0.000107276443673239,0.00339090657021795,7.30172174427453e-05,2.6111029787165e-61,6.85234367756753e-69,2.31931590202607e-61,2.82364562622337e-86
"4",0.00573085206141739,0.0163430464908408,0.0091521239255998,2.46845888744195e-22,9.28190689259405e-24,2.84250003004005e-22,1.48679734541641e-16
"5",2.27075117509324e-11,0.000154709139570788,2.58650394065506e-09,1.57820309692109e-50,4.88692714382559e-53,2.39677703342613e-50,1.23550402867498e-88
