"","glmGamPoi (Pb)","edgeR (Pb)","limma (Pb)","glmGamPoi (cell)","Nebula","Devil (base)","Devil (mixed)"
"1",0.571875410987318,0.609037996032352,0.546475870232061,1.39422650480995e-07,7.52109601718212e-07,1.38268967998773e-07,6.39994696628959e-08
"2",0.181266959088506,0.229174015653451,0.178612743882292,7.76469676884245e-05,3.25680125872414e-05,8.10995482938597e-05,7.31119530286144e-06
"3",0.112390314607283,0.163721437032344,0.117569044786511,9.66480816350674e-32,7.44603504585637e-31,1.11835515844469e-31,5.30291618905204e-67
"4",0.668596770970116,0.717339620676779,0.754229391042538,8.46643996354822e-05,6.96759353907664e-05,8.02183108981518e-05,0.000196262445726729
"5",0.189024988561036,0.230667020070244,0.237756600339245,3.26357825989802e-21,1.00117064278953e-18,2.82368964022107e-21,6.31862194729167e-18
