"","glmGamPoi (Pb)","edgeR (Pb)","limma (Pb)","glmGamPoi (cell)","Nebula","Devil (base)","Devil (mixed)"
"1",0.000212414036747885,0.0041163496294509,0.000568615503984678,5.16631952999412e-20,5.06982929496057e-21,6.18963471503341e-20,1.28366838314376e-18
"2",4.90248056087289e-08,0.000956482267187707,1.90271550718714e-07,7.12416645563943e-51,2.11056659678225e-53,1.08174361610552e-50,2.47644090263184e-73
"3",1.17316511922742e-05,0.000885166108952268,3.28742683516357e-05,1.08012703413883e-48,1.12731926506072e-51,8.38150588524408e-49,3.24990667864855e-54
"4",2.95633518513803e-06,0.00114476576809594,2.63381799987665e-05,5.0248061037268e-17,1.19037435555863e-18,6.07778856353226e-17,4.29221069111567e-18
"5",0.000124487918266781,0.000888062822198309,0.000144421121685008,2.99913320138496e-17,3.09902447412574e-17,3.77156082495464e-17,7.15628455232163e-22
