"","glmGamPoi (Pb)","edgeR (Pb)","limma (Pb)","glmGamPoi (cell)","Nebula","Devil (base)","Devil (mixed)","glmGamPoi (fixed)"
"1",0.0663856226775802,0.120391925503968,0.0492921938470777,1.26942906908001e-06,1.10756860504827e-06,1.25523878550097e-06,3.124491741984e-08,NA
"2",0.0191377740730567,0.0503149581667408,0.0151735434530137,6.63316980117255e-10,9.14982291128642e-11,5.36570451743347e-10,1.01892268867715e-21,NA
"3",0.292352079912769,0.352929012617063,0.223414108484676,5.87737742578392e-05,1.19690434580914e-05,6.0742315098214e-05,5.59662183030678e-12,NA
"4",0.0209226788243976,0.0273987597088568,0.0299305493897671,0.000255684414474649,0.000333989015270361,0.000302319472541997,1.90973380101761e-05,NA
"5",0.0481853272319446,0.0879480644129363,0.0367492708339416,1.79136056871009e-10,5.10177593965518e-12,1.51032259468051e-10,2.33513640510599e-54,NA
