"","glmGamPoi (Pb)","edgeR (Pb)","limma (Pb)","glmGamPoi (cell)","Nebula","Devil (base)","Devil (mixed)"
"1",0.157301629716198,0.174595003832983,0.128478007232228,1.79796087311511e-18,1.91865889603117e-18,2.65802370198572e-18,4.17433562438457e-11
"2",0.157899273747843,0.197194115656735,0.118366605029204,1.11350203710247e-84,3.75604930444453e-86,2.99785159800985e-84,9.68900615150845e-88
"3",0.0168252774663849,0.0353092486355577,0.00963025778108373,1.33044889701286e-49,2.70836879625435e-53,2.28006169841683e-49,9.35311768056738e-74
"4",0.00502143864234135,0.022206484185259,0.000832935467722307,7.84422483292874e-124,9.98784677203581e-139,2.39509276449052e-124,4.22023381599495e-41
"5",0.0895489610461015,0.105145283495347,0.0655751892341881,1.3758203519825e-10,1.36975724435963e-10,1.6554001668684e-10,1.00909133165419e-05
