"","glmGamPoi (Pb)","edgeR (Pb)","limma (Pb)","glmGamPoi (cell)","Nebula","Devil (base)","Devil (mixed)"
"1",0.0156419037376694,0.0207272384380585,0.0110989080992942,7.35667879313627e-12,8.36813119975266e-12,7.73622440445457e-12,9.67913673813683e-266
"2",0.0388768025037225,0.056244366721995,0.0367956947356888,6.92978040697251e-11,1.3638673605724e-10,6.9916364804702e-11,1.06814648650557e-22
"3",0.0627991373286521,0.111395498140276,0.0611986560575875,1.93190680000812e-05,2.17564932737061e-05,1.91009700390647e-05,1.97309454276706e-40
"4",0.0698336846186543,0.0884190491864335,0.107199392238253,0.000213139690451281,0.000518902419680791,0.000208797718377695,5.37991119107423e-09
"5",0.0933980746607661,0.131916846728662,0.0855104623156814,9.88094117792734e-20,1.23521852015154e-21,1.11951820314454e-19,1.31025053943479e-50
