"","glmGamPoi (Pb)","edgeR (Pb)","limma (Pb)","glmGamPoi (cell)","Nebula","Devil (base)","Devil (mixed)"
"1",0.00176213975214811,0.0146437263535868,0.00928207569750248,1.42769260257892e-06,9.80834381787113e-07,1.5604291200915e-06,7.5235265700168e-09
"2",3.58957284768244e-06,0.000556228414819345,1.09484650527855e-05,2.12878761866341e-16,3.19905992043539e-17,2.32086650128914e-16,1.47936646886264e-11
"3",0.00989981757322555,0.0209006091593823,0.0177501317343556,6.56693920820663e-11,1.03843031090864e-11,6.75933611411179e-11,1.49268719314445e-08
"4",0.00584953483063235,0.0388266289449539,0.00191189634604402,5.88293048993612e-19,2.94458862551963e-23,5.69466116019301e-19,4.17466690594142e-21
"5",0.00399330754050784,0.0205546856413657,0.00624497701093954,4.46662256377296e-05,1.68749023820938e-05,4.62468275542346e-05,2.24865903248715e-08
