"","glmGamPoi (Pb)","edgeR (Pb)","limma (Pb)","glmGamPoi (cell)","Nebula","Devil (base)","Devil (mixed)"
"1",0.000542018640595081,0.00517290213686728,0.000515453039118947,5.5164422306937e-21,5.70089291908277e-22,4.53459304292463e-21,7.72805628391744e-36
"2",3.44951667007482e-06,0.0015998729892348,3.39513679669732e-05,1.46133873999855e-19,3.42055030808597e-20,1.89203136661013e-19,6.90507960604407e-20
"3",0.000760255092677604,0.00485617777151992,0.00232720080819684,6.11729997383051e-08,3.26586632917934e-07,6.84055153757548e-08,1.4319535875046e-06
"4",0.000304245467114306,0.00229998950229892,0.000608956123584703,1.7261684144357e-07,1.57835241873457e-07,2.06649828178403e-07,9.62438692974573e-12
"5",0.271154293750034,0.293887626895493,0.369291759376446,0.0050647369724761,0.000242048471612521,0.00500787753108031,0.049302405663464
