"","glmGamPoi (Pb)","edgeR (Pb)","limma (Pb)","glmGamPoi (cell)","Nebula","Devil (base)","Devil (mixed)"
"1",0.361744879279564,0.422525718591253,0.391545055505868,2.85926988085805e-06,2.66598862328928e-06,2.76683991612962e-06,1.4242841872157e-34
"2",0.41715708298616,0.503548271478038,0.450794613251237,1.09287894662591e-13,2.83718191677089e-19,3.59713686949693e-14,3.60216009768113e-26
"3",0.323637767269441,0.378875532487684,0.30369708140509,7.12523431198238e-14,2.87930851010755e-14,6.75137783635116e-14,1.09592798661796e-15
"4",0.0967714766680961,0.125781173813771,0.0879739886376351,4.40453907364621e-18,5.02551993765293e-19,4.40358467827012e-18,4.33570449613148e-24
"5",0.312877899568282,0.355821214946223,0.406745070816101,3.17389358989313e-06,2.25339127159858e-05,2.99438550628653e-06,2.68211261754066e-05
