"","glmGamPoi (Pb)","edgeR (Pb)","limma (Pb)","glmGamPoi (cell)","Nebula","Devil (base)","Devil (mixed)"
"1",0.00146567033742968,0.0108635968411634,0.00140980041356235,9.99174654848022e-16,1.29900093840121e-15,1.21440180932138e-15,8.16646565004291e-16
"2",2.84305729088885e-06,0.00022286066728902,4.03862187315408e-06,1.64096234339834e-48,2.45736892751252e-49,2.9668785012284e-48,4.24071379183451e-48
"3",0.00596493984041564,0.0183006633107059,0.00207865488031356,1.2289726050571e-17,4.32057590236489e-18,1.40455820132343e-17,2.20943844029724e-29
"4",1.56204459573741e-05,0.000539858058583896,1.4097401332125e-05,3.35271543399483e-34,1.00136243306825e-34,4.45443663036807e-34,1.59626413760726e-67
"5",1.60005005953964e-06,0.000231187604175781,1.34600018691743e-05,4.91178948044705e-24,5.22548292613166e-24,7.07869108527944e-24,1.65101631654285e-29
