"","glmGamPoi (Pb)","edgeR (Pb)","limma (Pb)","glmGamPoi (cell)","Nebula","Devil (base)","Devil (mixed)","glmGamPoi (fixed)"
"1",0.657398220751902,0.785659803237858,0.522294487699069,0.111344813531225,0.111796114017877,0.112815449353857,0.0584184242460945,NA
"2",0.0469260468075273,0.0780379872284798,0.0236686214760775,9.81805744119718e-12,2.35536403721313e-11,1.05942127903975e-11,2.10017555826427e-21,NA
"3",0.00960575666078087,0.027967388304578,0.0141285522566469,7.06600286378282e-07,7.59188396871193e-07,8.72268870373119e-07,1.80694221728192e-206,NA
"4",0.271584894481197,0.261073421812239,0.329922335842566,0.00439310454793708,0.00365529583300575,0.00453826690879876,8.41425300852205e-05,NA
"5",0.20063067832487,0.2018508184546,0.20808589961949,0.0180911153629428,0.0126385958956094,0.0186633149017784,5.28491412059129e-05,NA
