"","glmGamPoi (Pb)","edgeR (Pb)","limma (Pb)","glmGamPoi (cell)","Nebula","Devil (base)","Devil (mixed)","glmGamPoi (fixed)"
"1",0.00486070655792522,0.0231153811592797,0.00157352469679299,3.41849273884655e-15,1.62681789152601e-15,4.0509004242128e-15,5.42446478944696e-19,NA
"2",0.312237963174787,0.355959932008904,0.41145425683809,1.2844042468761e-07,4.83669492239073e-10,1.19148233364224e-07,1.69823255767594e-06,NA
"3",0.023250846068281,0.0904806531534922,0.0381389937878786,2.99114199453103e-14,8.2182858912733e-15,3.434368726842e-14,1.23239873298255e-24,NA
"4",0.00318926517117956,0.0173220191873269,0.00486963762007812,1.14254228296074e-21,1.90506682458611e-22,1.38840504522398e-21,2.84773297692652e-23,NA
"5",0.0001331366851608,0.00455103202874939,0.000328110655370467,2.32270808235649e-33,3.56109049273199e-32,3.21576516162127e-33,3.00699514653776e-22,NA
