"","glmGamPoi (Pb)","edgeR (Pb)","limma (Pb)","glmGamPoi (cell)","Nebula","Devil (base)","Devil (mixed)"
"1",0.000542018630235107,0.00517290213686728,0.000515453039118988,5.51644222943837e-21,5.70089291908277e-22,4.53653949848754e-21,7.73638785608782e-36
"2",3.44951667059252e-06,0.0015998729892348,3.39513679669741e-05,1.46133873944272e-19,3.42055030808597e-20,1.72504655512308e-19,6.04579548604418e-20
"3",0.00076025508190186,0.00485617777151992,0.00232720080819689,6.11729997285423e-08,3.26586632917934e-07,6.55491932131035e-08,1.3774683930779e-06
"4",0.000304245462537471,0.00229998950229892,0.000608956123584701,1.72616841421201e-07,1.57835241873457e-07,1.91683061379157e-07,8.63809340268213e-12
"5",0.271154291530383,0.293887626895493,0.369291759376446,0.00506473697211147,0.000242048471612521,0.00502063800611585,0.049359514938721
