"","glmGamPoi (Pb)","edgeR (Pb)","limma (Pb)","glmGamPoi (cell)","Nebula","Devil (base)","Devil (mixed)"
"1",0.0221054865514925,0.061469154154903,0.0331475347296037,5.51516254610859e-06,1.08089237952292e-05,5.70673960114887e-06,6.30223153665113e-06
"2",3.54492877338752e-09,3.0385551464856e-05,1.58602094749134e-08,1.35210431605187e-57,1.97836721049546e-57,2.4555295717447e-57,3.79647009750008e-76
"3",1.10966478297066e-05,0.0016576589985642,2.81679614241934e-05,6.68254191469416e-18,4.22000705298789e-17,8.42972764298336e-18,1.91462469031464e-26
"4",0.127765799555746,0.144681265719451,0.0608695916772605,1.24685011543592e-05,4.96117874842006e-06,1.24506564291304e-05,6.67281246437119e-11
"5",4.56236470955099e-06,0.000712611660313866,9.46031167145586e-05,1.21750417162054e-15,3.45383504591601e-15,1.80785275905756e-15,9.61534171707921e-20
