"","glmGamPoi (Pb)","edgeR (Pb)","limma (Pb)","glmGamPoi (cell)","Nebula","Devil (base)","Devil (mixed)","glmGamPoi (fixed)"
"1",0.119245533696676,0.201182640908497,0.246275729748917,4.43050002887411e-09,8.79232185105466e-09,4.87782928054782e-09,8.31638208522969e-60,NA
"2",0.014159506338762,0.0211141659438438,0.00752092449222537,6.93523433206634e-05,6.98981666227979e-05,7.38810017320823e-05,0.000108869724584169,NA
"3",0.135783359563137,0.214405152449042,0.105678450403176,0.000279949399520429,0.000453536024347842,0.00029557482584985,0.00971553770429715,NA
"4",0.0161804881633199,0.0265065073218527,0.00601686265419815,3.97649202954996e-05,4.08914548951448e-05,4.29358365319509e-05,1.32322212270496e-14,NA
"5",0.51811450951281,0.53850993221134,0.423384691543589,0.0859790098482539,0.0688763524825266,0.086718984020419,0.0071622636283811,NA
