"","glmGamPoi (Pb)","edgeR (Pb)","limma (Pb)","glmGamPoi (cell)","Nebula","Devil (base)","Devil (mixed)"
"1",0.00983036797074579,0.0405613558252299,0.00265034738660671,2.54849257264178e-15,2.66296037509991e-16,2.2868743701488e-15,1.47495511644777e-22
"2",0.00313541570132108,0.0382338957700485,0.0572548571928047,7.83155421904518e-13,2.65646817699403e-12,7.16591589280906e-13,8.6143397432237e-20
"3",8.50371563954604e-06,0.00174302466014092,1.88311975418464e-05,5.37358025573656e-13,6.1864981591317e-13,5.17112618291179e-13,1.13287391412364e-16
"4",6.25958495713588e-06,0.000537321559002991,1.61512036342706e-05,3.30528313562667e-16,2.21124360118171e-15,3.3141490639286e-16,1.66151464724486e-23
"5",3.95853324252824e-05,0.00111669728991531,3.6831316353286e-05,6.82352047913874e-75,3.91543165027775e-80,1.41526057766778e-74,2.62111453236991e-85
