"","glmGamPoi (Pb)","edgeR (Pb)","limma (Pb)","glmGamPoi (cell)","Nebula","Devil (base)","Devil (mixed)","glmGamPoi (fixed)"
"1",0.000119748191768057,0.00323367049739633,0.000110887663446988,2.55874887842096e-45,1.54776837138161e-45,3.79247833690493e-45,1.35553393520611e-41,NA
"2",3.08965802348269e-05,0.00267966644463341,3.4523640535892e-05,2.4789544940687e-41,2.30633131319052e-42,3.92323333669832e-41,4.68643883822581e-88,NA
"3",6.427313842937e-14,1.28941259202807e-07,5.17100934003688e-14,0,0,0,0,NA
"4",0.0209731475054379,0.0450164507412853,0.0285770080585476,1.00302110046493e-68,2.19068172516146e-75,1.26387952656664e-68,2.79049728485787e-140,NA
"5",5.83192296169795e-07,0.000281087995064184,1.07678289684573e-06,1.58952139299462e-264,1.49231019725191e-287,7.85081675520311e-264,0,NA
