"","glmGamPoi (Pb)","edgeR (Pb)","limma (Pb)","glmGamPoi (cell)","Nebula","Devil (base)","Devil (mixed)"
"1",0.105592344765928,0.135658660354901,0.0938974662857848,3.6068500262278e-06,1.43569782038679e-06,3.76743469525659e-06,9.65127481558375e-50
"2",0.00424838645152808,0.0143304372282063,0.0045685634505887,7.79891605580897e-27,1.06346912554276e-27,1.27314870856574e-26,6.51188110594135e-24
"3",0.0521484543840664,0.11843909821168,0.054868384436661,1.37652888902991e-10,1.43996728530345e-10,1.42669181419196e-10,2.41389335494778e-12
"4",0.0751587130018302,0.111577444439646,0.0898593655613366,2.06565712395364e-06,1.96992227863331e-06,2.20658733323286e-06,4.16646637334066e-07
"5",0.0755295940410961,0.128870922046513,0.0716415451314614,0.000839614846060863,0.000680512515664121,0.000858543164347934,0.00224900914979844
