"","glmGamPoi (Pb)","edgeR (Pb)","limma (Pb)","glmGamPoi (cell)","Nebula","Devil (base)","Devil (mixed)"
"1",0.293519649901368,0.308463880030586,0.26825819872654,2.35998438432124e-24,1.57314174719136e-25,2.54255991947182e-24,6.60641021451784e-82
"2",0.036534552653813,0.0355686816015795,0.0105076409294721,3.80930733087307e-12,3.91095038552726e-12,4.49554382396198e-12,0.00526130291804728
"3",0.261237147839306,0.256230532701902,0.0422779265366554,3.29598381050192e-08,2.13361841801819e-08,3.63733701686012e-08,1.59963729686969e-28
"4",0.07534403930322,0.118981274859475,0.0138685233874155,3.14696921002375e-79,1.4411407278725e-81,3.33164825981801e-79,0
"5",0.00224975189973833,0.0195038347338364,0.000525861646837214,3.95107401607628e-22,3.07721892285163e-22,5.05162606751727e-22,1.32209340924758e-113
