"","glmGamPoi (Pb)","edgeR (Pb)","limma (Pb)","glmGamPoi (cell)","Nebula","Devil (base)","Devil (mixed)"
"1",0.1573016297162,0.174595003832983,0.128478007232232,1.79796087376621e-18,1.91865889603117e-18,3.66094332084132e-18,5.56949072449067e-11
"2",0.157899273747844,0.197194115656735,0.118366605029206,1.11350203522715e-84,3.75604930444453e-86,3.94309095965913e-84,5.31203149065009e-87
"3",0.0168252774663862,0.0353092486355577,0.00963025778108343,1.33044889781683e-49,2.70836879625435e-53,2.98799495758616e-49,1.69039579501217e-73
"4",0.00502143864234143,0.022206484185259,0.000832935467722284,7.8442248176171e-124,9.98784677203581e-139,2.28554661888266e-124,4.10218330971568e-41
"5",0.0895489610461025,0.105145283495347,0.0655751892341892,1.37582035224103e-10,1.36975724435963e-10,1.40938549759226e-10,9.30187958725305e-06
