"","glmGamPoi (Pb)","edgeR (Pb)","limma (Pb)","glmGamPoi (cell)","Nebula","Devil (base)","Devil (mixed)"
"1",0.0423722128191023,0.0725713810235888,0.00405321100864581,4.65633167590402e-17,3.40865845352609e-19,3.81920231606052e-17,1.07496124162804e-14
"2",0.385063483977992,0.438308291825399,0.631263185095384,1.93219755135847e-07,6.95558485799859e-10,1.29462810759065e-07,4.71319158877739e-12
"3",0.00925155615140137,0.0148053778914419,0.00380181437724122,4.47436412355267e-15,7.87661346943704e-14,4.45508652546505e-15,5.1700925603519e-10
"4",0.000976957004867765,0.00649305066122002,0.00256285558522074,2.87869265352361e-12,4.05823006183401e-12,2.8211047704478e-12,2.41929079784154e-16
"5",0.0659619562805006,0.109819889320661,0.146032927612496,3.34226050907261e-14,1.62494557246336e-13,3.17451417640168e-14,1.74026077882853e-16
