"","glmGamPoi (Pb)","edgeR (Pb)","limma (Pb)","glmGamPoi (cell)","Nebula","Devil (base)","Devil (mixed)"
"1",0.293519649901371,0.308463880030586,0.26825819872654,2.35998437362636e-24,1.57314174719136e-25,2.85652736668411e-24,1.70403772888239e-82
"2",0.0365345526538138,0.0355686816015796,0.0105076409294716,3.80930732713868e-12,3.91095038552726e-12,5.25496799499892e-12,0.00538207180127461
"3",0.261237147839309,0.256230532701902,0.0422779265366554,3.29598380742706e-08,2.13361841801819e-08,3.86856491355523e-08,3.88347278276715e-28
"4",0.0753440393032214,0.118981274859475,0.0138685233874162,3.14696921817831e-79,1.4411407278725e-81,3.64339877298286e-79,0
"5",0.00224975189973827,0.0195038347338364,0.000525861646837182,3.95107400766716e-22,3.07721892285163e-22,6.17610138137743e-22,1.09640961190909e-113
