"","glmGamPoi (Pb)","edgeR (Pb)","limma (Pb)","glmGamPoi (cell)","Nebula","Devil (base)","Devil (mixed)"
"1",0.0124487418754791,0.02141515529299,0.012020418149006,2.65357455603847e-50,1.92288924013081e-55,1.95851864932029e-50,3.48574075977599e-37
"2",0.00678073573604293,0.0528794180148153,0.00644066922994634,1.12061477328019e-24,1.56885264505622e-25,2.17759459942306e-24,3.68570552356445e-26
"3",0.000374076124856079,0.00130592921590562,0.000791990142823806,1.67048698725886e-22,1.9607625663237e-23,3.09937084896402e-22,1.51837761469249e-101
"4",4.42130500591447e-06,0.00136279840486113,1.7437491481216e-06,6.51536106978352e-131,4.17297861003304e-149,7.97124069715455e-131,3.33245892776721e-234
"5",4.51836315648299e-06,0.00112191271804726,4.41531908739129e-06,3.58924429555431e-49,8.67318834647268e-51,9.34587497681688e-49,2.98255680650836e-85
