"","glmGamPoi (Pb)","edgeR (Pb)","limma (Pb)","glmGamPoi (cell)","Nebula","Devil (base)","Devil (mixed)","glmGamPoi (fixed)"
"1",0.361744879279565,0.422525718591253,0.391545055505859,2.85926988222499e-06,2.66598862328928e-06,2.80246751243815e-06,1.5606708651927e-34,3.23942508147643e-06
"2",0.417157082986161,0.503548271478038,0.450794613251262,1.09287894854895e-13,2.83718191677089e-19,3.59707929704061e-14,3.60233015807039e-26,2.32428361995893e-16
"3",0.323637767269443,0.378875532487684,0.30369708140509,7.12523431629364e-14,2.87930851010755e-14,7.47840102311586e-14,9.2800563034706e-16,2.08001073698181e-14
"4",0.0967714766680979,0.125781173813771,0.0879739886376355,4.40453907656072e-18,5.02551993765293e-19,5.28420017416941e-18,5.14828114917608e-24,1.06667048077094e-18
"5",0.312877899568285,0.355821214946223,0.406745070816101,3.17389357257676e-06,2.25339127159858e-05,3.05454549984075e-06,2.71622971085417e-05,1.19147719753982e-06
