"","glmGamPoi (Pb)","edgeR (Pb)","limma (Pb)","glmGamPoi (cell)","Nebula","Devil (base)","Devil (mixed)"
"1",7.87359074258304e-06,0.00104878573430325,1.89820010280902e-05,4.03780018034874e-39,6.28391568280329e-42,5.04167442247942e-39,3.38400808811149e-67
"2",0.0107889725718233,0.0197058831410637,0.02295110444383,2.42333455138334e-18,1.2476870635476e-21,2.11421021931194e-18,1.15136698829211e-25
"3",0.00575547392275714,0.0510683193268543,0.00929089039480908,3.45068257372859e-14,8.63031640031874e-14,4.5593618561719e-14,2.8167022716827e-11
"4",1.74119669985244e-06,0.000389699961910847,1.80796490736482e-06,5.89191812393358e-69,4.99703809370226e-77,7.35653542248472e-69,6.03414334968042e-168
"5",1.40848593634015e-07,1.59793243690656e-05,3.32509377328913e-07,3.46335786656801e-23,6.31489979016494e-24,3.97081017997088e-23,1.43680521775936e-35
