"","glmGamPoi (Pb)","edgeR (Pb)","limma (Pb)","glmGamPoi (cell)","Nebula","Devil (base)","Devil (mixed)"
"1",0.1885156268401,0.233196327159774,0.145078609346716,0.0880518912331605,0.0898852828891033,0.0919491432618598,2.41884991164229e-05
"2",0.213449498086516,0.287529316975625,0.135265719625529,0.0232384020439528,0.0314903542269682,0.0258585258016379,3.72454948541318e-07
"3",0.581710534403129,0.570130337204562,0.765414751935369,0.712585822866458,0.698397080882347,0.714185125852818,0.368145144468862
"4",0.944882252714464,0.997634365734018,0.783291680028516,0.859527736015723,0.860152341527594,0.86122316173985,0.584459161354032
"5",0.975393356091183,0.934062936852429,0.763017335337485,0.128366819818788,0.193963369688546,0.131965240667501,0.133108336978891
