"","glmGamPoi (Pb)","edgeR (Pb)","limma (Pb)","glmGamPoi (cell)","Nebula","Devil (base)","Devil (mixed)"
"1",0.000415100110124782,0.00421944539811749,0.000550656416654097,3.28868290048748e-22,5.29546431519651e-22,6.17026309947194e-22,1.00462311586069e-19
"2",9.33944628044837e-08,5.25701058612388e-05,9.28206326714451e-08,1.76771564002878e-71,4.05609960954693e-73,4.72700580022852e-71,6.91624811744512e-110
"3",1.56442829895185e-08,6.06855893727575e-05,7.47304174420964e-08,1.36450106330606e-28,2.24504118754996e-30,1.94745474149963e-28,4.03690052562618e-31
"4",1.37801347989395e-14,6.23428284191421e-08,2.5472225818239e-14,4.35580106175329e-117,6.48460241280127e-126,1.52348197384408e-117,4.45270573273455e-150
"5",0.00299007698034417,0.0175285818141743,0.00881871749740885,9.99157789740198e-10,1.70288522137687e-09,9.65212902303004e-10,4.94910384526895e-06
