"","glmGamPoi (Pb)","edgeR (Pb)","limma (Pb)","glmGamPoi (cell)","Nebula","Devil (base)","Devil (mixed)"
"1",0.145254805925462,0.211223800591464,0.237052536014915,0.00137148421453495,0.00231789064535988,0.00141131894609151,0.00196807283567069
"2",2.37688512778179e-06,0.000993581987344986,0.000235546259233623,1.35745278853297e-13,3.33597477405466e-13,1.75907253668088e-13,8.40179569028642e-16
"3",0.0141485813745548,0.0265380117185509,0.019570492370942,3.54357411900933e-08,7.55956419170169e-08,4.01563943208798e-08,7.43864344660116e-09
"4",0.0645232360648301,0.097211862385636,0.148632258674664,0.00496102862878231,0.00898944465982515,0.00508647733468287,0.00155506677602916
"5",0.124859701117602,0.336177618708502,0.0857925234495007,0.01087735689693,0.00925118725697125,0.0110535974178308,0.00011579140296548
