"","glmGamPoi (Pb)","edgeR (Pb)","limma (Pb)","glmGamPoi (cell)","Nebula","Devil (base)","Devil (mixed)"
"1",0.000257990531482938,0.00445447347855312,0.000320346696000656,3.34963417070781e-14,2.37759605958883e-15,4.57633424498638e-14,2.76244662840873e-21
"2",1.52492423466292e-06,0.00109594137137315,1.23393438188963e-06,3.34575050196558e-32,1.00319751571879e-35,6.67355786782405e-32,6.09725839120793e-26
"3",0.0269116295782183,0.0478232926699628,0.0150801246153788,8.28363421301242e-11,7.70037129634258e-12,8.20016368860768e-11,1.52705688657545e-16
"4",0.0157290835008018,0.0298937267975144,0.0131488199511591,6.78947128643055e-14,2.78659466739216e-15,6.38330258804762e-14,3.10090731590101e-14
"5",2.69084485850387e-05,0.00348013050104258,5.25131923186534e-05,1.39387745751696e-20,3.98648454264736e-23,1.75841553880859e-20,2.23330274533645e-27
