"","glmGamPoi (Pb)","edgeR (Pb)","limma (Pb)","glmGamPoi (cell)","Nebula","Devil (base)","Devil (mixed)","glmGamPoi (fixed)"
"1",7.8735908600695e-06,0.00104878573430325,1.89820010280878e-05,4.03780018247927e-39,6.28391568280329e-42,4.40384407018367e-39,2.52173635862992e-67,5.03766800769752e-42
"2",0.0107889725260947,0.0197058831410637,0.022951104443828,2.42333455265533e-18,1.2476870635476e-21,2.45342808053531e-18,1.26621404219415e-25,2.79269224470478e-22
"3",0.00575547391889575,0.0510683193268543,0.00929089039481064,3.45068257454994e-14,8.63031640031874e-14,3.94240283718824e-14,2.52926348733355e-11,2.10281984792372e-14
"4",1.74119676994679e-06,0.000389699961910847,1.80796490736489e-06,5.89191811728731e-69,4.99703809370226e-77,5.79711848455132e-69,3.85612381579871e-168,2.90477616748249e-76
"5",1.40848594661369e-07,1.59793243690656e-05,3.32509377328978e-07,3.46335786797734e-23,6.31489979016494e-24,5.0761162552574e-23,1.71044341775778e-35,7.57420407093493e-25
