"","glmGamPoi (Pb)","edgeR (Pb)","limma (Pb)","glmGamPoi (cell)","Nebula","Devil (base)","Devil (mixed)","glmGamPoi (fixed)"
"1",0.116432064170201,0.148505755742474,0.106077188305252,2.58540901666237e-24,5.30977002945451e-25,1.97599085236816e-24,9.06265833979134e-85,NA
"2",0.00529432724882029,0.0186083897406608,0.00231257236695419,8.84606486341265e-19,3.21346933851914e-18,1.33056978663435e-18,6.38585923799048e-48,NA
"3",0.13039234096499,0.156111653235473,0.114960676800753,1.58789205882934e-07,9.03581703264409e-08,1.80931012708998e-07,2.86732407795068e-37,NA
"4",0.107110402464961,0.0996738867189898,0.123650507085937,1.92082803525503e-05,1.30550067828135e-05,2.15712804704428e-05,4.98683784724433e-08,NA
"5",0.588833938697399,0.636539744548325,0.240965394610324,0.00139389946146688,0.000177890084221089,0.0013304716573581,0.00487694433573012,NA
