"","glmGamPoi (Pb)","edgeR (Pb)","limma (Pb)","glmGamPoi (cell)","Nebula","Devil (base)","Devil (mixed)"
"1",0.0221054856920384,0.061469154154903,0.0331475347296038,5.51516256675879e-06,1.08089237952292e-05,5.30204894172621e-06,5.86213915302096e-06
"2",3.54492868568571e-09,3.0385551464856e-05,1.58602094749144e-08,1.35210431733342e-57,1.97836721049546e-57,3.75531086489514e-57,3.17936952534723e-76
"3",1.10966471015321e-05,0.00165765899856421,2.81679614241965e-05,6.68254199492727e-18,4.22000705298789e-17,1.03304102270901e-17,2.00265781374594e-26
"4",0.127765795162875,0.144681265719451,0.0608695916772614,1.24685012245781e-05,4.96117874842006e-06,1.18545315541003e-05,6.01654173191804e-11
"5",4.5623642280023e-06,0.000712611660313866,9.46031167145506e-05,1.21750418397687e-15,3.45383504591601e-15,2.32045839794616e-15,1.10892206528338e-19
