"","glmGamPoi (Pb)","edgeR (Pb)","limma (Pb)","glmGamPoi (cell)","Nebula","Devil (base)","Devil (mixed)"
"1",0.00159418778543626,0.0194070360123409,0.00171793144638666,4.86093244510324e-21,1.07064817869012e-24,6.07725748843223e-21,1.09570658665682e-23
"2",0.0154863422612284,0.0235314923814424,0.00611819192054011,4.69773242934845e-16,8.07223799639494e-17,4.49098601505367e-16,9.41083534061228e-24
"3",0.000385222053428765,0.00696174873083153,0.000525412180025968,1.01999771258679e-10,2.38431527516093e-12,1.37850449140384e-10,5.43146912815158e-13
"4",0.00229201936924178,0.0198900936858821,0.00292214831345572,6.68564557029517e-07,1.98576099082803e-07,7.83184981083948e-07,1.11604829223759e-06
"5",0.00468841406796439,0.00598802476391568,0.0086366630902762,2.29226809734632e-08,1.98956114873365e-08,2.34527942687946e-08,0.000132865122288128
