"","glmGamPoi (Pb)","edgeR (Pb)","limma (Pb)","glmGamPoi (cell)","Nebula","Devil (base)","Devil (mixed)"
"1",0.000544617121221515,0.00667396370706892,0.000863535871389979,9.56245885560053e-16,4.11876410974689e-16,1.14665834879665e-15,1.18256699114398e-13
"2",0.001411268011699,0.0181798636890551,0.00875013783527417,4.91314453234126e-16,2.85281043411379e-16,5.102540412911e-16,6.7603418447862e-18
"3",1.26168615333696e-06,0.000461087776720505,5.33948661225845e-06,6.74743637971731e-13,8.01893831412319e-13,7.9535919239658e-13,1.41895222007076e-36
"4",5.16054936292885e-05,0.00790252652279096,7.72200087054824e-05,1.04005810932848e-08,1.63171512839018e-08,1.03610890644604e-08,1.1190294784053e-10
"5",0.00195561459736,0.0181634144944784,0.00169776361975041,1.45544225638278e-16,3.62893870089662e-17,1.53141029590884e-16,8.3743858210272e-22
