"","glmGamPoi (Pb)","edgeR (Pb)","limma (Pb)","glmGamPoi (cell)","Nebula","Devil (base)","Devil (mixed)"
"1",0.00757402614301248,0.01371505944409,0.00750365036205911,3.81478004920497e-11,7.3016785889976e-11,4.55724903806355e-11,8.1573900922872e-13
"2",0.00947976861095768,0.0181256551231893,0.0132534563732804,3.23641548489617e-08,2.99456275033095e-08,3.59440621740768e-08,8.31343709097949e-16
"3",0.00465293073951304,0.0135033728601776,0.00337988505106726,7.91312371471384e-91,6.83083388414793e-95,1.12118567031706e-91,2.52451444388292e-60
"4",0.0535598736936838,0.075006290024265,0.0618871456533045,1.22115277753341e-20,3.05944267308915e-21,1.40373144995179e-20,0
"5",0.00176568162041508,0.0117995397867302,0.00267618888104625,1.75596171250789e-42,5.5409129358226e-43,2.35882583017763e-42,0
