"","glmGamPoi (Pb)","edgeR (Pb)","limma (Pb)","glmGamPoi (cell)","Nebula","Devil (base)","Devil (mixed)"
"1",0.509435455242297,0.539176472874506,0.341789920535489,6.95736455096725e-08,2.34164351943091e-09,8.30650935409044e-08,2.75648799881575e-12
"2",0.167740635902877,0.203824492105449,0.177648761481868,7.19216212425687e-07,9.0672378179128e-06,7.36581403194854e-07,9.86517067671505e-05
"3",0.0402726893564274,0.0555192672717647,0.0251917950967154,3.94911392718961e-10,3.60032192100048e-10,5.78209309068909e-10,9.99577981067814e-11
"4",0.03354690018463,0.0623474610467315,0.0189249458600247,7.98199799604088e-20,1.27507154057872e-19,1.12179708144661e-19,1.29331041887172e-53
"5",0.287056264345043,0.428660431725004,0.199548561938018,0.000316584599688342,0.000340995076615238,0.000351920456795265,2.70145010126683e-18
