"","glmGamPoi (Pb)","edgeR (Pb)","limma (Pb)","glmGamPoi (cell)","Nebula","Devil (base)","Devil (mixed)"
"1",0.0127990068736518,0.0331804396950765,0.0119050211655164,2.88032919809917e-21,4.177100033402e-25,3.07835244789813e-21,4.14074675212602e-53
"2",0.000599201084440861,0.0183731625727869,0.000827233358521597,8.29996258542758e-10,8.99231930950084e-10,8.5598121731873e-10,2.25911168103109e-26
"3",0.00504554145022585,0.0158549778745657,0.0161313680717611,7.36940065604502e-18,1.58658416079515e-19,5.77101077391564e-18,1.76671708820624e-45
"4",0.00265862927825549,0.0175859204134452,0.00034141067255899,9.0309183880685e-91,6.1691515588114e-104,2.85944352843362e-91,2.73501905740278e-136
"5",0.000163138859339191,0.00167780378833157,0.000636837816896888,5.04583479831271e-18,5.08041151828864e-19,5.13295640096561e-18,2.31499699391698e-25
