"","glmGamPoi (Pb)","edgeR (Pb)","limma (Pb)","glmGamPoi (cell)","Nebula","Devil (base)","Devil (mixed)"
"1",5.96188033988419e-06,0.000335717117636251,1.25197591972155e-05,2.46507235924327e-60,5.93484467397705e-63,5.33129813617318e-60,2.76603968376896e-60
"2",0.00127580010163259,0.0168901103320226,0.00281772487531502,2.15362286876743e-14,2.58500831854987e-14,2.48492007508219e-14,9.52504264121854e-25
"3",0.000123215801965749,0.00154714121803679,0.000100529617473427,6.73213382937752e-52,2.70909447934238e-53,7.74590540227053e-52,3.4352016294004e-81
"4",0.073930061488184,0.100287505233608,0.128997074495999,3.10182436162358e-11,1.98062735428791e-11,3.31128534443029e-11,2.62030282508296e-17
"5",0.00130247404317018,0.0125845445220534,0.00107584774909878,1.59569021706192e-78,9.6695578787371e-91,1.47451556763848e-78,2.21395263185085e-68
