"","glmGamPoi (Pb)","edgeR (Pb)","limma (Pb)","glmGamPoi (cell)","Nebula","Devil (base)","Devil (mixed)"
"1",0.0182403838266374,0.0481976919374994,0.0217144122611037,8.16219590498867e-20,1.02650714866005e-20,1.23397403906184e-19,1.52403850478032e-24
"2",0.000249517943279797,0.0125439655886268,0.00088147210492219,1.7445349855667e-09,1.32582359237762e-09,1.6835533121586e-09,1.21348889846597e-17
"3",0.00384515016262142,0.00777037686004768,0.00648160040196297,1.52277897113404e-08,4.77322764761716e-09,1.45878056096146e-08,2.46863600660453e-12
"4",1.48419094416532e-05,0.00171613188967352,5.41916921057819e-05,5.47333715856296e-19,2.64884043406065e-19,9.52587355578891e-19,7.11807347905705e-33
"5",0.000218748609875518,0.00262154600907608,0.000622789683437897,6.44267540701907e-19,1.53794092676925e-20,9.32187506085178e-19,4.79817989722169e-14
