"","glmGamPoi (Pb)","edgeR (Pb)","limma (Pb)","glmGamPoi (cell)","Nebula","Devil (base)","Devil (mixed)","glmGamPoi (fixed)"
"1",0.0243457620842773,0.0598827013727618,0.0330323356948104,1.65000623756675e-67,1.91878481245629e-67,5.74110965619732e-68,4.55075218681554e-42,NA
"2",0.000984646812964988,0.00973376839444588,0.00156240955089813,9.10794315244156e-42,4.17287100700006e-45,1.22529875102415e-41,6.25372050930508e-71,NA
"3",0.0240462802332596,0.0384290477007138,0.0299457597029056,9.77338558150283e-38,1.04744742784917e-42,6.66091936001295e-38,1.15759282662641e-37,NA
"4",0.173635328103562,0.221026977640219,0.141099112648485,4.73496867194692e-26,3.42405999234908e-28,3.77570561652626e-26,1.52023812972288e-43,NA
"5",0.00182699366759896,0.006462897703671,0.00312999809579714,6.08790431716516e-52,2.6930700368357e-55,1.13418453956321e-51,5.60505630856948e-59,NA
