"","glmGamPoi (Pb)","edgeR (Pb)","limma (Pb)","glmGamPoi (cell)","Nebula","Devil (base)","Devil (mixed)"
"1",0.188015468108646,0.231904709949045,0.184337723473002,5.14505316932565e-12,2.0321540437429e-12,5.81376258202636e-12,2.35491585581119e-10
"2",0.0658720545749449,0.110243580404498,0.091177888869905,1.14723803460234e-19,1.01735928163519e-18,1.20008677429399e-19,1.33846814595253e-25
"3",0.00289662381509436,0.00871248030559761,0.00348366231759368,4.03452274653839e-14,4.29229680729589e-14,5.11246712903089e-14,1.08979600253999e-09
"4",0.0210114609916716,0.0516873663458132,0.0197609073966768,1.02922966129533e-09,1.79396697465448e-09,1.0501083185944e-09,3.68840384498956e-12
"5",0.021969915333134,0.0496194089787167,0.0258472945162987,5.22997589151836e-17,1.62744278215592e-16,5.6505743320488e-17,4.53674751251626e-40
