"","glmGamPoi (Pb)","edgeR (Pb)","limma (Pb)","glmGamPoi (cell)","Nebula","Devil (base)","Devil (mixed)"
"1",1.38800897289709e-06,0.000720069984245084,3.66931680392992e-06,9.36666431238549e-29,3.6596508268965e-29,1.27949275959094e-28,2.68779792089258e-26
"2",3.25335996727305e-07,0.000673470716995937,1.80633889205755e-07,3.22745773777498e-32,1.71078367453834e-37,2.48176169754416e-32,5.92156667506528e-16
"3",3.81427156661742e-05,0.00722727460964072,1.62098455444052e-05,3.15360578849727e-14,2.51433789121976e-16,3.61391847911381e-14,3.98135473232764e-12
"4",0.0211362779126218,0.0593134559371256,0.00482006957665385,2.46831569012703e-05,7.03896604961279e-06,2.48606267895105e-05,1.50927683672843e-06
"5",2.48626784866224e-08,8.63703158302462e-05,1.10483812565101e-08,4.1152215675501e-42,9.67685635374827e-49,2.04342838570229e-42,9.85789281298057e-25
