"","glmGamPoi (Pb)","edgeR (Pb)","limma (Pb)","glmGamPoi (cell)","Nebula","Devil (base)","Devil (mixed)"
"1",0.00678900787876794,0.0284394478447154,0.00889288976988257,7.34093145610444e-30,2.16276985059252e-30,1.00743450472451e-29,1.04113395667897e-83
"2",0.124925131562286,0.169307699988715,0.128543672943629,7.43584828960325e-21,8.84681634901289e-23,7.3094672995194e-21,4.34842647443245e-252
"3",0.0536744907348774,0.0759863270946791,0.0507181738002472,1.7971453744069e-11,1.99869277101529e-12,1.9324604610517e-11,4.03982579150485e-15
"4",0.0701419866485429,0.101070212220996,0.102992749254316,4.50910341368245e-18,5.22712710451699e-18,5.15710998215071e-18,5.43712591679188e-85
"5",0.0130990769225441,0.0269534138693664,0.0108753948565801,8.81869592736419e-10,8.7492652843372e-10,9.70808042780379e-10,5.54867986554928e-34
