"","glmGamPoi (Pb)","edgeR (Pb)","limma (Pb)","glmGamPoi (cell)","Nebula","Devil (base)","Devil (mixed)","glmGamPoi (fixed)"
"1",0.0244795918962904,0.0371710656148579,0.0181166661974286,1.14570074417154e-26,8.8325908136159e-27,9.14673859439362e-27,4.00251996195883e-57,NA
"2",0.00610018027649708,0.0291300034516384,0.00912645742532651,1.17967969757396e-20,9.89268016625283e-21,1.53635446195598e-20,1.02968316697457e-33,NA
"3",0.160327151033494,0.221760870193589,0.133043090719206,9.18952688601738e-06,1.10820026341352e-05,9.91066698982929e-06,1.78178211919991e-10,NA
"4",0.0166091596789725,0.0330617681291737,0.0363077651884137,1.31635306346565e-05,1.37857780513252e-05,1.42612322995091e-05,1.00261254476081e-13,NA
"5",0.00810500902904512,0.0200802986561434,0.00785479252869706,3.2800669942734e-48,9.46593935177e-49,1.7535475635277e-48,3.12889535308117e-237,NA
