"","glmGamPoi (Pb)","edgeR (Pb)","limma (Pb)","glmGamPoi (cell)","Nebula","Devil (base)","Devil (mixed)"
"1",0.00399075756131429,0.0108989161504356,0.00278075524017083,9.24609827558615e-14,9.39804643056414e-14,1.08865007196981e-13,4.75167627860696e-10
"2",0.00974329871691855,0.023585021925684,0.00919920110338201,2.13827325558631e-21,1.56218942743163e-22,1.80793227791551e-21,2.86920575836199e-67
"3",0.00495150143968114,0.0155704716699411,0.00216896450196184,3.32206295830785e-18,2.82506777087766e-18,3.76359470589787e-18,2.09705875321222e-90
"4",0.412438116375987,0.38745023556141,0.269091812350311,6.7428905878299e-09,7.12852285820919e-09,6.91863210616851e-09,6.14701250983611e-220
"5",0.105704119883998,0.236438478502766,0.0573591321159068,3.05691638240563e-16,4.144167124904e-16,3.46751144703976e-16,8.54553322664883e-119
