"","glmGamPoi (Pb)","edgeR (Pb)","limma (Pb)","glmGamPoi (cell)","Nebula","Devil (base)","Devil (mixed)"
"1",0.022616484332895,0.0600319509178979,0.026655104925017,0.000409597398035039,0.000441171932186464,0.000402993969635503,0.000926884338785544
"2",0.00774088675799333,0.0180171085867578,0.0293898311616051,1.23239058509895e-05,1.67126468187059e-05,1.23476223312743e-05,3.21013030595408e-08
"3",0.0279188918919192,0.0562493499630327,0.0182064776166075,7.10234234150147e-13,8.95866246709022e-16,7.37414352824649e-13,1.527161789581e-16
"4",0.0025209527362808,0.012763991527078,0.0110241126282849,1.56167977612441e-12,8.58378645636417e-13,2.11054082559961e-12,5.00860522203105e-13
"5",0.00324924546082529,0.015413921166353,0.00660933867525969,1.03544978359584e-08,1.14507176897729e-08,1.32986997424834e-08,9.46885374995246e-18
