"","glmGamPoi (Pb)","edgeR (Pb)","limma (Pb)","glmGamPoi (cell)","Nebula","Devil (base)","Devil (mixed)"
"1",0.0192769353831065,0.0246173884862485,0.0624481074446075,4.6985788599306e-08,5.55475925815603e-07,5.22699889661425e-08,1.07037766124255e-08
"2",0.0134317286313605,0.0265062027892095,0.00902132900107127,3.55732998461562e-10,2.44204063011185e-10,3.8361221857871e-10,3.405786296917e-13
"3",2.60292648106158e-07,0.00107426344085495,1.4242252851896e-07,7.72496842133354e-36,6.49875893208223e-41,5.32771184363381e-36,5.4634205742319e-24
"4",0.000102092056751269,0.00211384403848598,0.000344074875458836,9.29708746904068e-09,2.35264192052211e-08,1.13966961620206e-08,9.39758666448731e-08
"5",0.253970161067617,0.28087888357705,0.108514333959048,0.000376506195184177,8.60475255836349e-05,0.000378927246352294,0.000263414121868339
