"","glmGamPoi (Pb)","edgeR (Pb)","limma (Pb)","glmGamPoi (cell)","Nebula","Devil (base)","Devil (mixed)"
"1",0.0048607062812631,0.0231153811592796,0.0015735246967931,3.41849273895428e-15,1.62681789152601e-15,3.27781560399749e-15,3.76130953729935e-19
"2",0.312237956914571,0.355959932008904,0.411454256838085,1.2844042469231e-07,4.83669492239073e-10,1.19153908009259e-07,1.69832063128186e-06
"3",0.023250844952763,0.0904806531534922,0.0381389937878813,2.99114199470306e-14,8.2182858912733e-15,3.7477206777695e-14,1.67003133630954e-24
"4",0.0031892649305775,0.0173220191873269,0.00486963762007651,1.14254228312099e-21,1.90506682458611e-22,1.18816527494736e-21,2.16958203345186e-23
"5",0.000133136669053763,0.00455103202874939,0.000328110655370492,2.32270808164499e-33,3.56109049273199e-32,2.61734955818273e-33,2.29779149087522e-22
