"","glmGamPoi (Pb)","edgeR (Pb)","limma (Pb)","glmGamPoi (cell)","Nebula","Devil (base)","Devil (mixed)"
"1",8.3082719636215e-10,4.41336149981099e-06,1.59598396886831e-09,7.6244958645637e-36,1.36403722276155e-41,1.04318177497418e-35,2.30469548463457e-75
"2",0.0133782747730832,0.036042338175427,0.0224749171702969,1.42527814760521e-24,1.80277871285854e-24,1.5326809520584e-24,1.99748309823438e-44
"3",7.96079352693612e-05,0.00176952670203946,4.03023227530349e-05,5.78129847224023e-15,5.96412804048747e-18,6.15333885686078e-15,5.07697081807679e-23
"4",0.0670182764350502,0.0900541096997387,0.06791972252759,4.21254339608838e-13,5.53021931724986e-14,4.41982004070565e-13,4.1050881904132e-11
"5",0.000148095173975997,0.0010486117500723,0.000676058557498461,7.7548629326171e-20,8.89456435942461e-21,9.88634966392444e-20,3.28632063059726e-10
