"","glmGamPoi (Pb)","edgeR (Pb)","limma (Pb)","glmGamPoi (cell)","Nebula","Devil (base)","Devil (mixed)"
"1",0.000367266657267145,0.00237500909053917,0.000186484115479477,2.08055846161047e-19,1.32265995586931e-19,2.1404064875173e-19,4.41022020781877e-40
"2",0.000682502707452282,0.00269753773195335,0.000913350271475651,6.29838209627376e-12,5.28290062832081e-11,6.8139733618753e-12,3.90708025427922e-13
"3",0.00145591885188482,0.00618981649166324,0.000807722632545666,1.97460808137617e-19,7.95188927398215e-19,3.09508778331515e-19,2.36954980438718e-15
"4",0.00541774117086426,0.0123654077525846,0.00728613973443352,3.75095988705395e-07,9.96342570428343e-07,3.84748144733166e-07,1.98905837458571e-08
"5",0.0111679766272951,0.0343845418607301,0.0137939514558507,1.09901716014484e-32,1.86943309195841e-38,9.80110512583512e-33,5.26984627408498e-81
