"","glmGamPoi (Pb)","edgeR (Pb)","limma (Pb)","glmGamPoi (cell)","Nebula","Devil (base)","Devil (mixed)"
"1",0.104121686410596,0.094898045162439,0.0973116887438435,0.00412737039299861,0.0043642592341768,0.00462682468258959,0.0122313305539701
"2",0.251340621376857,0.333716340685423,0.27311866959903,0.0819913845092564,0.0821753448470144,0.0828891989847233,0.016951494954401
"3",0.489747021117291,0.453760963073626,0.49409779577716,0.0154967629510823,0.0228022081290119,0.0164622380415712,0.000493760099813551
"4",0.279320654077074,0.359011787733674,0.372323104507076,0.253753282067079,0.254883520180211,0.258043448661648,0.02257718367995
"5",0.434453610935286,0.445842416176354,0.325133280288533,0.0738131411566431,0.0538189403694277,0.0759815901822697,2.10722471160109e-14
