"","glmGamPoi (Pb)","edgeR (Pb)","limma (Pb)","glmGamPoi (cell)","Nebula","Devil (base)","Devil (mixed)"
"1",0.0399576491417054,0.147127339437323,0.0110763232727414,5.31553533396941e-08,1.44864015400962e-07,6.56420639289611e-08,2.27695475482649e-23
"2",0.152732892829337,0.201873851522491,0.0834811210748125,4.14300940829053e-15,7.94198389624483e-15,5.75663225244871e-15,4.27774887620954e-45
"3",0.0281924197313548,0.0280288731804645,0.0213216591914328,4.67353581271519e-06,1.50962889147442e-06,4.17080440873363e-06,4.93161443822796e-08
"4",0.240165808604038,0.272441928756844,0.049005602963525,3.90429717217702e-05,4.81812831664915e-05,4.44378216601552e-05,3.82853692940942e-13
"5",0.061173014370654,0.0602620098949265,0.0650890828673744,4.66779538669697e-11,1.61257023244425e-10,6.1315611390646e-11,1.3457958630006e-38
