"","glmGamPoi (Pb)","edgeR (Pb)","limma (Pb)","glmGamPoi (cell)","Nebula","Devil (base)","Devil (mixed)"
"1",0.186203594241478,0.240978433225167,0.200382827729413,8.77161334662056e-06,1.20871882101402e-05,1.04440369508337e-05,2.832566874847e-08
"2",0.0202391701614418,0.0430828409133634,0.0131607700854689,7.52591800831362e-15,7.68566619262652e-15,1.01040358881428e-14,1.63202178626991e-08
"3",0.00944755928160449,0.0107088879133727,0.00615275766897274,3.78104136943115e-06,4.51715448022519e-06,3.79499751670629e-06,2.02109753950749e-06
"4",0.289886097081534,0.334485317061671,0.303736094940394,4.56090210501277e-09,1.97301872554586e-09,4.45304151320087e-09,6.44337772004627e-29
"5",0.074324045373874,0.123618899787822,0.0725625763118401,5.20244288384867e-12,5.68490861841114e-12,6.39187078092474e-12,4.37622871951589e-12
