"","glmGamPoi (Pb)","edgeR (Pb)","limma (Pb)","glmGamPoi (cell)","Nebula","Devil (base)","Devil (mixed)"
"1",0.00101013596134586,0.0130769015136718,0.000865616342528238,6.68646275981075e-15,4.85397405766001e-15,7.6407569116648e-15,1.41752710736778e-07
"2",0.0230240309626394,0.041731284896073,0.0049289595129872,6.1308641360267e-19,5.42450082936342e-20,6.25143350476742e-19,6.46029270746515e-13
"3",0.0391307430397792,0.057377069112307,0.0984917183739226,0.00110882337194907,0.00113304747527473,0.0011559165811151,3.36289319981985e-06
"4",0.0457121653444904,0.0465866446350311,0.0865706105347089,6.90983394684696e-08,1.53449100630531e-08,7.62371742596903e-08,3.44515724223601e-08
"5",0.000405022269662314,0.00656957372237973,0.00107548911759957,2.61177798964498e-13,8.00934189032092e-14,2.96609169966213e-13,3.99727988683973e-18
