"","glmGamPoi (Pb)","edgeR (Pb)","limma (Pb)","glmGamPoi (cell)","Nebula","Devil (base)","Devil (mixed)"
"1",0.000272902914045409,0.00772047683665147,0.000414252381935643,3.51117789222852e-09,7.77453000043366e-10,3.40087064513698e-09,1.42967580171746e-17
"2",1.32473243302721e-05,0.00283809517642669,5.93373474443687e-06,3.36226635793927e-19,2.04447899721965e-19,3.38533834659892e-19,9.69432212415139e-37
"3",0.000301341275658824,0.00335564623062745,0.000265215215240278,2.66967244329772e-12,4.30342174883233e-12,2.67473616006505e-12,4.59568088993559e-10
"4",0.0015481800310033,0.0110560139083016,0.00170038901290677,8.19444357044768e-72,3.35604603542309e-84,5.38075995506343e-72,4.93337325708157e-69
"5",0.00169774846810768,0.0318327190246306,0.00280929743948724,2.20234426135091e-12,4.73477422432932e-12,2.11189235986693e-12,2.39982610673506e-24
