"","glmGamPoi (Pb)","edgeR (Pb)","limma (Pb)","glmGamPoi (cell)","Nebula","Devil (base)","Devil (mixed)"
"1",0.00272939330540554,0.0151031528049335,0.00153138370531209,3.48305301947491e-19,4.23659506476393e-21,2.82001124010753e-19,1.02289886183872e-26
"2",2.26807366397377e-08,6.08593495035599e-05,3.30705570124018e-07,1.6962997640246e-28,5.34643161843196e-33,9.68178231040518e-29,8.75974358381389e-29
"3",0.000368529490056143,0.0328683328022809,0.00309424610862894,1.44878788829051e-10,1.47623156254093e-10,1.71646681712655e-10,1.84886803119229e-17
"4",0.00342070524628024,0.0220301965284095,0.00650347646145658,8.95945481980024e-08,2.47374565125015e-08,1.0315787341577e-07,7.9840231337404e-20
"5",0.015829133981199,0.0280842073396727,0.0624212833780558,1.34800268134425e-05,1.63213935316855e-05,1.53413783744495e-05,2.94562250160188e-06
