"","glmGamPoi (Pb)","edgeR (Pb)","limma (Pb)","glmGamPoi (cell)","Nebula","Devil (base)","Devil (mixed)","glmGamPoi (fixed)"
"1",0.0299322267150539,0.0528778240434034,0.0299021258593049,0.000103929800311595,3.89904916596537e-05,0.000108590494265153,1.06680422569438e-75,NA
"2",0.0367801929884869,0.0638965241248326,0.0359234893686723,0.00263988991943353,0.00200692986023878,0.00266965431400383,0.0396139885912362,NA
"3",0.032440553873073,0.057316728017392,0.0208622799048919,7.00197491834788e-06,7.26037370173703e-06,7.66192556012748e-06,2.33681871413776e-08,NA
"4",0.114629492736748,0.163127361454745,0.126751036352866,1.86644976367229e-22,1.36969986197187e-21,1.28389753123516e-22,7.40415659888905e-09,NA
"5",0.125329373666543,0.152589484246966,0.163690553279711,0.00112623180980847,0.00110797472773219,0.00115062560540105,0.00248451310618221,NA
