"","glmGamPoi (Pb)","edgeR (Pb)","limma (Pb)","glmGamPoi (cell)","Nebula","Devil (base)","Devil (mixed)","glmGamPoi (fixed)"
"1",0.040160266452057,0.0624746686650015,0.0430827682320017,4.14751511579357e-15,1.72655342794641e-14,5.59374944937705e-15,7.48604524722601e-07,9.3851422423635e-15
"2",0.168415359803176,0.257843768023491,0.121506130510554,0.00185822410969901,0.0019926448211801,0.00189194167582056,1.0148033774459e-05,0.00237154460313711
"3",0.0706735612103646,0.118137096327838,0.0771108779643134,1.10087548252992e-19,5.86297474267421e-21,1.18933730261623e-19,2.49760461951297e-76,5.90967858550746e-21
"4",0.0170641906925479,0.0364531794508529,0.0132032283927498,1.48116530837497e-44,6.44181494918385e-45,2.94182191163641e-44,1.92037399748166e-36,5.142078212091e-44
"5",0.027943796015179,0.0577332600180797,0.0357032412517175,1.32124476465698e-11,1.615152627318e-11,1.49539440664134e-11,8.68187259832977e-25,1.82145839255898e-11
