"","glmGamPoi (Pb)","edgeR (Pb)","limma (Pb)","glmGamPoi (cell)","Nebula","Devil (base)","Devil (mixed)"
"1",0.0509069213872744,0.0979189956813143,0.0475682521710019,8.60885982215923e-08,8.71703004754561e-08,9.14333180966711e-08,1.7736752145618e-29
"2",0.367790909731682,0.41675651670452,0.274973492849116,0.00148963818749224,0.0013888195742057,0.00152107963621153,2.69191210869232e-10
"3",0.0517298476087441,0.0829882378179231,0.0372169668188329,1.04949172724183e-19,1.19499803381241e-19,1.40619770836763e-19,1.23642605737579e-28
"4",0.360368644339161,0.395844590493487,0.349778363908446,2.69747759125709e-41,7.02190607863346e-50,2.83041796500526e-41,7.91687033318588e-80
"5",0.00713483262404996,0.0181203273466047,0.00526286562536362,6.48027838620926e-41,1.45720400211544e-41,1.0360238450819e-40,7.60513469213678e-39
