"","glmGamPoi (Pb)","edgeR (Pb)","limma (Pb)","glmGamPoi (cell)","Nebula","Devil (base)","Devil (mixed)"
"1",0.0369288177819459,0.0477856330149363,0.0393020001467979,0.000292126343671756,0.000248563384603477,0.000310020135500569,2.18156507836147e-06
"2",0.232152841729743,0.26376389245221,0.345765379583875,2.94157614345001e-06,1.92338257844863e-06,3.17910727533894e-06,4.33239658730653e-06
"3",0.0399096723977446,0.0744232841066186,0.0419528941341275,6.5504728018442e-08,5.22336366210669e-08,7.58252529652484e-08,3.24526510195497e-17
"4",0.0741785605443378,0.0904259631186492,0.094204627832981,6.38665828271129e-10,7.30284946612999e-10,7.1635889972758e-10,8.56298687820256e-08
"5",0.390715046302702,0.431126064130903,0.360357611134577,1.12821077039044e-07,1.19813247069465e-10,1.18544895958651e-07,7.58169640680468e-151
