"","glmGamPoi (Pb)","edgeR (Pb)","limma (Pb)","glmGamPoi (cell)","Nebula","Devil (base)","Devil (mixed)"
"1",0.00210730343122075,0.00988685287990263,0.00860839970844361,2.06417262358427e-26,3.10159392323624e-27,2.07646913205101e-26,2.06714736528634e-13
"2",0.00212659780808356,0.00981126263397017,0.00415461503699831,6.58021678818363e-39,4.31081100699671e-44,5.49268135869075e-39,4.28688507208721e-55
"3",8.37363474141526e-07,0.000222502635494463,1.13172329827386e-06,6.02352172934768e-37,1.66690248216972e-41,1.44820291610023e-36,1.66827489784783e-36
"4",5.17881823788964e-06,0.00126611449602503,4.06893590063394e-06,1.30924652285829e-24,2.91822262342923e-25,1.2248174854709e-24,2.1461991785987e-21
"5",0.000129603905370458,0.00213430865886516,0.000186447306154513,1.40537661857687e-50,4.60320931022268e-48,1.12958243860267e-50,1.99397640502817e-18
