"","glmGamPoi (Pb)","edgeR (Pb)","limma (Pb)","glmGamPoi (cell)","Nebula","Devil (base)","Devil (mixed)"
"1",0.0305031447374911,0.0507749844170747,0.0423991326444876,2.1361129608588e-24,8.00038737151955e-33,1.67335612596808e-24,2.76417462358422e-29
"2",6.13153611520601e-08,0.000299991765283975,1.07739052169242e-07,7.1719426289111e-20,1.28196716121739e-20,7.94946431114845e-20,4.96527252753976e-17
"3",0.0252870133981156,0.0771196612119128,0.0358549357470681,2.42145066600037e-08,8.78118462274312e-09,2.50707276847958e-08,1.83987803660935e-07
"4",6.90658364644525e-06,0.00128704463301494,7.20407501892741e-06,2.0171332261515e-09,2.18136842087014e-09,2.26538912012849e-09,8.97879240155641e-10
"5",0.000490610095038361,0.00374548972807545,0.000419485091118118,4.96239292799554e-59,1.03872143677537e-59,1.95140688482914e-59,1.9881099987927e-54
