"","glmGamPoi (Pb)","edgeR (Pb)","limma (Pb)","glmGamPoi (cell)","Nebula","Devil (base)","Devil (mixed)","glmGamPoi (fixed)"
"1",0.000361388210049899,0.00226795260571449,0.000384518953008722,5.83508620439938e-95,1.27737058072031e-103,1.33696623714752e-95,1.97359473426925e-198,NA
"2",0.0353836192136064,0.0713227128783714,0.0381803144915363,9.99308782654092e-09,6.5553620902242e-09,1.08803370271717e-08,9.55218906034677e-08,NA
"3",0.0022458687343543,0.00720042918280004,0.00206795362650062,1.0126556903751e-13,6.4403806280001e-14,1.21534107050005e-13,5.16724041423112e-133,NA
"4",0.0549252809833058,0.0861361233620545,0.0779407395477544,1.24180675993495e-15,3.06651041291634e-16,1.46531751158971e-15,1.18254389340862e-85,NA
"5",0.00505257136344879,0.0196638287932465,0.00540679545471114,6.94612468153097e-11,2.29107141787645e-11,7.32352303513874e-11,1.84479829738132e-08,NA
