"","glmGamPoi (Pb)","edgeR (Pb)","limma (Pb)","glmGamPoi (cell)","Nebula","Devil (base)","Devil (mixed)"
"1",0.00331134636324112,0.0160492965232485,0.00410864985502088,1.49443615271331e-31,1.94302806969594e-31,1.93420150406902e-31,4.33998161649553e-16
"2",0.0834944132750019,0.128113309062758,0.0729211455737299,8.50471667866232e-06,9.47078728211267e-06,9.06521392237094e-06,1.82394432816872e-05
"3",0.255014799526165,0.32692791484405,0.30524794984823,0.000901782462101853,0.000769069685485673,0.000912865932653157,0.0337703102546168
"4",0.0604381981076472,0.0945754914532902,0.0606990933013218,7.8059307507946e-09,1.31556312283996e-09,8.13296257741606e-09,1.24113999939771e-20
"5",0.0576313688092941,0.0849387584457446,0.0783261138806716,1.26346030158268e-08,8.68260651905281e-09,1.44831480417611e-08,4.0305283379775e-32
