"","glmGamPoi (Pb)","edgeR (Pb)","limma (Pb)","glmGamPoi (cell)","Nebula","Devil (base)","Devil (mixed)"
"1",9.88335111066054e-06,0.00508218088670693,8.17166345187491e-06,2.36291658011011e-16,2.57174764153135e-16,2.77787000573239e-16,8.82609925898088e-28
"2",0.00934617371220327,0.0168816180535889,0.0185417724199993,7.28404794864154e-09,1.18264667618827e-08,7.87302965008228e-09,1.67521837213275e-17
"3",3.07786778857545e-05,0.000933137805652187,8.44820642985348e-06,4.50645102845669e-17,2.62234018426641e-18,5.2512782304516e-17,2.28764718125856e-27
"4",0.00373097723467175,0.0132356345604112,0.00480477275923352,6.80574992426157e-78,6.12949661772905e-81,4.28268521313756e-78,2.01156432944061e-46
"5",6.34236074328368e-07,0.000859909803984038,6.52044821385652e-06,4.09213665011703e-33,8.92116914112536e-34,4.64889030119532e-33,2.19879099320366e-49
