"","glmGamPoi (Pb)","edgeR (Pb)","limma (Pb)","glmGamPoi (cell)","Nebula","Devil (base)","Devil (mixed)"
"1",0.00886417686936943,0.0172648755811754,0.021123574913143,1.21215473833178e-14,6.28292908061545e-14,9.08793679177716e-15,3.49213985091494e-18
"2",0.000110940904969045,0.00455515090146736,0.000204749067965599,1.68836458314438e-21,1.46724551652551e-20,1.69628987847104e-21,8.46393254683083e-17
"3",3.19064872712335e-08,2.59069735398026e-05,4.19768414361419e-08,1.91163158114849e-37,1.33149606782987e-42,1.88014257125367e-37,3.58742003598207e-34
"4",2.54996513849802e-06,0.00102487486639878,4.07656712789495e-06,1.50034180981794e-65,2.97861076265533e-78,8.00034013557781e-66,1.44245589862446e-63
"5",0.00137333559312194,0.0101415747664308,0.00318323374016505,1.32243568510436e-05,1.47946483928075e-05,1.35688814604739e-05,3.96941097471717e-05
