"","glmGamPoi (Pb)","edgeR (Pb)","limma (Pb)","glmGamPoi (cell)","Nebula","Devil (base)","Devil (mixed)","glmGamPoi (fixed)"
"1",0.00159418772978943,0.019407036012341,0.00171793144638668,4.86093244025914e-21,1.07064817869012e-24,5.33411806089101e-21,8.44421839623558e-24,NA
"2",0.0154863416289853,0.0235314923814424,0.00611819192054013,4.69773242130591e-16,8.07223799639494e-17,4.82325394841945e-16,1.05924174380371e-23,NA
"3",0.000385222051895279,0.00696174873083153,0.00052541218002599,1.01999771189955e-10,2.38431527516093e-12,1.18368647206242e-10,4.93556684193136e-13,NA
"4",0.00229201934003269,0.0198900936858821,0.00292214831345566,6.68564556774638e-07,1.98576099082803e-07,7.18473719289029e-07,1.04067982491938e-06,NA
"5",0.00468841385482164,0.00598802476391568,0.00863666309027566,2.29226809601529e-08,1.98956114873365e-08,2.50642271746399e-08,0.000135737846760292,NA
