"","glmGamPoi (Pb)","edgeR (Pb)","limma (Pb)","glmGamPoi (cell)","Nebula","Devil (base)","Devil (mixed)"
"1",0.369816903971549,0.402752204655391,0.223097163800499,0.00406159180793046,0.00216839355602656,0.00396626379451326,7.74536858037775e-56
"2",0.0799451757205447,0.118313662496611,0.0566064788720723,1.28117851508672e-25,6.44026082818498e-38,1.34505279073004e-25,2.57766412673205e-14
"3",0.0997682087452046,0.144044418034316,0.102414039386012,6.87616568192224e-11,2.32886392818804e-13,7.71921006226248e-11,1.53562252062197e-18
"4",0.157742783389786,0.186664622158075,0.297402009722919,2.54041926698548e-22,1.8903816118853e-24,2.57092324687566e-22,4.88188796686843e-06
"5",0.234071042199439,0.27079910459433,0.2919622800777,1.83839917522717e-07,1.84579191690277e-07,1.95401627820071e-07,2.38905759496563e-21
