"","glmGamPoi (Pb)","edgeR (Pb)","limma (Pb)","glmGamPoi (cell)","Nebula","Devil (base)","Devil (mixed)"
"1",0.00648558051021535,0.010365140157088,0.0071205821424671,0.00116834057170128,0.00095321977242037,0.00136030150375979,0.000557996584948761
"2",0.0128314928369171,0.0193346605710254,0.0112249606758563,0.000137334912593098,0.00013722070926686,0.000153572026259456,0.00134719796363743
"3",0.067490048041986,0.0785636927544143,0.070012716394319,0.00207673918261826,0.00115359185056363,0.0023314123908889,0.00152860587863327
"4",0.0245913755544516,0.0304742391263382,0.0153055662708143,0.00941247690617825,0.00824768959052983,0.0102191526459123,0.000634978698529346
"5",0.253648012508924,0.289203248902788,0.284019777799156,0.156813696841848,0.167349328018041,0.158824200383761,0.273196345318516
