"","glmGamPoi (Pb)","edgeR (Pb)","limma (Pb)","glmGamPoi (cell)","Nebula","Devil (base)","Devil (mixed)"
"1",0.116432064170202,0.148505755742474,0.10607718830525,2.58540900452302e-24,5.30977002945451e-25,1.94801085064754e-24,5.90830281909086e-85
"2",0.00529432724882009,0.0186083897406609,0.00231257236695421,8.84606484577224e-19,3.21346933851914e-18,1.5078998990538e-18,1.85795462252941e-47
"3",0.130392340964989,0.156111653235473,0.114960676800752,1.58789205694087e-07,9.03581703264409e-08,1.90012025009957e-07,2.570497771883e-36
"4",0.107110402464962,0.0996738867189898,0.123650507085935,1.9208280328726e-05,1.30550067828135e-05,2.25965036152182e-05,4.38615571771807e-08
"5",0.5888339386974,0.636539744548325,0.24096539461033,0.00139389945956518,0.000177890084221089,0.00132320041106307,0.00484301924393541
