"","glmGamPoi (Pb)","edgeR (Pb)","limma (Pb)","glmGamPoi (cell)","Nebula","Devil (base)","Devil (mixed)"
"1",0.00648558051021541,0.0103651401570872,0.00712058214246718,0.00116834053264074,0.00095321977242037,0.00132036085358759,0.000540560485417985
"2",0.0128314928369171,0.0193346605710234,0.0112249606758564,0.000137334907986074,0.00013722070926686,0.000149678692261502,0.00132933189215418
"3",0.0674900480419865,0.0785636927544146,0.07001271639432,0.00207673912355588,0.00115359185056363,0.00225839839710493,0.00148144959452536
"4",0.0245913755544516,0.0304742391263349,0.0153055662708144,0.009412476701249,0.00824768959052983,0.0100357515487849,0.000625433552325511
"5",0.253648012508925,0.289203248902787,0.284019777799162,0.156813695465096,0.167349328018041,0.159933818306625,0.27457895467486
