"","glmGamPoi (Pb)","edgeR (Pb)","limma (Pb)","glmGamPoi (cell)","Nebula","Devil (base)","Devil (mixed)"
"1",0.0209297448190883,0.0448858692365524,0.0212161351073381,2.93496329780173e-30,3.89357011822616e-31,4.50389362845273e-30,3.87516412733895e-71
"2",0.167287913188545,0.206518402470556,0.206205731422101,3.55545811135942e-21,1.20846859774631e-20,3.44677027840926e-21,2.76553990972631e-53
"3",0.103502350882455,0.157656018698445,0.140200774590795,1.47919698498009e-16,2.78043713082591e-16,2.09502891563308e-16,2.08656824205452e-51
"4",0.0225322631102528,0.0514600306843504,0.0231213975706661,8.04000177180364e-82,4.08606133438073e-83,1.90898575999804e-81,1.00325354151123e-191
"5",0.0206237537512304,0.0362617851011615,0.0226309224006923,4.65191069826382e-20,3.48436397938224e-20,5.21954043176694e-20,9.17817130946827e-26
