"","glmGamPoi (Pb)","edgeR (Pb)","limma (Pb)","glmGamPoi (cell)","Nebula","Devil (base)","Devil (mixed)"
"1",0.000415100107400523,0.00421944539811749,0.000550656416654131,3.28868290119865e-22,5.29546431519651e-22,4.68988416025359e-22,8.29869217940042e-20
"2",9.33944615073634e-08,5.25701058612388e-05,9.28206326714436e-08,1.76771563667237e-71,4.05609960954693e-73,3.82077732184977e-71,7.26777417706062e-110
"3",1.56442826648284e-08,6.06855893727575e-05,7.47304174420947e-08,1.3645010650631e-28,2.24504118754996e-30,1.6466624991147e-28,2.7395632963404e-31
"4",1.37801345827043e-14,6.23428284191421e-08,2.54722258182399e-14,4.35580102692786e-117,6.48460241280127e-126,1.57782446622697e-117,4.88070530531854e-150
"5",0.00299007697364804,0.0175285818141743,0.00881871749740937,9.99157789923662e-10,1.70288522137687e-09,1.13092025242294e-09,5.22427197751352e-06
