"","glmGamPoi (Pb)","edgeR (Pb)","limma (Pb)","glmGamPoi (cell)","Nebula","Devil (base)","Devil (mixed)","glmGamPoi (fixed)"
"1",0.143407739679805,0.134051108714416,0.179415703156711,0.00261458191243565,0.002891851432802,0.00271764704937758,1.22085668522443e-10,0.00213069235648154
"2",0.126571925561925,0.205123296741783,0.174169922930126,0.00157578699699113,0.00143928950037149,0.00166049412755893,1.55035007071065e-18,0.00151648457589803
"3",0.218971960711517,0.277384191563835,0.195244080229498,3.94807337810973e-07,1.01528006747736e-06,4.18902732339686e-07,1.15190531267701e-28,9.27798977335952e-07
"4",0.06933874490944,0.0942842158435466,0.0564564680550971,5.18472062342807e-06,4.8940641272224e-06,5.59177257472059e-06,5.60750756814531e-10,6.30255223679075e-06
"5",0.135885081970547,0.325726262536358,0.208439771594094,0.00324972786889882,0.00302628929764808,0.00335978690214832,2.23426466255328e-14,0.0030686056877851
