"","glmGamPoi (Pb)","edgeR (Pb)","limma (Pb)","glmGamPoi (cell)","Nebula","Devil (base)","Devil (mixed)","glmGamPoi (fixed)"
"1",0.0712366732913662,0.104579370777709,0.0982330396807153,8.78747288295331e-19,5.60378219512503e-19,1.04291062396051e-18,7.31369966320609e-19,2.75012270195294e-19
"2",0.154927965370256,0.1858541569538,0.173248029323214,4.83809437033712e-10,2.85938593267878e-11,5.20974198883205e-10,3.14266791164639e-143,1.744740716332e-11
"3",0.257070809251875,0.295714540425367,0.297323948391611,2.67314946397138e-17,7.34560924324289e-21,3.12498024914035e-17,1.24731177573504e-60,4.59745512055861e-21
"4",0.0155927526658908,0.0401164021225697,0.0262262625908256,1.14934875982465e-08,4.44832397090163e-09,1.37799510462332e-08,5.08420587203825e-26,4.39560059587776e-09
"5",0.297011918335636,0.345492942570399,0.271902944679582,2.33658456856181e-23,1.27617390621262e-26,1.77105857972703e-23,2.06484398715204e-37,2.67891463340207e-25
