"","glmGamPoi (Pb)","edgeR (Pb)","limma (Pb)","glmGamPoi (cell)","Nebula","Devil (base)","Devil (mixed)"
"1",0.657398220751844,0.785659803237858,0.52229448769907,0.111344813512755,0.111796114017877,0.111252237742131,0.0569006323865075
"2",0.046926046807363,0.0780379872284796,0.0236686214760777,9.81805745256695e-12,2.35536403721313e-11,1.16996574762084e-11,3.50646601312795e-21
"3",0.00960575666077297,0.027967388304578,0.0141285522566468,7.06600285436817e-07,7.59188396871193e-07,9.20744811482953e-07,1.43504056121574e-199
"4",0.271584894481732,0.261073421812239,0.329922335842564,0.00439310454442227,0.00365529583300575,0.00449188633368384,8.36796855331074e-05
"5",0.200630678325101,0.2018508184546,0.20808589961949,0.0180911153566902,0.0126385958956094,0.0190838445516185,5.34689586213805e-05
