"","glmGamPoi (Pb)","edgeR (Pb)","limma (Pb)","glmGamPoi (cell)","Nebula","Devil (base)","Devil (mixed)"
"1",0.000526761976367726,0.0115936142696376,0.00116826625364932,1.41296237118776e-18,2.83923008649481e-18,1.77845340209924e-18,3.59816040392535e-60
"2",6.34524855571626e-05,0.00135148106026185,3.41250037760789e-05,4.51189926605956e-28,4.99798547895205e-29,4.34669023453603e-28,1.8123156577503e-21
"3",8.39145620384433e-05,0.00239969382128596,5.91110681118841e-05,1.13569776051723e-13,5.35784173819622e-14,1.32786830230674e-13,6.4637845969357e-13
"4",0.000130047247748626,0.00231731330218938,0.000217748453450582,4.26955597721598e-27,1.89685793881822e-25,5.19842827292058e-27,4.86464799765104e-57
"5",0.0226216586722563,0.0432117238288362,0.0152489185347298,2.53842305533611e-12,4.53137742132651e-14,2.24953857287448e-12,8.90614019360853e-13
