"","glmGamPoi (Pb)","edgeR (Pb)","limma (Pb)","glmGamPoi (cell)","Nebula","Devil (base)","Devil (mixed)"
"1",3.65590761351471e-05,0.00223716477215631,4.29447780427311e-05,8.96631567587669e-18,2.39282619300067e-18,1.03668173962813e-17,2.52659746680586e-13
"2",0.00183527457015901,0.00566158955177725,0.00238551222256426,7.87320058440235e-14,2.56493031233832e-14,8.88628111269215e-14,2.38222992886774e-25
"3",0.000586941194878306,0.00789690426375557,0.00501418678601277,3.33038444224018e-07,8.27996863708301e-07,3.62682455097919e-07,2.89065738572382e-06
"4",0.00300730801840409,0.0333916122824259,0.00258544715623858,1.26357340938087e-07,1.05791952444729e-07,1.35449477654139e-07,3.7383197156607e-09
"5",0.00103461608910041,0.00289368456194054,0.00260759392347656,3.18576697089637e-11,3.38414729424851e-11,3.76377097619432e-11,3.53891639716939e-10
