"","glmGamPoi (Pb)","edgeR (Pb)","limma (Pb)","glmGamPoi (cell)","Nebula","Devil (base)","Devil (mixed)","glmGamPoi (fixed)"
"1",0.148456593095879,0.388338996030277,0.218495863442447,2.156647577668e-08,3.22353731720397e-08,2.25166792025862e-08,4.73010341108682e-05,2.88219188143113e-08
"2",0.000630287057199029,0.028936288239218,0.00218682686769865,7.88558003870851e-12,9.18775478762793e-12,8.81257826214394e-12,7.52825791312466e-16,8.2592652216304e-12
"3",2.38860015864674e-05,0.00245408271618298,1.71454145661317e-05,5.16096313367264e-40,2.01406141114543e-42,7.81644553744507e-40,9.97417004531718e-43,8.88107054419056e-42
"4",3.16362776189583e-06,0.00762707788457873,0.000463522903101061,1.35405422273241e-78,6.67221409502701e-84,2.28753417078326e-78,3.29685361864467e-71,1.12216747280486e-82
"5",3.30198599754063e-05,0.00165056599858457,0.00061326589728122,6.34691444473618e-27,3.17106254372351e-26,7.87022298037139e-27,1.62476168792474e-22,1.30225667034323e-26
