"","glmGamPoi (Pb)","edgeR (Pb)","limma (Pb)","glmGamPoi (cell)","Nebula","Devil (base)","Devil (mixed)"
"1",0.03190584328197,0.040476978482855,0.0267894842793635,6.78932581757953e-10,5.61049026927399e-10,8.91628247333433e-10,6.73933226766394e-26
"2",0.010168450766648,0.106047980640839,0.00595545573482818,5.77787312657207e-23,4.93691934440198e-23,1.16399332619715e-22,7.67054365670158e-254
"3",0.0566902910405343,0.0924344573380111,0.0297364544617407,1.15881884369207e-20,5.12913607091849e-22,1.86431719659314e-20,8.82019227971512e-26
"4",0.0828007538886849,0.217306175252753,0.038137193967389,8.69634127987598e-05,7.54149434010881e-05,8.4785266997303e-05,3.06121440458136e-37
"5",0.164624843069643,0.199921884536859,0.0805168086308168,1.00368047334437e-06,3.35865165312026e-07,1.2430728471523e-06,9.92567900645753e-07
