"","glmGamPoi (Pb)","edgeR (Pb)","limma (Pb)","glmGamPoi (cell)","Nebula","Devil (base)","Devil (mixed)"
"1",0.355070950885442,0.347236533828063,0.197712867374192,0.0192832710412548,0.0225878998988206,0.0206804906515243,0.00246086376698601
"2",0.827055185970932,0.784040942189801,0.454836936029226,0.10024518492805,0.169613734162085,0.103233261807793,0.00499774342878373
"3",0.926165569062452,0.930035490138013,0.631827191222174,0.498505646078544,0.183991556751621,0.505471020143232,0.540249235069543
"4",0.843198974604199,0.841207319435712,0.77638860280836,0.348861818802272,0.285750357647602,0.352839512918503,9.88449230380938e-05
"5",0.395317061172867,0.391657622427223,0.549139013835605,0.000647536113650341,0.00261921902467296,0.000770325162107061,4.80537168072676e-104
