"","glmGamPoi (Pb)","edgeR (Pb)","limma (Pb)","glmGamPoi (cell)","Nebula","Devil (base)","Devil (mixed)","glmGamPoi (fixed)"
"1",1.14943037513358e-14,3.67964553594698e-08,5.36287283758835e-14,1.96376435171034e-181,2.00841067320804e-201,3.72165087525247e-182,2.67391205922999e-250,NA
"2",1.31940571499542e-06,0.000181982155782952,3.43838870304405e-06,1.01122644484261e-24,3.91091664211261e-25,1.32661391319926e-24,2.55370788752409e-34,NA
"3",7.9647355794653e-09,5.20139508609079e-06,9.58847294018655e-09,2.25163509961868e-34,3.88639975316814e-34,3.70336119053902e-34,2.1614411008073e-50,NA
"4",0.000442464441256317,0.00606271216307526,0.000671386440263865,2.97231642917571e-29,5.64597596787145e-30,4.22989950031674e-29,1.49620438832822e-26,NA
"5",0.000441593618609264,0.00312603888313036,0.000962575012642196,1.15062469021605e-24,5.51124210135957e-24,1.26003816725764e-24,1.19025912884805e-21,NA
