"","glmGamPoi (Pb)","edgeR (Pb)","limma (Pb)","glmGamPoi (cell)","Nebula","Devil (base)","Devil (mixed)"
"1",0.119245533696676,0.201182640908497,0.246275729748916,4.4304784221372e-09,8.79232185105466e-09,5.2123556072516e-09,8.50555808179337e-60
"2",0.0141595063387619,0.0211141659438439,0.0075209244922255,6.93521063413191e-05,6.98981666227979e-05,7.16588931393716e-05,0.000107233631485428
"3",0.135783359563138,0.214405152449043,0.105678450403173,0.000279948987002949,0.000453536024347842,0.00031350445549336,0.0101465908063382
"4",0.0161804881633202,0.0265065073218528,0.00601686265419799,3.9764828991642e-05,4.08914548951448e-05,4.59102321258472e-05,1.99951087655338e-14
"5",0.518114509512808,0.53850993221134,0.423384691543596,0.0859789369038331,0.0688763524825266,0.0850947905494467,0.00686214477059172
