"","glmGamPoi (Pb)","edgeR (Pb)","limma (Pb)","glmGamPoi (cell)","Nebula","Devil (base)","Devil (mixed)"
"1",0.0434654336028153,0.0878163760479589,0.0185321817405852,7.11232557522632e-15,8.72550964773429e-17,9.0444462580315e-15,2.33957933814794e-11
"2",0.0565088935771769,0.0708278031291736,0.0541048800215583,5.22656166499058e-14,1.54934769864354e-15,4.30723219472624e-14,6.24519653987552e-14
"3",2.75848047728302e-06,0.00050374614909577,1.58473992360016e-05,2.87707955180294e-11,1.19035603683263e-11,3.79921345410049e-11,5.65462306356406e-16
"4",6.3930570497862e-07,0.000280945624657861,3.10745445167222e-07,2.82216519059032e-45,1.28187451513847e-51,3.501726017081e-45,1.96322643760887e-51
"5",0.00151869956406046,0.0517451006883889,0.0022345058240879,1.55437288214493e-10,7.68547916916249e-11,2.06998550008061e-10,8.46876598168908e-16
