"","glmGamPoi (Pb)","edgeR (Pb)","limma (Pb)","glmGamPoi (cell)","Nebula","Devil (base)","Devil (mixed)","glmGamPoi (fixed)"
"1",0.01564190373767,0.0207272384380585,0.0110989080992945,7.35667879514446e-12,8.36813119975266e-12,8.62338288042509e-12,1.43836179479238e-254,4.00603929841284e-12
"2",0.0388768025037235,0.056244366721995,0.0367956947356897,6.92978040866988e-11,1.3638673605724e-10,7.86883952605897e-11,1.64630744652452e-22,3.80443556794691e-11
"3",0.0627991373286522,0.111395498140276,0.0611986560575829,1.93190680021433e-05,2.17564932737061e-05,2.02180516092126e-05,3.22468366882899e-40,2.34125058764196e-05
"4",0.0698336846186533,0.0884190491864335,0.107199392238252,0.000213139690468245,0.000518902419680791,0.000219607617403901,5.10238463200148e-09,0.000290210602226528
"5",0.0933980746607709,0.131916846728662,0.0855104623156755,9.88094118125564e-20,1.23521852015154e-21,1.03007687704237e-19,1.60819528286656e-50,1.49932303429625e-21
