"","glmGamPoi (Pb)","edgeR (Pb)","limma (Pb)","glmGamPoi (cell)","Nebula","Devil (base)","Devil (mixed)"
"1",0.00222808767368079,0.0243446698256366,0.00170999367869419,1.89538316745171e-23,1.45860613415934e-26,2.21797789340304e-23,4.73199687397416e-12
"2",0.000854009436789118,0.00682582829860526,0.000997134999396706,2.87428773463429e-54,2.04359819211477e-58,1.57522722005041e-54,2.28463313626758e-35
"3",3.38497508767811e-05,0.0044751600733637,2.18656845380769e-05,3.08889327131053e-53,1.86262342174829e-56,3.67488191220372e-53,2.21689127301292e-92
"4",0.00557905531745987,0.0156578238339155,0.00956129477324897,1.51313498725536e-24,1.95868936156368e-25,1.61273571685762e-24,1.66626153861918e-25
"5",4.09863725188766e-05,0.00269432805785638,4.47003213182943e-05,3.44112626063118e-46,5.34629945683605e-51,5.51246742891842e-46,5.61068758415948e-43
