"","glmGamPoi (Pb)","edgeR (Pb)","limma (Pb)","glmGamPoi (cell)","Nebula","Devil (base)","Devil (mixed)"
"1",0.00203507692242489,0.00382405385010424,0.00333738092356846,1.0723485139584e-21,3.90905501324578e-21,1.73417694390424e-21,1.51033587655703e-13
"2",0.132860849248589,0.149098376099043,0.261287544785378,0.000137693199965199,0.000369690132085903,0.000141183592899982,2.16836866073671e-05
"3",0.0113112575482537,0.019617190331336,0.00899099506723152,6.91813129660799e-18,2.31262699004894e-18,8.48667236799351e-18,4.1034660096896e-13
"4",0.0943825614671848,0.129067366158693,0.0865658940391973,2.26806166312063e-47,4.92824875542412e-55,2.0771937879668e-47,2.0921153547426e-162
"5",0.108833407957862,0.166702471291695,0.170481514241284,2.11902085751898e-09,6.36788975084314e-09,2.27853933457459e-09,8.8639638503721e-05
