"","glmGamPoi (Pb)","edgeR (Pb)","limma (Pb)","glmGamPoi (cell)","Nebula","Devil (base)","Devil (mixed)","glmGamPoi (fixed)"
"1",0.186203594241486,0.240978433225167,0.200382827729412,8.77161334171833e-06,1.20871882101402e-05,9.38187612454627e-06,2.08090666885513e-08,NA
"2",0.0202391701614462,0.0430828409133632,0.0131607700854696,7.52591800759885e-15,7.68566619262652e-15,8.96182690022202e-15,1.67733326609601e-08,NA
"3",0.00944755928160716,0.0107088879133727,0.00615275766897282,3.78104135981153e-06,4.51715448022519e-06,4.13430757652189e-06,1.99830698133723e-06,NA
"4",0.289886097081529,0.334485317061671,0.303736094940402,4.56090209915919e-09,1.97301872554586e-09,4.55236768018691e-09,6.89502335666761e-29,NA
"5",0.074324045373876,0.123618899787822,0.0725625763118427,5.20244287973069e-12,5.68490861841114e-12,5.85313183509952e-12,4.34825973751795e-12,NA
