"","glmGamPoi (Pb)","edgeR (Pb)","limma (Pb)","glmGamPoi (cell)","Nebula","Devil (base)","Devil (mixed)","glmGamPoi (fixed)"
"1",0.00272939337178555,0.0151031528049335,0.00153138370531206,3.48305302642195e-19,4.23659506476393e-21,2.83347552811324e-19,1.02128794995429e-26,1.73164598475554e-20
"2",2.26807382600289e-08,6.08593495035599e-05,3.30705570124015e-07,1.69629975541856e-28,5.34643161843196e-33,9.76178384341202e-29,8.74992487920005e-29,8.56550103367019e-32
"3",0.000368529471998789,0.0328683328022809,0.00309424610862885,1.44878789166876e-10,1.47623156254093e-10,1.63931580765757e-10,1.72133619276272e-17,1.36980562572336e-10
"4",0.00342070523603124,0.0220301965284095,0.00650347646145641,8.95945483226376e-08,2.47374565125015e-08,9.72578803990359e-08,7.04696094823691e-20,2.40184414275943e-08
"5",0.015829138358748,0.0280842073396727,0.0624212833780556,1.34800268307625e-05,1.63213935316855e-05,1.4355291949643e-05,2.80440143874137e-06,1.64610944761e-05
