"","glmGamPoi (Pb)","edgeR (Pb)","limma (Pb)","glmGamPoi (cell)","Nebula","Devil (base)","Devil (mixed)"
"1",0.0017622340306474,0.0220096363753158,0.0172025994826361,1.39578940933711e-09,1.37724137095649e-09,1.73012565175405e-09,1.04873515222416e-17
"2",0.0523749328678967,0.0711842823052197,0.0901786507120865,6.75135738704141e-07,7.12954205398045e-07,6.99728034409485e-07,2.22706754469843e-13
"3",0.267312718902284,0.253836389928528,0.211747969068064,0.028681102204264,0.0686111060849103,0.0284775545692261,0.380388432628701
"4",0.50513308542158,0.503090321334002,0.861095007137674,0.0649920760773735,0.0370838782149607,0.0642969016861301,0.0670720607620567
"5",0.0345148900463074,0.0459715106727176,0.0672210245414449,6.23391593799437e-11,4.68305689035456e-12,6.99844306790348e-11,1.56912582932436e-08
