"","glmGamPoi (Pb)","edgeR (Pb)","limma (Pb)","glmGamPoi (cell)","Nebula","Devil (base)","Devil (mixed)"
"1",0.0766040135466441,0.106560063790279,0.0729141132614187,8.5986903225987e-14,2.1082356620003e-18,9.7886643393974e-14,1.61736893492711e-14
"2",0.047269714694337,0.0863140929111111,0.0487758281795761,3.73190998461833e-14,4.46837096022167e-17,3.02737504376018e-14,3.52557360194892e-08
"3",0.0269809395078484,0.0514912712223924,0.0355293977982113,1.23869179216227e-08,9.00310065871166e-09,1.70440808288546e-08,5.67096317360759e-17
"4",0.290217909188484,0.351740275358651,0.238538588419775,0.00168443938903429,0.00170127944156398,0.00182634672118448,3.7127465999652e-14
"5",0.0971611976821879,0.126837326311563,0.0880362023093947,0.000709759710513042,0.000484211952866763,0.000827459415818049,1.00956936911034e-10
