"","glmGamPoi (Pb)","edgeR (Pb)","limma (Pb)","glmGamPoi (cell)","Nebula","Devil (base)","Devil (mixed)"
"1",0.0712366732913246,0.104579370777709,0.0982330396807139,8.78747289301639e-19,5.60378219512503e-19,1.2123960537911e-18,9.84175763384162e-19
"2",0.154927965370174,0.1858541569538,0.173248029323214,4.83809437402497e-10,2.85938593267878e-11,5.62002583078476e-10,1.06454331278333e-142
"3",0.257070809251774,0.295714540425367,0.297323948391606,2.67314946642859e-17,7.34560924324289e-21,3.55776210058541e-17,4.16655923916586e-60
"4",0.0155927526658734,0.0401164021225697,0.0262262625908265,1.14934876047968e-08,4.44832397090163e-09,1.53359650694523e-08,4.04679389425207e-26
"5",0.297011918335523,0.345492942570399,0.271902944679584,2.33658457356445e-23,1.27617390621262e-26,1.77748556693565e-23,2.12001039064479e-37
