"","glmGamPoi (Pb)","edgeR (Pb)","limma (Pb)","glmGamPoi (cell)","Nebula","Devil (base)","Devil (mixed)"
"1",0.00757402614300828,0.01371505944409,0.00750365036205904,3.81478004868671e-11,7.3016785889976e-11,4.04512680434515e-11,7.31249095496111e-13
"2",0.00947976861095273,0.0181256551231893,0.01325345637328,3.23641548424919e-08,2.99456275033095e-08,3.27183514419643e-08,9.68569976294047e-16
"3",0.00465293073951214,0.0135033728601776,0.00337988505106745,7.91312373453212e-91,6.83083388414793e-95,1.10444150585469e-91,2.43461459316026e-60
"4",0.0535598736936382,0.0750062900242651,0.0618871456533048,1.2211527770186e-20,3.05944267308915e-21,1.22090305570697e-20,0
"5",0.00176568162041682,0.0117995397867302,0.00267618888104624,1.75596171248647e-42,5.5409129358226e-43,2.81662136713558e-42,0
