"","glmGamPoi (Pb)","edgeR (Pb)","limma (Pb)","glmGamPoi (cell)","Nebula","Devil (base)","Devil (mixed)"
"1",1.14943035744102e-14,3.67964553594698e-08,5.36287283758972e-14,1.96376436670269e-181,2.00841067320804e-201,3.65233531743651e-182,2.45598254473215e-250
"2",1.31940571055867e-06,0.000181982155782952,3.43838870304388e-06,1.01122645001442e-24,3.91091664211261e-25,9.50549745196585e-25,1.80841710303857e-34
"3",7.96473617746817e-09,5.20139508609076e-06,9.58847294018682e-09,2.25163511197154e-34,3.88639975316814e-34,6.30553114035456e-34,2.40869667507717e-49
"4",0.000442464436836158,0.00606271216307526,0.000671386440263817,2.97231644225992e-29,5.64597596787145e-30,6.05642792471747e-29,2.77265670438661e-26
"5",0.000441593614383413,0.00312603888313036,0.000962575012642183,1.15062469692536e-24,5.51124210135957e-24,1.0927879675819e-24,1.15456519895739e-21
