"","glmGamPoi (Pb)","edgeR (Pb)","limma (Pb)","glmGamPoi (cell)","Nebula","Devil (base)","Devil (mixed)"
"1",0.518919964725439,0.505861676874776,0.835487550008082,0.0768456521788867,0.101153471241105,0.0783592975219477,0.00585956519295698
"2",0.606439820582809,0.646872177046254,0.463034332561549,0.0341598015781734,0.0314586885681593,0.0348965493430953,6.42534630548658e-07
"3",0.0336479417069211,0.0607840407029505,0.0250420977877645,1.25058700866931e-14,1.3554049964708e-16,7.47799584969049e-15,4.06282809789207e-10
"4",0.349268195508937,0.446624773072216,0.503302644348857,0.226029251728398,0.223503855738968,0.228288067629093,0.000730400863320995
"5",0.119137159998045,0.140741682290476,0.17273839067246,0.029856231094624,0.0300646120027358,0.0305704290967575,5.7516130328264e-06
