"","glmGamPoi (Pb)","edgeR (Pb)","limma (Pb)","glmGamPoi (cell)","Nebula","Devil (base)","Devil (mixed)"
"1",5.03438587382179e-05,0.00388522280799952,0.000161741897028503,2.14071703478936e-05,2.29300386694567e-05,2.29262235273156e-05,6.27181445979237e-10
"2",0.00675041534210004,0.017445025751195,0.0072543865046235,2.92984031819226e-08,5.50503542405353e-08,3.1191547464994e-08,8.55650194963842e-07
"3",1.09194958865376e-05,0.000418165805378846,3.66928670925421e-05,4.92385325774238e-08,1.02586057477093e-07,5.29746183792317e-08,2.11109138215566e-08
"4",0.000312950950607169,0.00166535874819595,0.000411685165277865,3.20530360663061e-10,4.06472970718225e-10,3.54879279527135e-10,2.47800697652427e-08
"5",0.00031294306571332,0.00384684619233339,0.00120527053206819,2.11670895350811e-10,1.63870095525482e-11,2.29835646720174e-10,1.54747814247385e-11
