"","glmGamPoi (Pb)","edgeR (Pb)","limma (Pb)","glmGamPoi (cell)","Nebula","Devil (base)","Devil (mixed)"
"1",2.49031182962423e-06,0.00025365857634943,2.09923551960639e-06,2.68745407309092e-31,2.65947356833889e-32,3.81521218535974e-31,3.66347421213739e-67
"2",0.0014814119775877,0.00872107616351271,0.00226520775159948,8.16082686196042e-34,8.40586169981725e-35,1.14503402682936e-33,1.16021683867645e-41
"3",5.18898645676561e-08,0.000121411823251513,9.92890576784984e-08,1.16032999182301e-40,6.51506347684259e-40,1.59251337724115e-40,1.27419627628193e-50
"4",0.00188357515507184,0.0142664757528505,0.00117146294407784,1.08857168561278e-11,1.09424004587665e-12,1.10688929457588e-11,1.1028472088752e-15
"5",1.89372436063168e-05,0.00326851417529804,4.20153799426513e-05,3.21446475416697e-21,3.07375947631324e-20,4.00367569552615e-21,1.00833250949587e-16
