"","glmGamPoi (Pb)","edgeR (Pb)","limma (Pb)","glmGamPoi (cell)","Nebula","Devil (base)","Devil (mixed)"
"1",0.00121282235118924,0.0128089253021489,0.00149715810091605,3.93894919784389e-80,2.20327751268918e-91,5.40547966725951e-80,6.96413359792686e-83
"2",9.90963551082489e-06,0.000737504053628444,2.98794921874047e-05,1.40690142214175e-29,1.34387809302937e-29,2.07825898384902e-29,1.43124834136069e-32
"3",1.00655745035433e-06,0.00135047640730403,1.67127969497925e-06,6.98359525544223e-129,6.3881945324317e-137,9.94620473987075e-129,1.42866017374544e-151
"4",1.05690092482638e-05,0.00211887603240598,3.67519101085772e-06,2.3600529342522e-109,3.37440302474218e-117,4.90039873333294e-109,1.80394965042155e-65
"5",0.00710878474627224,0.0107315427889875,0.00837580236681129,8.26513657613876e-10,3.38484876225275e-10,8.79320515642786e-10,3.47818860268191e-16
