"","glmGamPoi (Pb)","edgeR (Pb)","limma (Pb)","glmGamPoi (cell)","Nebula","Devil (base)","Devil (mixed)"
"1",0.0262509645601965,0.0529748472873487,0.0261952529581139,0.00188110656968136,0.0012932501823646,0.00189783298376843,1.90028763678929e-08
"2",4.93141888861207e-05,0.00553171558645178,0.000200411704269051,2.13806348386203e-08,6.39871664148685e-09,2.54839793873375e-08,1.87642698349589e-14
"3",0.0196360232481138,0.0413651134665753,0.0532822440648017,8.60814832356623e-05,6.60220534294071e-05,9.49452917724833e-05,0.00155297129292101
"4",0.000580084752536188,0.0112039262673689,0.000986124692468624,0.000120979899184071,0.000171857233016383,0.000134106373232416,0.000138577194328865
"5",0.0299775122090316,0.0441643516628856,0.0110500693980154,0.0014160955612603,0.00125430472753323,0.00143127188359603,0.00288069403934801
