"","glmGamPoi (Pb)","edgeR (Pb)","limma (Pb)","glmGamPoi (cell)","Nebula","Devil (base)","Devil (mixed)"
"1",0.100420535306824,0.123123073139301,0.0954775408936207,1.57739473140713e-10,1.47501638616145e-11,1.7369086681374e-10,7.51769966372616e-63
"2",0.0452641355657085,0.0694681724295448,0.0465713357531459,6.19397161857152e-09,2.38977176530517e-09,7.03980948147446e-09,0.000154471535994079
"3",0.159138575694001,0.2415484401583,0.154925069848189,0.00153694255984035,0.00125632091060573,0.00156354040514572,8.85135328894312e-05
"4",0.202348855439539,0.25055032660919,0.205975655327193,4.02506223944822e-08,2.50265936699507e-09,4.25626534657865e-08,1.48575133051579e-15
"5",0.0724683686996335,0.119291123216846,0.0677368247122889,5.1468870799882e-24,1.93167545765496e-24,5.6695721133535e-24,3.21049983691675e-34
