"","glmGamPoi (Pb)","edgeR (Pb)","limma (Pb)","glmGamPoi (cell)","Nebula","Devil (base)","Devil (mixed)","glmGamPoi (fixed)"
"1",0.355070950885431,0.347236533828063,0.197712867374196,0.0192832709100568,0.0225878998988206,0.0203987371098412,0.00244090870050323,NA
"2",0.827055185970936,0.78404094218984,0.454836936029224,0.100245184453689,0.169613734162085,0.103842645049929,0.00503657873504499,NA
"3",0.926165569062453,0.930035490138005,0.631827191222182,0.498505644882769,0.183991556751621,0.505784938923801,0.540532136380636,NA
"4",0.8431989746042,0.841207319435725,0.776388602808365,0.34886181772018,0.285750357647602,0.354074341419708,0.000100280632101551,NA
"5",0.395317061172876,0.391657622427222,0.549139013835606,0.000647536102689472,0.00261921902467296,0.000755217177857951,1.22441839738195e-107,NA
