"","glmGamPoi (Pb)","edgeR (Pb)","limma (Pb)","glmGamPoi (cell)","Nebula","Devil (base)","Devil (mixed)"
"1",2.06470284078036e-08,8.70873087446484e-05,2.88747561651008e-08,3.11221959516284e-43,4.55440940112484e-44,1.22699924227063e-42,3.71443943575138e-49
"2",0.00773330261633798,0.0253372969383823,0.0160759710062216,1.35935753999641e-62,1.36609392044227e-61,4.57965103444739e-62,2.97310547703845e-99
"3",0.00734627899878913,0.0169747586137499,0.0157857639620306,1.52669118302928e-27,1.08113318485424e-29,5.9985368761194e-28,3.26174489103686e-16
"4",9.81308293972638e-08,0.000176870827388604,2.47463031733066e-07,2.4197653856925e-26,3.68393344982868e-27,2.34096766654095e-26,6.36603736846394e-49
"5",0.00022640066615355,0.00378994122945604,0.000253287697912641,7.34367660300172e-42,1.37187500365316e-42,2.46662335956196e-41,1.14789348105835e-40
