"","glmGamPoi (Pb)","edgeR (Pb)","limma (Pb)","glmGamPoi (cell)","Nebula","Devil (base)","Devil (mixed)"
"1",3.65590759381388e-05,0.00223716477215631,4.29447780427317e-05,8.96631568126515e-18,2.39282619300067e-18,1.17341895573404e-17,2.78052922400599e-13
"2",0.00183527455262127,0.00566158955177725,0.00238551222256429,7.87320059336105e-14,2.56493031233832e-14,8.16143583497552e-14,2.21143120701155e-25
"3",0.000586941191930701,0.00789690426375557,0.00501418678601299,3.33038444369989e-07,8.27996863708301e-07,3.35319849317062e-07,2.73557897251698e-06
"4",0.00300730801301084,0.0333916122824259,0.00258544715623866,1.26357340973533e-07,1.05791952444729e-07,1.48327176055796e-07,4.14334483402115e-09
"5",0.00103461607790596,0.00289368456194054,0.00260759392347651,3.18576697367087e-11,3.38414729424851e-11,3.45569097530811e-11,3.28993679906656e-10
