"","glmGamPoi (Pb)","edgeR (Pb)","limma (Pb)","glmGamPoi (cell)","Nebula","Devil (base)","Devil (mixed)"
"1",1.44676320509511e-07,0.000136674744084624,1.68836720799044e-07,1.40814075482922e-109,4.72798992344071e-122,3.4012347939189e-109,1.26682688652123e-183
"2",4.89650817164796e-07,0.000384721741787104,3.03655310625809e-07,2.18721224059771e-21,3.14230615649026e-21,2.9657254401013e-21,2.0607932831999e-28
"3",0.089122434734659,0.136277571777883,0.126473450914049,1.7688144662432e-17,8.31331788265716e-17,1.65913832578011e-17,2.36245671435709e-16
"4",0.00989114567939647,0.0247589625677496,0.0185419023949806,7.28779636779222e-30,1.60887137431901e-38,7.20966125793835e-30,6.15626765059612e-41
"5",0.00214165170360575,0.0103966608187097,0.00379802237620143,2.0651290964327e-22,1.67331770271025e-22,2.81544266288033e-22,3.86555958567034e-37
