"","glmGamPoi (Pb)","edgeR (Pb)","limma (Pb)","glmGamPoi (cell)","Nebula","Devil (base)","Devil (mixed)"
"1",0.283284268828019,0.310423113531249,0.340236903033149,3.87078410306582e-08,2.74112800996978e-08,3.81952616349504e-08,1.91865858611446e-24
"2",0.102244341570498,0.126843391239288,0.115072826639827,1.10394737581705e-16,3.3491369753055e-17,1.19692333042585e-16,3.48224031421411e-55
"3",0.0346764878284607,0.0508031011539363,0.0255092473020938,9.51470306702594e-18,5.2294450721108e-18,1.65168673084312e-17,1.31737881545032e-212
"4",0.0717932700805615,0.107897416551057,0.0761055819972152,1.95890783688806e-08,2.94699405504854e-08,1.89896306904222e-08,2.36219448568345e-20
"5",0.0868294901710218,0.12038286774935,0.0983800975433587,7.94402488885325e-19,3.0962596980793e-19,8.06346372974293e-19,1.47184372595e-80
