"","glmGamPoi (Pb)","edgeR (Pb)","limma (Pb)","glmGamPoi (cell)","Nebula","Devil (base)","Devil (mixed)"
"1",0.14340773967981,0.134051108714416,0.179415703156709,0.00261458191234504,0.002891851432802,0.00266024513074289,1.26402580216118e-10
"2",0.12657192556193,0.205123296741784,0.174169922930124,0.00157578699694389,0.00143928950037149,0.00161526623566093,1.31227778793385e-18
"3",0.218971960711521,0.277384191563835,0.195244080229495,3.94807337775581e-07,1.01528006747736e-06,4.28050542046881e-07,1.1863539659692e-28
"4",0.0693387449094422,0.0942842158435465,0.0564564680550969,5.18472062330073e-06,4.8940641272224e-06,5.91413513624595e-06,5.277101037932e-10
"5",0.135885081970552,0.325726262536358,0.208439771594101,0.0032497278689187,0.00302628929764808,0.00352804652281382,3.15533145254102e-14
