"","glmGamPoi (Pb)","edgeR (Pb)","limma (Pb)","glmGamPoi (cell)","Nebula","Devil (base)","Devil (mixed)"
"1",0.386944561816432,0.409502915300516,0.450908751696185,0.000109334992505576,0.000578592840516237,0.000103851956982242,0.000379030998912474
"2",1.82480701506417e-06,0.000541362575563748,4.06068943900952e-06,6.77196292992514e-90,2.3462933241695e-100,7.97189549363832e-90,8.79393189464947e-145
"3",1.24310750073428e-06,0.000195531367973704,1.88294997385504e-06,1.41733838720347e-38,8.09746527921566e-41,2.51884367554855e-38,3.99902410635139e-40
"4",0.00256202748731094,0.00629801908882315,0.007209152665782,2.79808001577789e-53,3.72272393002149e-60,1.65411771817187e-53,1.14805141345976e-20
"5",0.0031270813426675,0.00890375550372656,0.00324079857015851,2.98289140232121e-28,1.09808482361951e-30,3.58362031878329e-28,7.26502452388923e-34
