"","glmGamPoi (Pb)","edgeR (Pb)","limma (Pb)","glmGamPoi (cell)","Nebula","Devil (base)","Devil (mixed)"
"1",9.0527427607056e-08,0.00183710902889861,7.41910876244446e-08,5.67686120836137e-41,1.46048262994798e-41,7.74781715164764e-41,2.06072258340817e-70
"2",9.38638889208085e-06,0.00260882576172398,7.04423132068118e-05,1.54799834815698e-13,1.24384577774746e-13,1.81263997370168e-13,1.58635493096924e-44
"3",0.000412276526850143,0.0123863544680425,0.000622487713153462,2.51249096651661e-24,2.25207159528918e-27,2.60140519315856e-24,1.40921137247019e-30
"4",0.00233234979732338,0.0162670067346227,0.00357757809331726,5.30676354921541e-22,3.60266331935022e-21,7.51678150976826e-22,5.81411223330846e-13
"5",0.0532997269259532,0.160525964811364,0.0481485757105547,2.77128640199598e-05,1.55225727335807e-05,2.85803101416897e-05,5.79692245188336e-05
