"","glmGamPoi (Pb)","edgeR (Pb)","limma (Pb)","glmGamPoi (cell)","Nebula","Devil (base)","Devil (mixed)"
"1",0.0243457622003969,0.0598827013727618,0.0330323356948113,1.65000619107368e-67,1.91878481245629e-67,5.68547648299348e-68,4.55018320777255e-42
"2",0.000984646817768801,0.00973376839444588,0.0015624095508983,9.10794306596253e-42,4.17287100700006e-45,1.82334537593352e-41,2.50302300301329e-71
"3",0.0240462803333104,0.0384290477007138,0.0299457597029047,9.7733854338126e-38,1.04744742784917e-42,6.8023129963915e-38,1.19716203471093e-37
"4",0.173635328444713,0.221026977640219,0.141099112648486,4.73496861939118e-26,3.42405999234908e-28,3.81181521145998e-26,1.54234483004697e-43
"5",0.00182699367984122,0.006462897703671,0.00312999809579743,6.08790426128579e-52,2.6930700368357e-55,1.79576996676385e-51,4.40211520078359e-59
