"","glmGamPoi (Pb)","edgeR (Pb)","limma (Pb)","glmGamPoi (cell)","Nebula","Devil (base)","Devil (mixed)","glmGamPoi (fixed)"
"1",0.0434654335818925,0.0878163760479589,0.018532181740586,7.11232557061253e-15,8.72550964773429e-17,7.87416413980058e-15,1.97028605377291e-11,NA
"2",0.0565088935826306,0.0708278031291736,0.0541048800215592,5.2265616586915e-14,1.54934769864354e-15,4.46963790967737e-14,6.53647470778172e-14,NA
"3",2.75848041231594e-06,0.00050374614909577,1.58473992360022e-05,2.87707955102393e-11,1.19035603683263e-11,3.23545132757754e-11,4.48864411665472e-16,NA
"4",6.39296315918543e-07,0.000280945624657861,3.1074544516724e-07,2.82216518865953e-45,1.28187451513847e-51,2.98276763863608e-45,1.41737124400603e-51,NA
"5",0.00151869954966441,0.0517451006883889,0.00223450582408808,1.55437288177049e-10,7.68547916916249e-11,1.81412699561052e-10,7.43121279491642e-16,NA
