"","glmGamPoi (Pb)","edgeR (Pb)","limma (Pb)","glmGamPoi (cell)","Nebula","Devil (base)","Devil (mixed)","glmGamPoi (fixed)"
"1",0.000272902913416531,0.00772047683665143,0.000414252381935725,3.51117789994092e-09,7.77453000043366e-10,3.7326521111632e-09,1.68765139589284e-17,1.33054960936786e-09
"2",1.32473242457837e-05,0.0028380951764267,5.93373474443733e-06,3.3622663771612e-19,2.04447899721965e-19,3.86525381756013e-19,1.31777611518178e-36,2.88278358668203e-19
"3",0.000301341274254202,0.00335564623062745,0.000265215215240262,2.66967245036804e-12,4.30342174883233e-12,3.08265758777508e-12,5.08006449513152e-10,2.88027295833522e-12
"4",0.00154818001964515,0.0110560139083016,0.00170038901290671,8.19444384795091e-72,3.35604603542309e-84,5.44430432034897e-72,4.95627411044251e-69,1.24166315449827e-82
"5",0.00169774846135158,0.0318327190246306,0.00280929743948707,2.20234426771396e-12,4.73477422432932e-12,2.37895949730831e-12,3.15872505849521e-24,1.64673825804881e-12
