"","glmGamPoi (Pb)","edgeR (Pb)","limma (Pb)","glmGamPoi (cell)","Nebula","Devil (base)","Devil (mixed)"
"1",0.586972525724306,0.559482176564481,0.547496839050497,2.40600388370456e-14,1.1965958936404e-14,2.28917421842256e-14,1.19545170439519e-15
"2",0.0430091621083246,0.110261771834764,0.0241470648981174,2.64665584774069e-11,2.03646821941704e-11,3.07799088733184e-11,8.33209926827582e-11
"3",0.287338527348411,0.263843244265423,0.0982573973180297,4.87068401732705e-14,2.57229736090549e-14,6.27968540022232e-14,1.35630158790075e-141
"4",0.13117325888383,0.2109057588668,0.0766838644108364,0.0339061051984833,0.0338037435801834,0.0341879785433656,0.082040994719656
"5",0.0931570447979559,0.127676649870371,0.0897955543007816,6.25871431399785e-38,1.1406221156341e-39,8.10953230978711e-38,2.13526037187979e-25
