"","glmGamPoi (Pb)","edgeR (Pb)","limma (Pb)","glmGamPoi (cell)","Nebula","Devil (base)","Devil (mixed)"
"1",0.0132321957941257,0.0312441559752886,0.0282530277030886,2.78487937260378e-09,4.35717116872681e-10,3.53424180292063e-09,4.84551360312344e-23
"2",0.442385841146658,0.501879726756334,0.501130035200888,9.48091089881607e-07,3.69432488096422e-15,8.63678319513277e-07,1.53160150875521e-24
"3",0.0997236114275457,0.122206323080142,0.0861939894313068,2.00950232799172e-12,2.05842670338302e-12,2.03562329936462e-12,1.17514284621195e-36
"4",0.169553588508653,0.214025257688102,0.209854294424641,1.7436099513912e-06,5.34484287823873e-07,1.93553234506745e-06,3.1479432216589e-08
"5",0.103745342710322,0.151564431754084,0.116988370737956,1.44762566117748e-09,1.66071012825272e-09,2.01503811577337e-09,1.22440642142282e-09
