"","glmGamPoi (Pb)","edgeR (Pb)","limma (Pb)","glmGamPoi (cell)","Nebula","Devil (base)","Devil (mixed)"
"1",0.332947539327531,0.380449024638769,0.359210928717372,3.15741866277953e-06,8.97686634459428e-08,2.89924428102321e-06,7.59657826800275e-05
"2",0.105448015501793,0.153131570421334,0.115472871277881,2.26466555299977e-09,4.17601918857103e-09,2.54125417633908e-09,2.721275435968e-11
"3",0.0195073417289853,0.0334550457448075,0.0169154063414584,1.58776743799762e-08,1.96783175960317e-08,1.79273572829809e-08,3.07429080035177e-05
"4",0.00807061164183702,0.013930923024176,0.0114431340469255,1.90187298589486e-11,6.49757689219815e-11,2.34834178094771e-11,2.07431145853456e-100
"5",0.00688083184466282,0.0109859408733757,0.00516620064739562,1.28335938029868e-10,1.07920679811378e-10,1.48593412313996e-10,1.57138884563001e-12
