"","glmGamPoi (Pb)","edgeR (Pb)","limma (Pb)","glmGamPoi (cell)","Nebula","Devil (base)","Devil (mixed)"
"1",0.00021241403640999,0.0041163496294509,0.000568615503984677,5.1663195269688e-20,5.06982929496057e-21,5.13608890157293e-20,1.05238555758738e-18
"2",4.90248052910145e-08,0.000956482267187707,1.9027155071871e-07,7.12416645778029e-51,2.11056659678225e-53,1.60981851630534e-50,6.82666680822455e-73
"3",1.17316511420613e-05,0.000885166108952268,3.28742683516353e-05,1.0801270327692e-48,1.12731926506072e-51,8.86358324179044e-49,3.41929151299959e-54
"4",2.95633518336051e-06,0.00114476576809594,2.63381799987653e-05,5.02480607399983e-17,1.19037435555863e-18,4.93871134736797e-17,3.97761417964168e-18
"5",0.000124487918070866,0.000888062822198309,0.000144421121685005,2.99913319986971e-17,3.09902447412574e-17,3.13276258464355e-17,5.95985095585357e-22
