"","glmGamPoi (Pb)","edgeR (Pb)","limma (Pb)","glmGamPoi (cell)","Nebula","Devil (base)","Devil (mixed)"
"1",0.0409023084677432,0.0601761480787611,0.0330343585717614,5.68631076457648e-06,6.19093278969069e-06,6.32594959996803e-06,1.77337372516728e-27
"2",0.0139324714235401,0.0463085994965834,0.0154130054920765,1.57444327283061e-16,2.75796062620173e-16,1.83088088844663e-16,9.62644498886081e-25
"3",0.150089301075369,0.212773486039218,0.0984089129270319,2.28302431765727e-24,1.56634312284463e-25,2.57757011106308e-24,3.08445899990915e-19
"4",0.220460103856873,0.23926402834845,0.37399640817943,1.34572438015019e-14,2.42491550046977e-14,1.6747259124756e-14,6.67316257580307e-12
"5",0.00293153796707676,0.0141603454471606,0.00375569850781142,9.68300494985106e-22,3.0644833045829e-21,1.35287638608797e-21,3.93853043766328e-24
