"","glmGamPoi (Pb)","edgeR (Pb)","limma (Pb)","glmGamPoi (cell)","Nebula","Devil (base)","Devil (mixed)"
"1",0.00942285782808062,0.0277533920205695,0.00641320428650444,1.74451260144661e-26,1.5948491535593e-28,1.26170518537216e-26,1.24720622122197e-22
"2",5.75213669996775e-18,2.30256585776172e-11,2.11926802086083e-17,3.81024173096992e-81,1.02919158857172e-80,6.96541072977018e-80,2.09619294189487e-107
"3",2.89687305183598e-05,0.00168927445501837,4.72695576109663e-05,8.66422772200245e-68,1.99967996318462e-69,5.33359330185628e-67,2.3150798826909e-56
"4",3.4257540092309e-18,5.3760529731575e-11,1.56625679288581e-17,2.0633913899626e-191,4.14886990494255e-194,1.46832675830367e-188,1.06571614603384e-121
"5",1.74276258074823e-07,0.000142358247402076,8.73626779303413e-07,4.54385459165042e-63,1.0447436096029e-64,1.03385632214378e-62,4.46018679088343e-100
