"","glmGamPoi (Pb)","edgeR (Pb)","limma (Pb)","glmGamPoi (cell)","Nebula","Devil (base)","Devil (mixed)"
"1",0.00293959264153721,0.0131988109851729,0.00367160243977272,5.70476172566274e-79,1.2332701897214e-81,1.15566396826656e-79,1.03901001834036e-83
"2",1.31421654976819e-12,1.19970213686485e-07,1.08465977202709e-12,1.73805279689765e-152,1.81443780207422e-155,2.38025044045592e-151,9.26724555038334e-124
"3",0.23310526341916,0.287643511376417,0.472694011147987,1.46580206255099e-89,4.18221263123001e-98,2.8396780747786e-90,1.44680570505768e-176
"4",3.06432071617645e-06,0.000520925347611982,2.13692594177009e-06,2.48571330838598e-37,3.00871682619413e-37,1.96638134119489e-37,8.19940911738878e-52
"5",1.99384935735793e-07,9.06642394475837e-05,9.50724157486559e-08,1.21837259390553e-61,2.47920839576238e-61,1.1517458420922e-60,5.88441869084866e-98
