"","glmGamPoi (Pb)","edgeR (Pb)","limma (Pb)","glmGamPoi (cell)","Nebula","Devil (base)","Devil (mixed)"
"1",0.000440506397586654,0.00377253182911358,0.000558707658321006,1.77574890898439e-33,4.40442082324558e-34,2.59111955924306e-33,2.47373471670428e-79
"2",0.000201228807607244,0.000746746323923356,0.000142555532525941,3.69167110282865e-13,5.83465351860599e-13,4.56672505322615e-13,4.23510784086135e-09
"3",0.0101640927420526,0.02657804819859,0.0133084215751594,3.49091219634522e-38,2.73064521822469e-38,4.82326075650771e-38,3.29535925211754e-18
"4",0.0174979978371797,0.039262691923677,0.0244345650982692,8.3062976222356e-11,8.88595320743329e-11,9.37883133468549e-11,1.79325573454757e-245
"5",0.00138819134852835,0.00559824506838018,0.00138019173371135,1.97131310780874e-24,4.28724250373013e-25,2.85253072596996e-24,3.88243673702272e-20
