"","glmGamPoi (Pb)","edgeR (Pb)","limma (Pb)","glmGamPoi (cell)","Nebula","Devil (base)","Devil (mixed)","glmGamPoi (fixed)"
"1",0.00154740001788834,0.0058755482984671,0.00152696819524625,1.81279621234937e-08,1.56106047502455e-08,2.02809773743685e-08,4.48197196784509e-08,NA
"2",0.278139960748553,0.334105102220621,0.283844103406247,0.0152449184635607,0.01411924078565,0.0154329223598479,4.66246480927511e-08,NA
"3",0.000666571694300941,0.00253848268736949,0.000967943712064772,2.63963766719673e-11,4.07857112128914e-11,3.55319298619907e-11,1.91376468281318e-12,NA
"4",0.0507127533589495,0.0875430565849496,0.0725968226940955,7.01597452494188e-05,0.000109725920817564,7.06312804262875e-05,5.01247816509407e-06,NA
"5",0.0184917780107054,0.0501301603162705,0.0192072027321466,6.81288371614888e-05,6.28577652921077e-05,7.17830840315339e-05,1.51529751102511e-34,NA
