"","glmGamPoi (Pb)","edgeR (Pb)","limma (Pb)","glmGamPoi (cell)","Nebula","Devil (base)","Devil (mixed)"
"1",5.79311108051295e-05,0.00307301438692664,0.000154752027082455,1.96992487847608e-92,1.01904607889857e-92,2.65757535048124e-92,6.3484057006222e-57
"2",3.97549253621221e-10,9.29303606615144e-06,3.62298224322014e-10,0,0,0,0
"3",1.28423654531384e-07,0.000240597022310222,7.80653130032076e-08,1.27622835687497e-288,1.19684310228441e-291,5.50854339697592e-288,0
"4",1.3493965069189e-13,1.13999018918223e-07,1.20864692115879e-13,0,0,0,0
"5",5.77838704421407e-12,8.70215149951148e-07,4.52845332728962e-12,0,0,0,0
