"","glmGamPoi (Pb)","edgeR (Pb)","limma (Pb)","glmGamPoi (cell)","Nebula","Devil (base)","Devil (mixed)","glmGamPoi (fixed)"
"1",0.0653230210923532,0.106608702726536,0.0887519789096947,2.03183889891542e-24,1.09331715216073e-25,2.15861647526028e-24,2.80327889412992e-43,NA
"2",0.00267161176299739,0.00678977880635162,0.00243029153699691,1.68074830991185e-14,1.53502658898357e-14,1.85653078661791e-14,3.38241206176112e-78,NA
"3",0.00221109104581541,0.010672819594995,0.00379928862181389,1.43227484352622e-26,5.88190664364731e-27,1.9471375547946e-26,2.84957409098797e-27,NA
"4",0.00129597211434246,0.00332801846306242,0.00115299074403675,4.60515404254374e-23,7.26149557136934e-23,8.1367329374855e-23,3.32691165393088e-61,NA
"5",0.112216160514983,0.157859207842858,0.10676632954134,3.86183710898256e-10,1.08029505766627e-09,4.31394386331332e-10,2.32864977732733e-07,NA
