"","glmGamPoi (Pb)","edgeR (Pb)","limma (Pb)","glmGamPoi (cell)","Nebula","Devil (base)","Devil (mixed)"
"1",0.077557643307833,0.0958957158003588,0.0445033925154299,0.000373359114485697,0.000393281425222239,0.000408770270430957,6.77232236418278e-07
"2",0.40407396514705,0.358614741973572,0.511417974910057,0.0354938184521912,0.0402372169051622,0.0362559820724996,0.0230196100374089
"3",0.063651208323356,0.11212880858811,0.0304595241033227,1.8587719888458e-05,1.59333406360355e-05,2.0401457850558e-05,3.40336667524533e-16
"4",0.0268998798528839,0.0368213573091438,0.0160285323290454,0.00169818369492057,0.00184134596272815,0.00179827091787324,2.74744178215443e-08
"5",0.00168581290941681,0.00396942867363306,0.000666893436431581,5.76165819815634e-10,6.70869181106739e-10,8.42848728385492e-10,5.40630370791729e-24
