"","glmGamPoi (Pb)","edgeR (Pb)","limma (Pb)","glmGamPoi (cell)","Nebula","Devil (base)","Devil (mixed)"
"1",0.000478277762257793,0.000490387473458168,0.000192054022273867,1.14890841186734e-07,1.23243030074283e-07,1.30655367585926e-07,8.45605138234691e-17
"2",0.00642729455569209,0.0241746313502779,0.00623790796942699,7.05135185294197e-49,2.35959065861161e-51,8.23060843513512e-49,5.65674291732618e-138
"3",0.00176221500450569,0.00164108329627736,0.000213328171023004,2.23601524302338e-05,2.33067187198539e-05,2.40802671099029e-05,4.4117187644453e-06
"4",3.19118318228554e-05,0.000163762894145108,1.52763544274782e-05,5.97220081713066e-16,5.82014217348777e-16,7.34877988052023e-16,1.14322011254761e-25
"5",0.0116997848981551,0.0243721291485745,0.00865300007371421,3.94719309393044e-05,3.69703687178545e-05,4.18137393367404e-05,2.93424789898827e-10
