"","glmGamPoi (Pb)","edgeR (Pb)","limma (Pb)","glmGamPoi (cell)","Nebula","Devil (base)","Devil (mixed)"
"1",3.40581207659075e-06,5.24587626328913e-05,1.34369857154579e-06,5.26273320717328e-99,4.04031442523837e-100,9.59104195452001e-99,8.18922972605082e-128
"2",0.00403521111129367,0.013221011315863,0.0026739354202257,2.47023683613831e-27,2.27769377036294e-27,2.89695268507207e-27,4.59756518494996e-42
"3",0.00301127985324133,0.0133894927348277,0.00238006354473457,8.48799157819028e-76,2.51188914823019e-76,1.65723677424405e-75,1.00628679381352e-137
"4",0.00141467651097086,0.00726697654557547,0.000797801709548044,2.97499200617564e-15,3.1851370073071e-15,3.43993436522239e-15,4.1697674924163e-38
"5",0.0168427677771132,0.0383805185658815,0.0157284677916015,3.41453708336793e-196,1.63664358257972e-204,4.14829091849057e-197,0
