"","glmGamPoi (Pb)","edgeR (Pb)","limma (Pb)","glmGamPoi (cell)","Nebula","Devil (base)","Devil (mixed)"
"1",0.00140880626425731,0.0126625663417054,0.00230045347741111,5.08477472203662e-29,8.93179383545297e-30,2.3973519200485e-29,9.0599202918373e-23
"2",1.3025073461638e-08,0.000127694204395593,5.1663635144439e-08,3.18958944116171e-57,5.35030663363555e-57,1.63560814212724e-56,3.76003973577536e-71
"3",0.00121891171827059,0.00964464034123467,0.0010416404407484,1.35624430552175e-100,3.99159628888479e-109,6.19752204981844e-101,4.96939455858384e-183
"4",3.3066613306166e-14,3.2939018362895e-08,1.86179614381047e-14,0,0,0,0
"5",3.00256128471844e-06,0.000849699529089187,2.95094616107571e-06,6.7642485273973e-161,1.26992906342293e-165,4.87724565180508e-160,0
