"","glmGamPoi (Pb)","edgeR (Pb)","limma (Pb)","glmGamPoi (cell)","Nebula","Devil (base)","Devil (mixed)"
"1",0.00484961040581476,0.0115102414777055,0.00492078566162446,9.32850599055524e-11,9.22087532664783e-11,8.45437776796331e-11,1.00545719337323e-94
"2",0.000321192340770025,0.00211366607833892,0.000500797161338981,2.1004442638236e-14,2.02152593171357e-14,3.67107538771397e-14,9.21035878970157e-17
"3",0.141873127303476,0.174712620235792,0.148309673861189,2.27377824413817e-25,1.41164850666443e-27,1.32690729943746e-25,7.53741629476451e-211
"4",0.000168318650768834,0.00161596219087052,0.000103035562578951,3.2936986242913e-281,1.15059366252461e-303,1.54132687967795e-282,5.18977329065079e-192
"5",0.00231068403453372,0.0253050899776102,0.00464838619956323,3.91826587378455e-16,3.26191565518137e-16,6.83129087424547e-16,1.068745813886e-163
