"","glmGamPoi (Pb)","edgeR (Pb)","limma (Pb)","glmGamPoi (cell)","Nebula","Devil (base)","Devil (mixed)"
"1",0.000921013278506135,0.00241246417509919,0.000598784981352103,3.04303322657479e-52,3.64862520881328e-52,1.14076947282734e-51,5.28739267172534e-76
"2",0.00205057048299941,0.0111945124671939,0.00196257845293298,8.7380213764911e-21,3.9612591544313e-21,8.25400042981236e-21,1.67453422955149e-08
"3",0.00234941329658489,0.013366784717977,0.00231029678266819,2.93362545400738e-19,1.87113551937463e-19,2.8859619305473e-19,2.94111632864638e-11
"4",0.0642458722495734,0.105751280140048,0.0721460091350383,6.92453905193006e-81,4.50549408069388e-84,8.69063373851026e-81,3.19607026012423e-77
"5",0.000354283151437544,0.000931337018432155,0.000189758934583491,5.01474150509748e-24,7.96984618088319e-24,1.01268412072061e-23,1.68946945964803e-108
