"","glmGamPoi (Pb)","edgeR (Pb)","limma (Pb)","glmGamPoi (cell)","Nebula","Devil (base)","Devil (mixed)"
"1",1.80935087019741e-05,0.00112415915992048,6.44637665711881e-06,1.08941179453608e-11,7.45280960880407e-12,7.7228948601864e-12,3.22894796808161e-21
"2",2.18577389689759e-12,2.20844442377309e-06,8.21460033572987e-13,1.61674557437145e-69,4.84085013079827e-70,1.82444458470529e-69,1.44345050984224e-68
"3",4.20712661503233e-06,0.000784080384167654,1.20331712380487e-05,5.06079868887925e-70,3.69625489777833e-70,1.37307831346374e-69,1.59984770641773e-49
"4",2.31978247582833e-07,0.00015450188876621,4.93323541771699e-07,2.54066822152773e-138,6.6776100874789e-142,1.85698363386257e-137,4.17606058483405e-140
"5",1.21670655958429e-13,1.29959759488985e-08,1.103500534766e-13,4.24840901993662e-115,2.14418504973681e-117,3.00023366250029e-114,7.06009946233954e-131
