"","glmGamPoi (Pb)","edgeR (Pb)","limma (Pb)","glmGamPoi (cell)","Nebula","Devil (base)","Devil (mixed)"
"1",0.0015283324448571,0.00769777842808048,0.00289168275466088,1.56458241830432e-52,4.65633785885778e-52,2.40549454845501e-52,9.4690265476307e-70
"2",6.36947568993901e-08,5.54785545844143e-05,5.32655548658433e-08,0,0,0,0
"3",9.3378733435056e-05,0.00318009750620988,5.22636254895478e-05,2.20243470628624e-56,2.01611739362475e-55,3.45148992256417e-56,1.10652055184413e-42
"4",2.74695078218553e-10,2.80357472366923e-06,1.43273706722722e-10,2.20342900022868e-86,6.011655202092e-88,5.48635254096029e-86,1.17461110464193e-67
"5",2.38405968730449e-16,5.02531417648226e-10,2.05883902905227e-16,0,0,0,0
