"","glmGamPoi (Pb)","edgeR (Pb)","limma (Pb)","glmGamPoi (cell)","Nebula","Devil (base)","Devil (mixed)"
"1",0.0409912756038767,0.0688481427848274,0.0542957289238854,7.51191732356674e-06,7.97140698710197e-06,7.60439792259729e-06,7.0490717723424e-05
"2",0.0293845713071634,0.0486168913720818,0.0318705740927879,2.39797279520838e-16,7.9490042801867e-17,2.8845948647157e-16,2.19699577910004e-16
"3",0.0926488468534153,0.14613764068618,0.0735639739050717,1.14405357306812e-12,1.93449813357504e-13,1.2584903970687e-12,0.00021265154066974
"4",0.00683416601784627,0.0183248978005789,0.00631409348251577,1.26647788971212e-24,5.4294039046224e-25,1.51124065455387e-24,2.31469468358925e-09
"5",0.00404088084807177,0.00847639017797036,0.00336933514983889,5.01760166378217e-14,2.70970466822203e-14,5.73246970240421e-14,5.68285749797536e-24
