"","glmGamPoi (Pb)","edgeR (Pb)","limma (Pb)","glmGamPoi (cell)","Nebula","Devil (base)","Devil (mixed)"
"1",0.0653230210923534,0.106608702726553,0.088751978909696,2.03183889498277e-24,1.09331715216073e-25,2.44161332602937e-24,5.13788925896518e-43
"2",0.0026716117629974,0.00678977880635221,0.00243029153699691,1.68074827927231e-14,1.53502658898357e-14,1.68134710868843e-14,8.34956695337762e-79
"3",0.00221109104581543,0.0106728195950029,0.00379928862181395,1.43227484136197e-26,5.88190664364731e-27,2.70841023742626e-26,5.04152240417837e-27
"4",0.00129597211434247,0.00332801846306211,0.00115299074403674,4.60515403910313e-23,7.26149557136934e-23,1.10267586065967e-22,1.63470385008946e-60
"5",0.112216160514984,0.157859207842862,0.106766329541343,3.86183710733519e-10,1.08029505766627e-09,3.66305455409698e-10,1.87340010347127e-07
