"","glmGamPoi (Pb)","edgeR (Pb)","limma (Pb)","glmGamPoi (cell)","Nebula","Devil (base)","Devil (mixed)"
"1",6.28639005275951e-06,0.00212034484379183,8.08383584794759e-05,1.70300203645042e-09,1.71204072267734e-09,1.79553120904932e-09,1.98685613847031e-11
"2",0.00376460365199185,0.0331190945455049,0.00520448547900513,2.16500621478782e-07,2.6218533362029e-07,2.34716581612805e-07,2.48262443700364e-08
"3",4.09003606170304e-09,2.63069121116939e-05,1.77964086062784e-06,4.57348976873278e-14,4.9669880539146e-14,5.45780881926007e-14,8.39434612667279e-31
"4",0.000235375139906131,0.00309617052861413,0.00084862710821142,2.04544828795972e-07,1.4721863559314e-07,1.93534827391482e-07,4.39711810151066e-08
"5",0.000178947260725769,0.00537791875022627,0.000113868814750316,9.25379413253609e-10,6.91971786765651e-10,9.82133963753122e-10,2.616906597363e-13
