"","glmGamPoi (Pb)","edgeR (Pb)","limma (Pb)","glmGamPoi (cell)","Nebula","Devil (base)","Devil (mixed)","glmGamPoi (fixed)"
"1",0.0753966439959237,0.147393361136875,0.0574867039465918,1.63839233844547e-14,3.46192555460208e-15,1.55320860408525e-14,6.79484153625329e-14,6.12706829411674e-15
"2",0.00873303635060033,0.0474457768261352,0.0150733872178274,2.91332398594878e-05,3.09084180292343e-05,3.0954531193615e-05,5.65310335072289e-15,3.37623139967535e-05
"3",0.0582857965144515,0.0678112862095162,0.0446892649027914,5.1361336601944e-09,5.8431409171453e-09,6.42319917762514e-09,6.00199558874518e-09,4.19155205596787e-09
"4",0.00115262989099033,0.0117905792145799,0.00123939391256215,1.40616590669632e-12,1.80950451491365e-12,1.67881776680558e-12,1.37830580431636e-43,2.22728825762827e-12
"5",0.0649435855931823,0.0911801213331769,0.109173415024253,6.31100300916506e-05,0.000125707687472755,6.67801145597085e-05,1.01681536713438e-06,8.12054499787501e-05
