"","glmGamPoi (Pb)","edgeR (Pb)","limma (Pb)","glmGamPoi (cell)","Nebula","Devil (base)","Devil (mixed)"
"1",0.00869728616802783,0.0300991584946428,0.00376440506705839,2.06527933099553e-12,6.06984391608455e-13,2.46091710212856e-12,1.56873356282812e-12
"2",0.00210685640618141,0.0164859093305563,0.00171021266342472,5.23863105865435e-05,2.10204944731863e-05,5.31632600808667e-05,2.51756635502908e-07
"3",0.000869091108921208,0.0125181525386618,0.0096140579883637,8.44955612288006e-05,8.7994973713e-05,9.02100524959029e-05,8.49715277922127e-10
"4",2.33070363358769e-05,0.000479433738840788,4.70737047721339e-05,4.45685341627558e-11,9.73476131503946e-11,5.26711033770913e-11,5.54003799927048e-18
"5",0.00775134502484994,0.0211530375104598,0.0189333426776566,1.16943686618015e-06,2.71450271106719e-06,1.27762056888095e-06,3.04307962841015e-19
