"","glmGamPoi (Pb)","edgeR (Pb)","limma (Pb)","glmGamPoi (cell)","Nebula","Devil (base)","Devil (mixed)"
"1",3.88089221081022e-11,4.59021462967647e-06,4.02993672571388e-11,1.0860483430475e-47,6.19907481248182e-48,2.01638357108887e-47,6.75694173277401e-94
"2",7.72947479798347e-05,0.00155877358328439,3.3987579053482e-05,1.82108780617448e-18,1.45642956036233e-19,2.26834808692762e-18,9.34294291841851e-22
"3",0.000181406217483098,0.00445729072351565,0.000242791172726892,5.33632732491472e-17,8.59432219184902e-18,5.90685120825616e-17,1.40484403370624e-16
"4",4.39552865001678e-06,0.000501312161024362,2.21294872836649e-06,3.91267709274325e-22,8.60015510944499e-23,4.62466846986401e-22,3.71410098234856e-29
"5",4.02139147863005e-06,0.000252801246799608,3.34133487939637e-06,4.77642230848638e-34,3.14620462644288e-34,9.13003347265847e-34,2.42556706798744e-58
