"","glmGamPoi (Pb)","edgeR (Pb)","limma (Pb)","glmGamPoi (cell)","Nebula","Devil (base)","Devil (mixed)"
"1",0.00839986287105039,0.0208666293147525,0.00662635145390549,1.53449686709819e-23,8.25191069013314e-24,1.97171844227611e-23,2.40128049460758e-172
"2",0.0443191721133072,0.0878609267386193,0.0404778802736761,3.60738095967933e-48,4.90773548592761e-48,4.13630497041021e-48,8.95658162861807e-81
"3",0.155849541543917,0.203330137230898,0.148468307091628,7.65812320601693e-22,1.57154425068376e-21,1.011623669853e-21,1.79420249193457e-78
"4",0.00193547510416617,0.00499942527519403,0.00186018725065178,3.35932581096807e-21,3.93290916210194e-21,4.61898257143856e-21,4.33566778674257e-23
"5",0.118687568233894,0.165226420863638,0.137811116317461,1.87517179553397e-51,7.16564568502565e-61,2.41658031812921e-51,1.36023276683272e-115
