"","glmGamPoi (Pb)","edgeR (Pb)","limma (Pb)","glmGamPoi (cell)","Nebula","Devil (base)","Devil (mixed)"
"1",4.2446855258185e-05,0.000313669107578328,4.02473198189758e-05,2.88453010229701e-28,6.54729757825369e-28,4.22850307332951e-28,3.96468042940722e-25
"2",0.248752542027972,0.291534714393664,0.259698910866609,2.26515434442727e-22,3.58000544610617e-25,1.88683183932047e-22,2.27240482273375e-14
"3",0.021255402232934,0.0452834648840957,0.0195190411485005,1.91565764175289e-53,8.5060638380449e-54,3.28200135132342e-53,1.46567536467737e-66
"4",0.0181428904250498,0.0382561105500058,0.0166036208395349,5.19981208195806e-14,3.1145503318903e-14,5.15825040026587e-14,5.17023335085388e-12
"5",0.0243526935840314,0.0515077025308843,0.0241953892902379,5.73459528475826e-27,2.99190783857382e-26,7.22275087296398e-27,1.15074084437413e-18
