"","glmGamPoi (Pb)","edgeR (Pb)","limma (Pb)","glmGamPoi (cell)","Nebula","Devil (base)","Devil (mixed)"
"1",1.4200210441282e-07,0.00011782783982898,6.41780120314744e-08,3.36321958064564e-293,1.01987340489159e-300,1.4871869111707e-293,0
"2",3.89466878319508e-06,0.000577277238362802,3.70799795861916e-06,1.62946727899481e-231,4.13457426096178e-250,3.14702792948578e-231,8.91067482208038e-282
"3",4.46840430063042e-06,0.000763680508905643,5.33290600130935e-06,5.20150024722818e-51,1.12922445416301e-50,1.01495715757518e-50,1.34890147199944e-67
"4",1.35368814697582e-08,2.42338762110042e-05,1.23325522220657e-08,1.48619450873122e-139,1.28427742456878e-140,1.0125103172441e-138,4.06535403197709e-116
"5",2.53254377652396e-15,1.55273033169001e-09,1.34345913810652e-15,7.04244359840439e-227,5.86726326725911e-236,7.00110233328666e-226,4.18164862980221e-267
