"","glmGamPoi (Pb)","edgeR (Pb)","limma (Pb)","glmGamPoi (cell)","Nebula","Devil (base)","Devil (mixed)"
"1",0.000398110545789299,0.00658188113791845,0.000705005410660482,9.67970401817536e-27,2.0286875683797e-26,9.02155864661891e-27,5.79566050348325e-33
"2",4.0304066417527e-05,0.000770725258447092,0.000109217105606497,1.01596603891845e-34,2.98320425180861e-34,2.19140710181031e-34,5.12759169422211e-56
"3",7.3364393833335e-08,6.87126672023292e-05,6.0570117775695e-08,3.72577661587172e-42,8.75393642154982e-43,2.56563289430457e-41,4.31570145787794e-34
"4",1.26911938889831e-07,0.000253284620954168,2.89592891493199e-08,3.00595413055023e-20,3.20984874515057e-20,2.43310040228572e-20,2.72648268631529e-13
"5",2.09091219138331e-07,8.62180134142109e-05,5.81250139895314e-07,1.29014546014074e-38,6.18868837554567e-39,1.0449797787395e-38,2.69043809038375e-55
