"","glmGamPoi (Pb)","edgeR (Pb)","limma (Pb)","glmGamPoi (cell)","Nebula","Devil (base)","Devil (mixed)"
"1",6.94926812141904e-07,0.00105098443739593,7.02786553631466e-07,2.18584709875416e-44,6.75582003688665e-46,3.45135081636804e-44,6.54106106873558e-35
"2",6.75066722692969e-08,4.56390051634046e-05,5.80998460345764e-09,7.16386348251583e-18,6.4264297852048e-18,9.54488345811803e-18,1.27202583644017e-21
"3",1.04047401925931e-07,4.51943764029513e-05,1.3140634411704e-07,2.57937581164883e-58,2.61063434578572e-58,5.02081820226038e-58,2.80949660750616e-54
"4",6.82981828356593e-05,0.00283192390236983,7.44988481204328e-05,1.76594276579425e-13,2.68941454994181e-13,1.99513751462258e-13,3.49393341564922e-26
"5",3.92407014648408e-05,0.00150407606152235,2.77944838706333e-05,8.17879297074657e-29,5.00685135486966e-30,1.12240774089263e-28,4.86474375047752e-38
