"","glmGamPoi (Pb)","edgeR (Pb)","limma (Pb)","glmGamPoi (cell)","Nebula","Devil (base)","Devil (mixed)"
"1",0.00025905003029797,0.0103481090682795,0.000223765378803588,9.11315919271391e-45,1.61136346750192e-44,7.67565654734896e-45,2.05434207458656e-154
"2",2.00667878373012e-08,5.02653845320429e-05,2.008949061178e-08,0,0,0,0
"3",6.92977553481886e-11,2.46838251535126e-06,1.10073698578252e-10,0,0,0,0
"4",4.34181647221718e-07,0.000313459401183692,4.24304331315048e-07,5.58253930391021e-119,9.1656659189544e-120,1.79135394477716e-118,9.31164173215531e-208
"5",4.0347947253871e-08,6.57342499976768e-05,2.80920505637957e-08,1.46624629342003e-200,1.05908267998944e-203,1.03337686752968e-199,1.82870057763124e-302
