"","glmGamPoi (Pb)","edgeR (Pb)","limma (Pb)","glmGamPoi (cell)","Nebula","Devil (base)","Devil (mixed)","glmGamPoi (fixed)"
"1",0.000259050031198557,0.0103481090682811,0.000223765378803633,9.11315919917826e-45,1.61136346750192e-44,1.37999505059083e-44,5.85749043071948e-153,1.16075436890043e-44
"2",2.00667879908644e-08,5.02653845322407e-05,2.00894906117814e-08,0,0,0,0,0
"3",6.92977559194092e-11,2.4683825153671e-06,1.10073698578233e-10,0,0,0,0,0
"4",4.34181649385912e-07,0.000313459401183865,4.24304331315067e-07,5.58253930913474e-119,9.1656659189544e-120,7.34178385541135e-119,2.9292151114921e-208,1.27257664614433e-119
"5",4.03479474636757e-08,6.57342499977238e-05,2.80920505637945e-08,1.46624629744129e-200,1.05908267998944e-203,2.47128135815503e-200,1.42326634601118e-304,3.20007899777243e-202
