"","glmGamPoi (Pb)","edgeR (Pb)","limma (Pb)","glmGamPoi (cell)","Nebula","Devil (base)","Devil (mixed)"
"1",0.000159591624796186,0.00125108801386885,0.000134503964210236,9.49318394191459e-14,5.56400553783132e-14,1.18331120154797e-13,1.36546606745396e-37
"2",7.99525435430921e-05,0.000529369651326609,6.13127788589634e-05,3.40351679824611e-14,1.72546884430116e-14,4.66782190172394e-14,5.20179050305047e-08
"3",0.0144518994969084,0.0356052209809846,0.021078914761283,1.22762967030983e-12,1.31443280765128e-12,1.64557804223014e-12,2.95173520433825e-19
"4",0.00491690092028609,0.0205894891713832,0.000319418309587555,0.00130391056667602,0.00128544553469855,0.00125129631341453,1.21935294785635e-06
"5",0.00216783464977614,0.00873907436568896,0.00258487683107808,9.36055896603839e-14,9.13572889652371e-14,8.70852234778575e-14,1.54835896001897e-28
