"","glmGamPoi (Pb)","edgeR (Pb)","limma (Pb)","glmGamPoi (cell)","Nebula","Devil (base)","Devil (mixed)","glmGamPoi (fixed)"
"1",4.61951609278401e-05,0.000761956016595198,9.64447289981181e-05,5.98077038209726e-32,8.30396915104564e-33,7.17130754463829e-32,5.12544469053993e-84,NA
"2",0.00168393426155075,0.00635998199652245,0.0022694835293333,2.57743941938905e-94,7.85153219932493e-96,1.94301988778522e-94,1.40407507472947e-197,NA
"3",1.80287940382725e-05,0.000135644558562395,2.8254667885719e-05,2.48872266160808e-29,2.85173847517324e-29,4.91198126530678e-29,0,NA
"4",0.0137558721954086,0.0385949989294186,0.0162073024844637,6.19989193325948e-26,2.37568577835931e-27,5.80524326407513e-26,3.4636745392551e-262,NA
"5",0.000920288172550532,0.00272876954362788,0.000818382143481589,5.32871055279154e-26,3.22454880596482e-26,8.59197925114601e-26,3.98639329882152e-25,NA
