"","glmGamPoi (Pb)","edgeR (Pb)","limma (Pb)","glmGamPoi (cell)","Nebula","Devil (base)","Devil (mixed)"
"1",0.0367182673696293,0.0647320375649518,0.028731894619404,5.26718748733962e-19,2.21252601941766e-19,1.02674239416e-18,4.07548585454545e-118
"2",0.00193232044106222,0.0109269452597029,0.00225393040895295,2.2996742961082e-96,5.79864660769187e-101,1.11594536654889e-96,0
"3",0.000329291359356102,0.00365288222170325,0.000529786417706154,5.85932379762605e-114,8.51028352387049e-118,1.67788049890868e-113,0
"4",0.00619387165947382,0.0223717364369201,0.00737002196981495,2.10782014374367e-34,6.91247932480098e-36,2.85202648924102e-34,3.10862570136245e-40
"5",0.0210341300030982,0.0477540162854644,0.02307721406545,9.53973880618206e-49,2.0778437349459e-50,1.39281577427269e-48,5.07239744369621e-52
