"","glmGamPoi (Pb)","edgeR (Pb)","limma (Pb)","glmGamPoi (cell)","Nebula","Devil (base)","Devil (mixed)"
"1",3.89598673983824e-09,1.24140300593454e-05,3.56160325246285e-09,2.84409920627721e-294,2.41322475196391e-308,5.63867122416218e-295,0
"2",3.49269081456331e-16,1.08399413987239e-09,3.58578410560081e-16,2.44946693539527e-149,8.08803000982397e-152,1.4981409565651e-148,1.12195972286279e-244
"3",2.07902589282266e-09,4.5186789411397e-06,4.821603652765e-09,4.82385213305584e-208,8.58217251318419e-216,5.39452285858298e-207,0
"4",4.71925615225631e-09,8.91959600985667e-06,8.32174699117664e-09,1.77762597820324e-62,1.21338667789345e-62,1.27014507902445e-62,6.07043949633747e-57
"5",2.07517574394285e-07,0.000128673732795803,3.09403954792039e-07,1.37249125714274e-126,1.27588136210236e-126,6.21327112234164e-126,4.19937449845477e-175
