"","glmGamPoi (Pb)","edgeR (Pb)","limma (Pb)","glmGamPoi (cell)","Nebula","Devil (base)","Devil (mixed)"
"1",0.0863771719229311,0.143994824276683,0.0931912088509442,6.53347316744489e-13,3.77227028236614e-13,7.48412321394765e-13,3.44615449565661e-62
"2",0.0484384142204865,0.0823070199646248,0.0436690611346827,1.85017820869197e-25,2.61736891419079e-26,2.41720367333107e-25,1.36236238674255e-65
"3",0.0705830161086049,0.121409324676412,0.0847542451687396,9.77414351952449e-15,1.29255473278357e-14,1.1380408303965e-14,2.07479715855761e-16
"4",0.120874932502998,0.166197146552247,0.156638260216071,2.64828845854849e-42,3.83223510093222e-46,2.88611205297391e-42,1.30445209396247e-48
"5",0.0134589542466902,0.0367029592348399,0.013889228594586,4.77535310260467e-72,1.66597489315177e-79,1.67735623608155e-72,4.65825109035725e-35
