"","glmGamPoi (Pb)","edgeR (Pb)","limma (Pb)","glmGamPoi (cell)","Nebula","Devil (base)","Devil (mixed)"
"1",0.00515621973876023,0.0332622457828528,0.00717358739576548,7.57371043587724e-26,1.04641004121947e-25,8.79414641126384e-26,2.49214159224795e-24
"2",5.60027622434957e-13,6.77292271652628e-09,2.63651931277254e-14,4.36308312217899e-57,7.48839623831292e-58,9.49725128878577e-57,1.20885645185604e-90
"3",8.78824831450523e-06,0.000319082119425972,8.26704641507928e-06,3.09553940439294e-70,5.64084472082052e-75,2.14532769318725e-70,1.52710149340605e-186
"4",2.34107942998071e-06,0.000686933123709854,2.95142820619784e-06,3.3954727467207e-226,2.85043984707492e-244,1.26628160538892e-226,7.90968043068579e-246
"5",0.00260298521743545,0.0117645073915746,0.00528221626267382,1.94507023204092e-35,5.86269398608916e-36,3.10168299661225e-35,1.42903839656839e-90
