"","glmGamPoi (Pb)","edgeR (Pb)","limma (Pb)","glmGamPoi (cell)","Nebula","Devil (base)","Devil (mixed)"
"1",0.000453994079326711,0.00103046040412411,0.00016504432002505,3.6775612318879e-22,7.6868112936841e-23,4.15905162688772e-22,3.37137234341462e-46
"2",0.0179937047291781,0.0474780701668783,0.0291579319794535,9.1636886991737e-18,1.00276897328649e-17,1.19485826934127e-17,6.65432963557965e-13
"3",0.00855597344478156,0.0205173974823908,0.0132924740521509,2.31594302178021e-22,2.79427872762094e-22,4.09846696745939e-22,5.41106969007704e-64
"4",0.000975998457858112,0.00363090648864793,0.000815185984697533,3.44148846301988e-15,3.25679352253994e-15,4.9889258211073e-15,2.88213876005182e-52
"5",0.000396857625185257,0.00332783676310993,0.000608561707919054,6.10987860485764e-37,1.71635016570291e-37,1.00151673799859e-36,6.39121169014501e-47
