"","glmGamPoi (Pb)","edgeR (Pb)","limma (Pb)","glmGamPoi (cell)","Nebula","Devil (base)","Devil (mixed)"
"1",0.173260627624585,0.164601218076997,0.100011343438709,7.38517964227406e-15,3.12420810614872e-14,8.68264670173265e-15,2.50329600452619e-19
"2",0.000623924809965877,0.00184733323204881,0.000238570831080068,2.17497312320752e-18,1.96168548928269e-18,2.25113402051214e-18,4.75751931260342e-19
"3",0.00102617576605705,0.00576428680125571,0.00116121981139699,4.72495209339064e-13,5.28475170058443e-13,5.67292236681747e-13,5.65995721085818e-09
"4",0.00187047048391635,0.0120720799507774,0.00134096465130394,1.0073156676135e-17,1.15786778840808e-17,1.31201493660679e-17,5.53258855554976e-54
"5",0.0321758247305497,0.0241782725086353,0.00876309069835409,5.26745652279656e-11,1.13897472633117e-10,5.86654974703607e-11,6.96440345203322e-09
