"","glmGamPoi (Pb)","edgeR (Pb)","limma (Pb)","glmGamPoi (cell)","Nebula","Devil (base)","Devil (mixed)"
"1",0.000417091272102062,0.00237738103511425,0.00013945175294902,1.19398395742989e-71,7.2691809044452e-72,1.00096832216825e-71,2.89509687796627e-86
"2",0.00032430520768438,0.00243417095275735,0.000204478009191369,1.52641394731923e-20,2.81765689206681e-20,1.84304559587386e-20,3.99418100556834e-09
"3",0.00138202281426491,0.00538868827779968,0.00050566678453042,2.05767268210857e-87,2.70414719089625e-88,1.92937679848055e-87,6.38614676126546e-165
"4",0.102164044534985,0.153272448487816,0.0561032264276235,3.39478666819204e-07,3.36917603971498e-07,3.54265436071954e-07,3.94011795287052e-07
"5",0.00363818599093585,0.0117529026940143,0.00165195766325619,8.58462686262349e-70,1.68288532909589e-70,8.91579017029287e-70,1.65143280397807e-85
