"","glmGamPoi (Pb)","edgeR (Pb)","limma (Pb)","glmGamPoi (cell)","Nebula","Devil (base)","Devil (mixed)"
"1",1.75699939037568e-08,4.29216643043146e-05,8.18667551325631e-08,6.02277369480533e-108,1.67362590292094e-112,1.28434725683279e-107,1.13710751403477e-207
"2",7.56376159865312e-09,8.24440197393256e-06,6.92580298955713e-09,1.67808383835125e-57,2.53245315288999e-57,1.80593138401309e-57,4.70112356206077e-46
"3",1.1913611200789e-11,3.53917517536705e-07,1.19337475423198e-11,3.91500241743157e-127,2.18563532011272e-127,9.95139507540645e-126,6.37317519100469e-288
"4",4.6770198543668e-11,1.676655636166e-06,3.92419897153131e-11,1.23331894257436e-61,2.59957900190421e-62,9.66244000645715e-61,4.65529731914269e-67
"5",1.91654342358549e-05,0.000983869139908561,1.02452085484012e-05,2.68728456052596e-45,1.81151633739138e-45,1.96032511092972e-45,7.75099997887607e-68
