"","glmGamPoi (Pb)","edgeR (Pb)","limma (Pb)","glmGamPoi (cell)","Nebula","Devil (base)","Devil (mixed)"
"1",0.216153097409451,0.25841611492114,0.17087523231231,0.000585204585374119,0.000107003528393354,0.000539975622562418,0.00348025031932698
"2",7.82156606726307e-16,4.81947739900037e-09,9.39870097650343e-15,1.74031126512627e-272,1.21956977753997e-293,8.21882765159763e-275,1.35775676470483e-233
"3",7.74549445093692e-05,0.00273086881933734,5.29226204530825e-05,1.35665533931511e-48,6.12224124951339e-49,5.25522928940182e-49,2.16833563972457e-57
"4",1.52493736528775e-07,5.30628995548452e-05,3.81457215811074e-07,1.00336510663281e-19,1.13028741567535e-19,1.3079787753145e-19,1.73897205088993e-21
"5",0.000904007705340343,0.0137518059655812,0.00177620427426024,7.45147695836067e-40,7.36813579549146e-41,7.45726899949449e-40,1.36664624412925e-40
