"","glmGamPoi (Pb)","edgeR (Pb)","limma (Pb)","glmGamPoi (cell)","Nebula","Devil (base)","Devil (mixed)"
"1",0.0315734636310624,0.0612784140554151,0.0228579567283999,1.25658374203965e-07,1.13444660329584e-07,1.32659980174493e-07,1.62313732535925e-11
"2",0.00727011400322821,0.015041061879804,0.00470414931155061,6.51109692755021e-06,6.4421284006586e-06,6.71981990630086e-06,3.79986916833957e-06
"3",0.000122142221839728,0.000917045954669553,0.000171494990280722,3.68840903101489e-30,2.81309257866041e-30,3.50872874416742e-30,4.08962347683621e-52
"4",0.0399448360426101,0.0566343427335634,0.0478774965123408,8.46657379861526e-20,3.36410424633795e-19,8.13721665517973e-20,1.52609274638619e-08
"5",0.00441912242024072,0.0165270534984768,0.00379952274056642,1.42225233779837e-17,1.87709941759226e-17,1.58458513658001e-17,5.93592476239709e-62
