"","glmGamPoi (Pb)","edgeR (Pb)","limma (Pb)","glmGamPoi (cell)","Nebula","Devil (base)","Devil (mixed)","glmGamPoi (fixed)"
"1",0.0865519443040994,0.110514476296117,0.222932316953965,4.15255295340585e-12,1.03480608762594e-11,5.41829207102803e-12,2.02308271084118e-76,NA
"2",0.138958184293201,0.176294241519202,0.280696566380878,5.85600484528904e-08,1.45466724752566e-07,6.58150166709568e-08,1.03824774135331e-11,NA
"3",0.0224749038942765,0.0317691047107072,0.00960599280293332,1.96367657966533e-07,2.61326949686861e-07,2.1417550623107e-07,1.95900690886479e-13,NA
"4",0.173607265589619,0.250373886686687,0.18618850977346,0.0179550469653261,0.0286682994053334,0.018114207463322,0.152830476120683,NA
"5",0.0233117083061322,0.0351866310250906,0.0263718403422571,1.51065170892887e-08,2.5667978686376e-08,1.61555771062498e-08,1.41116505452843e-94,NA
