"","glmGamPoi (Pb)","edgeR (Pb)","limma (Pb)","glmGamPoi (cell)","Nebula","Devil (base)","Devil (mixed)"
"1",0.000405850179866766,0.0101994130879345,0.000348512193004889,8.40006542483765e-27,2.79094612617477e-27,1.02585481820344e-26,3.01135047414888e-32
"2",8.13793325258711e-08,1.85922644027727e-05,2.6243183440173e-07,6.32410435501396e-30,1.63183524395029e-29,9.40121669013622e-30,1.04221927450825e-32
"3",2.95870270999524e-07,0.000217316716257554,5.57326555757505e-07,5.97809417213307e-35,1.2291233482127e-34,9.4602690597081e-35,1.18095535267352e-30
"4",4.97117465729928e-05,0.00143300883693205,8.64946973583951e-05,1.09767668004926e-23,1.75672922516878e-23,1.50952932635862e-23,7.11022927593184e-29
"5",2.10083599983458e-08,9.09742459007213e-05,2.07637640652114e-08,7.5216468186761e-53,3.71194815219675e-53,1.19899040619863e-52,1.09792544911642e-70
