"","glmGamPoi (Pb)","edgeR (Pb)","limma (Pb)","glmGamPoi (cell)","Nebula","Devil (base)","Devil (mixed)"
"1",0.00942285733205977,0.0277533920205695,0.00641320428650395,1.74451261509742e-26,1.5948491535593e-28,1.29043513633903e-26,1.24937683599147e-22
"2",5.75213735700911e-18,2.30256585776172e-11,2.11926802086112e-17,3.81024175717452e-81,1.02919158857172e-80,1.93713147927518e-80,1.49848924063678e-106
"3",2.89687273179992e-05,0.00168927445501837,4.72695576109686e-05,8.66422777949015e-68,1.99967996318462e-69,2.05344711587686e-67,1.57109590720161e-56
"4",3.42575355435472e-18,5.37605297315744e-11,1.56625679288572e-17,2.06339137753865e-191,4.14886990494255e-194,1.50368757134334e-189,9.13837457641466e-121
"5",1.74276236920929e-07,0.000142358247402076,8.73626779303314e-07,4.54385463498388e-63,1.0447436096029e-64,6.12453298897486e-63,1.89132428405294e-99
