"","glmGamPoi (Pb)","edgeR (Pb)","limma (Pb)","glmGamPoi (cell)","Nebula","Devil (base)","Devil (mixed)"
"1",0.000205704603075402,0.00423541216613051,0.000616702970972357,1.75832983928392e-06,1.87270280866926e-06,1.79822608592383e-06,9.83290112244457e-08
"2",1.84332882509315e-06,0.000182971795294093,2.95759909738553e-06,5.42029634992101e-64,1.20671295902151e-65,3.53609354512287e-64,1.27824983537407e-55
"3",0.73749685294966,0.787646577475095,0.62115636840563,0.0557767566295624,0.0800843531822256,0.0559624713599409,0.0363609516882407
"4",0.00394018775202403,0.0181547889822707,0.00387597661832197,9.78380067700129e-08,7.42377238216512e-08,1.06286884866475e-07,1.30131847101015e-29
"5",0.043615537938496,0.156971063477555,0.0631103223157783,0.000118345611532744,0.000156634147836912,0.000121553678392682,3.41621868321118e-05
