"","glmGamPoi (Pb)","edgeR (Pb)","limma (Pb)","glmGamPoi (cell)","Nebula","Devil (base)","Devil (mixed)","glmGamPoi (fixed)"
"1",8.21001249704971e-08,8.39978968342566e-05,8.72043083246971e-08,1.88822696240058e-169,5.59808644478231e-171,2.35879147811469e-168,1.53201847717229e-193,3.36550170749694e-171
"2",3.18374136988768e-06,0.000364697167410533,3.32812048178075e-06,5.06730167814599e-87,3.84937501227608e-89,1.23932656833261e-86,1.42707270204274e-121,5.96154091842034e-90
"3",4.20603653183687e-08,3.6016314193078e-05,4.7002490120972e-08,1.08249047148146e-94,9.61700599702945e-96,3.53816621025033e-94,5.82104709605811e-130,3.72117146180245e-96
"4",6.60035382602992e-06,0.000714817353271483,5.57401506004319e-06,3.50349963210803e-316,0,1.08744382240556e-316,0,0
"5",3.40629184170467e-09,1.19356425773932e-05,3.57350624491527e-09,2.0172147851951e-77,2.15711269737779e-77,5.42467719722746e-77,7.92994942373843e-136,4.31493843126974e-78
