"","glmGamPoi (Pb)","edgeR (Pb)","limma (Pb)","glmGamPoi (cell)","Nebula","Devil (base)","Devil (mixed)","glmGamPoi (fixed)"
"1",0.00173318526506232,0.00758090361272253,0.00163046490195795,3.69262899903343e-94,9.81993115448433e-98,1.0665069732168e-93,0,5.14781184105471e-97
"2",0.0432682578196782,0.0814983697748613,0.0402316478317802,8.65904105688686e-93,2.13066256371189e-111,4.50252532752079e-93,8.73474980681548e-181,5.31325717758017e-108
"3",0.0120726259177076,0.0298283776416977,0.0112980352058618,1.44234017546945e-30,3.92777397535312e-31,3.06446449063604e-30,2.60169422482789e-84,2.16497047025752e-31
"4",0.0272362715707975,0.0512483113047516,0.0232911578439397,2.06309966465489e-20,1.37115797618954e-20,2.59032773358213e-20,7.66524058374465e-42,1.37874628074724e-20
"5",0.000163817965788555,0.0010373251018419,0.000180136568985109,6.57092025598334e-56,2.06520112219083e-56,1.48378253454975e-55,6.81907996247384e-131,1.48832422238054e-56
