"","glmGamPoi (Pb)","edgeR (Pb)","limma (Pb)","glmGamPoi (cell)","Nebula","Devil (base)","Devil (mixed)"
"1",8.21001241915535e-08,8.39978968343229e-05,8.72043083246945e-08,1.88822695675063e-169,5.59808644478231e-171,1.89498306799571e-167,3.10781931910651e-192
"2",3.18374134659677e-06,0.00036469716741054,3.3281204817808e-06,5.06730166619649e-87,3.84937501227608e-89,6.90410297570007e-87,1.17879154260971e-121
"3",4.20603649508499e-08,3.60163141930463e-05,4.70024901209717e-08,1.08249046810339e-94,9.61700599702945e-96,1.3496952240219e-94,2.50052484697326e-130
"4",6.60035375127226e-06,0.000714817353271477,5.57401506004365e-06,3.50349958270147e-316,0,4.87619413258949e-316,0
"5",3.40629184328497e-09,1.19356425773997e-05,3.57350624491537e-09,2.01721478171177e-77,2.15711269737779e-77,2.66070525088482e-76,4.1266149306515e-134
