"","glmGamPoi (Pb)","edgeR (Pb)","limma (Pb)","glmGamPoi (cell)","Nebula","Devil (base)","Devil (mixed)"
"1",0.0495903398216236,0.0582362452826463,0.0654861102222611,3.42979226683411e-09,7.18743572863643e-11,3.36318905673408e-09,6.66171635254042e-07
"2",0.00322284458844245,0.0138813176907415,0.00370939968586202,5.58499450909329e-25,3.69944629179026e-27,6.076554093936e-25,3.60455517601266e-52
"3",1.59953333485458e-05,0.00136532167290752,1.01312231898149e-05,8.86873837809506e-26,1.50256755316172e-25,1.02838908134011e-25,2.47710751259898e-27
"4",1.08850198048716e-07,0.000268491247305076,3.23356442241719e-08,3.4995940541698e-35,2.50916208876786e-36,4.35411673361936e-35,9.13726287605227e-48
"5",0.00066071655653657,0.00369556867192579,0.00170480341362969,2.04466923149564e-16,9.54469578268554e-17,2.15548966036399e-16,4.20920089456055e-27
