"","glmGamPoi (Pb)","edgeR (Pb)","limma (Pb)","glmGamPoi (cell)","Nebula","Devil (base)","Devil (mixed)"
"1",3.17140279659022e-11,7.34605513073673e-06,4.1972822873865e-11,5.49522707613862e-50,2.9814294854377e-50,8.995924426238e-50,3.39831396469743e-70
"2",6.01287906069659e-14,2.71023589527783e-08,6.37209589267807e-14,0,0,0,0
"3",1.87715843834554e-08,3.22446001072219e-05,1.84941653945396e-08,7.46918262776548e-48,2.58810591765779e-49,1.4533647387642e-47,5.04835106863383e-140
"4",4.21046086796992e-08,6.84481072778838e-05,1.26348737121546e-08,1.8702691895443e-69,8.58547688553067e-69,3.86845035480334e-69,4.16807039737975e-70
"5",5.3791629890125e-06,0.000918151266271578,5.94305492836573e-06,2.39725074226508e-134,6.63495197021226e-137,6.67271815915912e-134,7.81740819577733e-91
