"","glmGamPoi (Pb)","edgeR (Pb)","limma (Pb)","glmGamPoi (cell)","Nebula","Devil (base)","Devil (mixed)"
"1",0.10729217988949,0.136526268929976,0.127944214208754,2.21657158488027e-10,1.20079933712625e-10,1.89105447698599e-10,8.35415681903512e-52
"2",0.000493198775642695,0.00400178164121191,0.000583110631556199,2.29083374420362e-19,2.36551738257967e-19,4.02592976441117e-19,7.28270240120575e-45
"3",0.00733382742996512,0.016054176330824,0.0115380459270829,6.58940547827148e-17,7.58642524856108e-17,9.7759572109245e-17,1.53594850742891e-12
"4",0.000363077894501018,0.00309660051946935,0.000303841728865439,1.4452655137326e-57,6.39558931125816e-58,1.76518159900646e-56,4.52902293681942e-59
"5",0.142892407833552,0.185812471900351,0.1576343573256,1.54458438059851e-20,9.69559724470154e-20,2.11572325731821e-20,3.69735541738435e-21
