"","glmGamPoi (Pb)","edgeR (Pb)","limma (Pb)","glmGamPoi (cell)","Nebula","Devil (base)","Devil (mixed)","glmGamPoi (fixed)"
"1",3.59324753352952e-10,7.88194586469209e-06,3.45670128470856e-10,2.60597391009508e-66,4.29353523005565e-68,2.79418476992817e-66,1.93667651287146e-101,2.61444384426004e-67
"2",5.60379535286422e-09,2.58406188974458e-05,2.80527690455733e-08,1.29377856878517e-25,1.3665649028478e-25,1.852530810566e-25,6.46876084767368e-30,1.08235991126303e-25
"3",9.95249747762642e-05,0.00271683658083797,1.59044667108826e-05,1.93518913648572e-17,9.12526833651775e-18,2.41494391878992e-17,6.78240621098843e-24,9.9631170610772e-18
"4",4.54693168340385e-09,5.16397416966837e-06,1.05638989696285e-08,5.52856992289062e-28,7.17503701979167e-28,8.99994404273594e-28,1.22610993018435e-36,8.01773421846481e-28
"5",3.51720573083589e-08,3.02369376342083e-05,4.0210575652081e-08,4.08405174086006e-20,4.5325857725459e-20,6.26572682161539e-20,8.07172889550963e-30,2.77140245161056e-20
