"","glmGamPoi (Pb)","edgeR (Pb)","limma (Pb)","glmGamPoi (cell)","Nebula","Devil (base)","Devil (mixed)","glmGamPoi (fixed)"
"1",0.00073816824932117,0.00614896157007416,0.000294264109982611,1.66694321954242e-73,1.83339646873288e-74,6.36958740046444e-73,5.03637094445134e-142,NA
"2",9.78189149418689e-13,3.32165818203713e-07,1.52319918251431e-12,3.63928147116109e-87,5.57820172887159e-88,9.35190741237774e-87,1.6557391660173e-123,NA
"3",0.00672067735323138,0.0276453873256459,0.00392806174536717,4.89671257603922e-46,3.74483085814305e-46,7.40557490905185e-46,1.01793025885038e-58,NA
"4",3.96868781407432e-07,0.00015455941481097,5.50144642498351e-07,1.15914575662076e-63,7.08378930973618e-64,3.73179749125843e-63,5.32819628330069e-64,NA
"5",4.44606923539629e-14,1.46162563500034e-08,2.0930039821276e-13,5.68333751183147e-109,6.54196751095433e-109,3.09163510743576e-108,4.31549754172517e-66,NA
