"","glmGamPoi (Pb)","edgeR (Pb)","limma (Pb)","glmGamPoi (cell)","Nebula","Devil (base)","Devil (mixed)"
"1",3.76602573831382e-07,0.000106053282585385,3.72437629791529e-07,4.03150565667247e-106,9.92267216212971e-109,2.31901654755332e-105,4.01175719431456e-138
"2",0.00362805817827143,0.0131108202656094,0.00283244199874028,3.62362957125895e-53,5.03593728373024e-55,1.44448849201788e-53,1.59390371387358e-46
"3",3.60665160751506e-10,2.48327934012753e-05,4.00027558333474e-09,2.32410143160608e-28,2.390493641338e-29,4.48486142079664e-28,1.03331017247508e-43
"4",0.000181602519722033,0.00230735401222488,0.000191764105523105,3.30233119995466e-17,3.63534971921009e-17,3.33587422675672e-17,8.5761834937581e-14
"5",8.15524231354568e-06,0.00118100910035109,1.0077846944841e-05,9.29591459646597e-13,1.0652723280669e-12,8.73372469465333e-13,1.9951002454858e-17
