"","glmGamPoi (Pb)","edgeR (Pb)","limma (Pb)","glmGamPoi (cell)","Nebula","Devil (base)","Devil (mixed)"
"1",0.00480848736610525,0.0193968931961701,0.00394174540709645,5.23690121351458e-12,5.42941969769914e-12,5.1612962292822e-12,4.27824688722028e-06
"2",0.00987940791814974,0.0276896317269715,0.0114156884504201,7.91780495157168e-26,1.5221165583375e-25,1.80251818593943e-25,2.03374400115448e-05
"3",0.00233547882876615,0.00478747133026498,0.00316775786837255,8.38185709089654e-28,2.42916726011039e-28,1.01028868480759e-27,2.98178298590165e-51
"4",0.0132515661459482,0.0260027566114781,0.00981939401805275,1.00277382127961e-91,7.24967383722799e-96,9.68836259113446e-92,0
"5",0.0984708441314042,0.177871468442313,0.0329095804259295,3.18951812194061e-14,5.48659436430296e-14,5.15488348330954e-14,2.58676335813084e-07
