"","glmGamPoi (Pb)","edgeR (Pb)","limma (Pb)","glmGamPoi (cell)","Nebula","Devil (base)","Devil (mixed)","glmGamPoi (fixed)"
"1",5.65290217983141e-08,6.90646109177804e-05,5.85011086064962e-08,6.12215022190785e-318,0,1.03921669133119e-317,2.96799761642364e-303,NA
"2",4.055024981921e-28,3.7054055646574e-19,2.43505195584957e-27,0,0,0,0,NA
"3",1.81032055118838e-07,0.000121007951972103,2.95859119408054e-07,0,0,0,0,NA
"4",1.84330385945395e-13,3.03592252419305e-08,4.42075068416619e-13,0,0,0,0,NA
"5",3.15974493644687e-14,1.97091631389533e-08,5.15831452951046e-14,6.08216548918992e-318,0,1.66223841139346e-317,0,NA
