"","glmGamPoi (Pb)","edgeR (Pb)","limma (Pb)","glmGamPoi (cell)","Nebula","Devil (base)","Devil (mixed)"
"1",3.76602612790768e-07,0.000106053282585385,3.72437629791528e-07,4.03150566205962e-106,9.92267216212971e-109,1.09233576217293e-105,1.31913580650502e-138
"2",0.00362805832580451,0.0131108202656094,0.00283244199874046,3.62362958423226e-53,5.03593728373024e-55,1.42629515094344e-53,1.57213870714122e-46
"3",3.60665189012571e-10,2.48327934012753e-05,4.00027558333452e-09,2.3241014331273e-28,2.390493641338e-29,3.1627028691978e-28,4.78875736960964e-44
"4",0.000181602528279126,0.00230735401222488,0.000191764105523042,3.30233120104364e-17,3.63534971921009e-17,4.13590716549478e-17,9.81507151984949e-14
"5",8.15524259940099e-06,0.00118100910035109,1.00778469448358e-05,9.29591459837023e-13,1.0652723280669e-12,1.07456208476016e-12,2.41859347249594e-17
