"","glmGamPoi (Pb)","edgeR (Pb)","limma (Pb)","glmGamPoi (cell)","Nebula","Devil (base)","Devil (mixed)"
"1",2.06480226978205e-16,3.27737118604326e-10,2.24637989217799e-16,7.54711913550889e-290,1.56257031750724e-303,1.90655460593302e-287,1.16870741215482e-151
"2",1.22016561255905e-07,6.88084856108913e-05,6.75909183300022e-08,6.42491294267142e-314,0,1.30698318065832e-314,0
"3",3.01310254839428e-10,1.13443861650513e-06,1.30907959092663e-09,8.90234458717453e-89,2.43636590399411e-91,1.09894531563535e-87,1.47228479252042e-96
"4",4.27985752979869e-07,0.000176864649845408,3.50994097243493e-07,6.46727596004192e-65,5.85892345956268e-64,4.92072532275139e-64,2.22501224808988e-49
"5",1.63889616151535e-07,0.000137627739321188,1.48588995400441e-07,1.80057107165077e-143,7.29173316968861e-146,4.12490207458005e-142,0
