"","glmGamPoi (Pb)","edgeR (Pb)","limma (Pb)","glmGamPoi (cell)","Nebula","Devil (base)","Devil (mixed)"
"1",0.00422889147650468,0.0122060247131817,0.00422212843814844,1.51465529319124e-80,2.34447294388943e-81,2.94615941132363e-80,2.44310815185142e-147
"2",9.99502227989683e-07,2.10427037956171e-05,2.47281135056696e-06,2.55095157900751e-98,3.57594945368862e-100,4.28129310559329e-98,2.0415376425371e-295
"3",0.058437881597855,0.0959804296005093,0.0681688869798806,2.90443165978258e-83,3.02850460890862e-85,6.03149239464727e-83,0
"4",0.0334875239241963,0.0640212056695774,0.0346684132825887,5.29901826265561e-82,3.95006314016774e-90,4.39292646480249e-82,9.65528904460202e-106
"5",0.000473369013486785,0.00271041617755681,0.000531448769438303,1.39206744492756e-65,1.10715188843053e-65,1.61126689188023e-65,1.94548685210394e-196
