"","glmGamPoi (Pb)","edgeR (Pb)","limma (Pb)","glmGamPoi (cell)","Nebula","Devil (base)","Devil (mixed)"
"1",2.80088889424635e-07,0.000722477172668674,7.32773612620573e-07,1.9208052687492e-14,1.28938489909682e-14,1.79152531344341e-14,1.93909442453936e-11
"2",2.31463370347619e-05,0.00214221528950181,1.47990592376727e-05,5.73406837425237e-41,3.62484663995025e-43,5.60578430099717e-41,3.79393510628985e-39
"3",5.8827489769521e-06,0.000868072743961521,3.37080709982206e-06,4.68152286544563e-75,5.22736054147161e-81,1.44571494209098e-75,5.80198630001163e-47
"4",3.01203397241611e-17,1.55976221992067e-09,7.38185289425571e-18,2.74545776913696e-184,8.08097484770212e-194,3.46995056032497e-185,9.19992380573856e-142
"5",1.30584691813321e-08,8.06369636579779e-05,4.44039181828428e-09,8.95351837977704e-145,1.35274404701266e-160,9.91025258124664e-146,6.35877315323721e-94
