"","glmGamPoi (Pb)","edgeR (Pb)","limma (Pb)","glmGamPoi (cell)","Nebula","Devil (base)","Devil (mixed)"
"1",1.75682113479921e-08,4.29216643043146e-05,8.18667551325699e-08,6.02277370560303e-108,1.67362590292094e-112,7.13087770974733e-108,2.91590810834898e-208
"2",7.56572537438642e-09,8.24440197393265e-06,6.92580298955726e-09,1.67808383902759e-57,2.53245315288999e-57,1.98098336451657e-57,4.95852100138036e-46
"3",1.19116463371962e-11,3.53917517536708e-07,1.19337475423196e-11,3.91500242000305e-127,2.18563532011272e-127,1.93168911328647e-126,7.66228258397434e-291
"4",4.67924174737005e-11,1.676655636166e-06,3.92419897153142e-11,1.23331894280549e-61,2.59957900190421e-62,2.74422798758788e-61,7.91324082136092e-68
"5",1.91686584234262e-05,0.000983869139908561,1.02452085484022e-05,2.68728456100533e-45,1.81151633739138e-45,4.44275348331883e-45,9.81587431688463e-68
