"","glmGamPoi (Pb)","edgeR (Pb)","limma (Pb)","glmGamPoi (cell)","Nebula","Devil (base)","Devil (mixed)"
"1",0.00761970832789585,0.0284181355541306,0.0106910869993354,3.61455204437535e-33,2.59473174252953e-33,8.80661984199074e-33,0
"2",0.210856877355815,0.255299156032447,0.228903999601661,2.56139762100992e-18,1.18500382249312e-18,3.54957256723821e-18,3.20969938050146e-285
"3",0.0296366486693342,0.0624360350369753,0.0368266359231259,1.72967375835187e-09,9.64685403290897e-10,1.71000350475812e-09,1.8537105445309e-07
"4",0.0270543512450056,0.0505838676951801,0.0283443146419965,4.29985172137228e-33,3.69359079715605e-32,3.27402098633106e-33,4.34611464579972e-19
"5",0.00651920172013835,0.0153080705454328,0.00534464647434469,2.85373666771466e-16,3.50661741621829e-16,3.8540088577778e-16,1.86524232783697e-35
