"","glmGamPoi (Pb)","edgeR (Pb)","limma (Pb)","glmGamPoi (cell)","Nebula","Devil (base)","Devil (mixed)","glmGamPoi (fixed)"
"1",0.00422889147649986,0.0122060247131817,0.00422212843814847,1.51465530480188e-80,2.34447294388943e-81,1.66491936860525e-80,6.56136630766208e-146,NA
"2",9.99502227990165e-07,2.10427037956172e-05,2.47281135056698e-06,2.55095159319161e-98,3.57594945368862e-100,2.38408338063724e-98,7.51994243700933e-296,NA
"3",0.0584378815978178,0.0959804296005092,0.0681688869798806,2.90443167374758e-83,3.02850460890862e-85,4.16506142206442e-83,0,NA
"4",0.0334875239241703,0.0640212056695775,0.0346684132825894,5.2990183092186e-82,3.95006314016774e-90,3.79026960073457e-82,5.60560293920095e-106,NA
"5",0.000473369013486214,0.00271041617755681,0.000531448769438309,1.39206745555243e-65,1.10715188843053e-65,1.20575905515313e-65,1.89218140909554e-194,NA
