"","glmGamPoi (Pb)","edgeR (Pb)","limma (Pb)","glmGamPoi (cell)","Nebula","Devil (base)","Devil (mixed)"
"1",0.107292179889493,0.136526268929976,0.127944214208756,2.21657158627088e-10,1.20079933712625e-10,1.90613152395099e-10,7.32570120310874e-52
"2",0.000493198775642733,0.00400178164121191,0.000583110631556211,2.29083374551455e-19,2.36551738257967e-19,3.07814012953441e-19,3.4642135594424e-43
"3",0.00733382742996556,0.016054176330824,0.0115380459270828,6.58940548224824e-17,7.58642524856108e-17,8.09073472540088e-17,1.95108761476657e-12
"4",0.00036307789450104,0.00309660051946935,0.000303841728865456,1.44526550993508e-57,6.39558931125816e-58,6.96188757055335e-57,2.42255341914816e-63
"5",0.142892407833555,0.185812471900351,0.157634357325598,1.54458438149521e-20,9.69559724470154e-20,1.77316084484177e-20,1.62249320994236e-21
