"","glmGamPoi (Pb)","edgeR (Pb)","limma (Pb)","glmGamPoi (cell)","Nebula","Devil (base)","Devil (mixed)"
"1",0.086551944303819,0.110514476296117,0.22293231695396,4.15255295117886e-12,1.03480608762594e-11,4.78239847838072e-12,3.12037408478502e-77
"2",0.138958184292946,0.176294241519202,0.280696566380883,5.85600484346579e-08,1.45466724752566e-07,7.41410888271534e-08,1.2689952561781e-11
"3",0.0224749038946513,0.0317691047107071,0.00960599280293343,1.96367657907354e-07,2.61326949686861e-07,2.42077386083986e-07,2.81625482699253e-13
"4",0.1736072655904,0.250373886686687,0.186188509773461,0.0179550469642733,0.0286682994053334,0.0174857263121702,0.150995663579354
"5",0.0233117083062465,0.0351866310250906,0.026371840342257,1.51065170827344e-08,2.5667978686376e-08,1.47373680919433e-08,1.40111779647991e-94
