"","glmGamPoi (Pb)","edgeR (Pb)","limma (Pb)","glmGamPoi (cell)","Nebula","Devil (base)","Devil (mixed)"
"1",7.42237326362584e-14,7.54369983828147e-08,9.65949087298388e-14,2.56459061102971e-117,1.11610865961691e-120,3.87408279242602e-117,4.23613978698901e-95
"2",2.29019785670051e-12,1.52870605085924e-07,2.98257668951305e-12,0,0,0,0
"3",1.36941888641617e-09,1.15767447639797e-05,1.33582756669042e-09,9.74753165910582e-90,5.68220145600849e-92,1.09148934701372e-88,9.37019222879126e-61
"4",1.41427677375228e-06,0.000446337716713705,2.14424378126887e-06,1.03893344373606e-109,2.76025942737002e-114,2.87173890277332e-110,4.28131532155936e-148
"5",1.2007199044373e-07,6.02485389122622e-05,1.29404366161918e-07,7.42983661723391e-100,5.24762657232541e-101,1.68384401146018e-98,3.11351190794627e-91
