"","glmGamPoi (Pb)","edgeR (Pb)","limma (Pb)","glmGamPoi (cell)","Nebula","Devil (base)","Devil (mixed)"
"1",0.011517104463726,0.0309934223989359,0.00915367293280676,3.2542881243544e-14,9.97745116920504e-14,3.91745154039975e-14,1.56383115982728e-05
"2",0.000339163361492766,0.00173856951740492,0.00037583843169081,2.01849054823596e-24,1.9266355554194e-24,1.87519355588988e-24,1.0238004417734e-75
"3",0.0253674080137018,0.0578833429284923,0.025625555148022,1.01197684459905e-26,3.3536506714732e-27,1.34085210486711e-26,5.24559961632147e-22
"4",0.00800640621011372,0.0211579457722073,0.00938275324098828,1.7628417643213e-35,2.14210058638536e-36,2.41895068629202e-35,2.04002400898179e-49
"5",0.00644997701572367,0.0218303039038825,0.0068348428575733,5.00114370203905e-14,6.58701353578888e-14,5.68803164339881e-14,2.55808092721688e-36
