"","glmGamPoi (Pb)","edgeR (Pb)","limma (Pb)","glmGamPoi (cell)","Nebula","Devil (base)","Devil (mixed)"
"1",2.23914557244712e-06,0.000707344295504739,4.03142045664166e-06,5.66397104951789e-23,4.45569096778256e-23,7.8190501935734e-23,3.07339828294283e-24
"2",1.612112621073e-12,1.9833882400176e-07,7.3863820650272e-12,3.66401140632081e-188,2.51402588437714e-196,1.40075442108429e-186,1.11199053666657e-310
"3",1.29106739651436e-08,3.22035122982122e-05,1.66174957126988e-08,5.39168041790573e-165,1.77505252323152e-170,1.1778855709173e-164,2.34758151329445e-223
"4",3.51191925471061e-11,3.708304822435e-06,1.02223357943459e-10,1.50662592066811e-47,7.62233709469047e-48,6.61769389230322e-48,1.25541848221353e-62
"5",0.00136546362433961,0.00970615065734721,0.0024409440299774,1.00013808945706e-126,2.06972164998569e-133,1.0723318839707e-126,1.10220275023885e-158
