"","glmGamPoi (Pb)","edgeR (Pb)","limma (Pb)","glmGamPoi (cell)","Nebula","Devil (base)","Devil (mixed)"
"1",0.125628643714014,0.140108831505065,0.102841251184148,2.32748198849941e-12,2.27270230798751e-12,2.38593724852536e-12,6.84840742681193e-14
"2",0.0241308573994551,0.0510352182681798,0.028960631836207,2.27447305722649e-63,4.74612313416687e-64,5.15287452904639e-63,2.69244042526538e-50
"3",0.162839129924267,0.189120793260282,0.145484040771772,7.51294329802736e-15,2.63597226160829e-14,7.47581956576658e-15,1.39241259698788e-17
"4",0.00164408432756556,0.009651922919906,0.00319844686754393,9.49271437341178e-14,1.6352641346212e-13,1.31806122095294e-13,8.05305489706707e-06
"5",0.00014727556911002,0.00126772533524083,0.000144341772085432,2.18635537300393e-84,3.56618242437189e-86,4.54134012093966e-84,1.82214961897181e-124
