"","glmGamPoi (Pb)","edgeR (Pb)","limma (Pb)","glmGamPoi (cell)","Nebula","Devil (base)","Devil (mixed)"
"1",8.0650947420463e-14,1.62569872871541e-07,1.32083163431601e-12,9.63683718849558e-31,1.65977496153287e-30,1.52137410082373e-30,1.93655845913077e-35
"2",7.65498828996448e-11,2.17769379854798e-06,1.63120743552547e-10,1.53698145658735e-237,1.74619009007352e-248,1.25785681463228e-237,8.83559586477349e-145
"3",2.42844297534846e-07,4.91043514101814e-05,3.74653944508965e-07,1.59066859658568e-34,8.1374634289497e-36,2.51123194115373e-34,5.05409987439307e-31
"4",2.42332215542743e-18,3.86248539094468e-11,1.95700566034837e-17,3.87108185936351e-104,4.20794293499471e-105,1.60802465006679e-103,1.85133587065764e-57
"5",2.36187488212254e-08,1.97806863777602e-05,6.7341343540488e-08,2.46221493889252e-30,1.71244490704858e-30,3.63863864711396e-30,1.27015250160723e-43
