"","glmGamPoi (Pb)","edgeR (Pb)","limma (Pb)","glmGamPoi (cell)","Nebula","Devil (base)","Devil (mixed)","glmGamPoi (fixed)"
"1",0.0619876703235632,0.0978490137251209,0.0722095609577331,8.65225725035645e-37,3.01040340882642e-38,1.27483234512038e-36,3.90208964964576e-293,6.25880653636295e-38
"2",0.0582840122776938,0.094892951977131,0.109128604903561,1.39358125106147e-17,7.36075931531818e-19,1.28138582805693e-17,5.65808496929359e-26,1.07649692486527e-18
"3",0.0313773467954168,0.0740185257863857,0.0216107978667211,3.60884637378115e-11,1.10238832140042e-10,4.41994834582655e-11,5.76261545086233e-13,1.09658821586662e-10
"4",0.17647824688299,0.193621781196186,0.0650021227813869,4.21538741490782e-05,4.3097514997747e-05,4.41981106963625e-05,3.24925393059317e-13,4.96681522118169e-05
"5",0.130879963033345,0.13809019068841,0.0695355557007779,6.01323818302273e-06,6.29660898269127e-06,6.50419434956918e-06,1.91176911685372e-11,6.34464611121798e-06
