"","glmGamPoi (Pb)","edgeR (Pb)","limma (Pb)","glmGamPoi (cell)","Nebula","Devil (base)","Devil (mixed)","glmGamPoi (fixed)"
"1",0.00596035400615606,0.0123040626750937,0.00929489827271382,6.72543969516702e-07,4.61494652537563e-07,7.02390195188317e-07,0.000929135875543476,4.04749726719128e-07
"2",0.00799031680414682,0.0194088677196901,0.00816751215990615,6.05064194650693e-54,5.71154574664476e-60,5.40695216280907e-54,3.92947960037403e-100,1.34153742187641e-58
"3",0.15176289107808,0.179820260297571,0.171825322881205,9.05283227135058e-05,2.4498132859043e-05,9.08760028799384e-05,1.03948512565509e-22,1.82460447232586e-05
"4",0.0128247325326697,0.0259276739776923,0.0133117658722561,1.84959408866025e-12,1.59368924904107e-12,2.39741578008206e-12,5.42477487616645e-21,1.53135268015579e-12
"5",0.105560147091444,0.147708118753035,0.133099267570484,1.89999937845877e-07,7.25023071704195e-08,2.14100682713111e-07,1.15448398982996e-06,3.4403289296903e-08
