"","glmGamPoi (Pb)","edgeR (Pb)","limma (Pb)","glmGamPoi (cell)","Nebula","Devil (base)","Devil (mixed)"
"1",0.0158333934868411,0.0362982518427587,0.0275058238306361,4.61635033147911e-10,6.54856735958892e-09,4.15604766236069e-10,2.24808810864753e-06
"2",0.111325537254678,0.148326737833754,0.0782639950259527,4.61439522423033e-20,9.11830919174432e-22,5.38381545206918e-20,3.4827006423111e-20
"3",0.0124837056211298,0.0228963117116757,0.0102067958830283,3.26428800090735e-08,5.66750664445309e-08,3.85676153835384e-08,5.92338390104395e-20
"4",0.0259433724630931,0.0575357342996427,0.0359464812176101,2.57861692187387e-07,2.45494853749914e-06,2.67476240093128e-07,0.000144214778546255
"5",0.00728432928510675,0.0203483442835358,0.00631100191319002,2.71191327675801e-09,2.75081582752529e-09,3.20611347566923e-09,0.00463583976227164
