"","glmGamPoi (Pb)","edgeR (Pb)","limma (Pb)","glmGamPoi (cell)","Nebula","Devil (base)","Devil (mixed)","glmGamPoi (fixed)"
"1",1.28561321088395e-09,4.56261936204846e-06,5.10681788344837e-10,1.1884957048346e-80,1.77556981444544e-83,4.58555147671438e-81,8.10782456240615e-60,NA
"2",3.60534793825302e-06,0.000707500101965671,8.04680472309319e-06,7.93479394579816e-30,2.15785177698515e-29,1.51742227207938e-29,2.1654673538328e-18,NA
"3",0.000674712809326472,0.00457443242720391,0.000658977829164112,8.94065658586896e-32,2.74837596567337e-31,1.88383450385427e-31,4.77264511409262e-27,NA
"4",2.87011964092217e-12,7.68734527380175e-06,5.43325857078639e-12,9.00496236022921e-44,1.04546773631009e-42,1.3241886736581e-43,2.96527444297914e-55,NA
"5",0.000186193236533676,0.00247402233291661,0.00040045190676689,6.40651757756895e-18,7.05456877648392e-18,7.50059968558735e-18,4.39955323005975e-09,NA
