"","glmGamPoi (Pb)","edgeR (Pb)","limma (Pb)","glmGamPoi (cell)","Nebula","Devil (base)","Devil (mixed)"
"1",0.000749726781251293,0.00287540132917929,0.000637538817322117,1.26748478439327e-75,2.06406075567752e-76,2.0011738306329e-75,2.1498688513397e-258
"2",0.00013852615617255,0.00112900783076388,0.000138403521814217,9.36719116588653e-127,2.86695137720991e-132,5.30221495517705e-127,1.03751190379238e-126
"3",0.00153270157665726,0.00767052682477571,0.00227395420347993,7.27996390917893e-41,3.39263382613239e-41,9.08129550620122e-41,1.80178368042402e-52
"4",0.0215152298335966,0.0467840406076834,0.0229067514010554,3.02466102097369e-38,2.9141369114198e-38,5.27782661196915e-38,1.42088070109154e-53
"5",0.0234212134616157,0.046701111326073,0.0220798705924783,5.12822640130861e-20,5.48643381399439e-20,6.52586199286905e-20,1.48158347998697e-22
