"","glmGamPoi (Pb)","edgeR (Pb)","limma (Pb)","glmGamPoi (cell)","Nebula","Devil (base)","Devil (mixed)","glmGamPoi (fixed)"
"1",0.00229246402080364,0.00845510874766709,0.00188709642822137,1.62698106181605e-52,5.73970008910562e-54,1.72371345698949e-52,5.76903909809292e-58,3.16279140524329e-53
"2",0.0941994050446593,0.133002361081343,0.110009150795111,4.04155269393449e-43,2.36828101391684e-44,5.51617268471876e-43,3.55243050114735e-20,2.80533927102609e-44
"3",0.0916130417882925,0.144083030831356,0.125138791970346,1.27793257879827e-17,8.54512710146436e-18,1.5243477583084e-17,2.89586671434454e-18,5.96544533151184e-18
"4",0.00166455968332475,0.00648663668575765,0.00168493856458483,8.65985114617357e-56,7.29506904863058e-55,2.02141612600081e-55,8.28742012948395e-129,1.11534717799985e-54
"5",0.0406099830373515,0.0678961693107689,0.0398678715235173,2.9164212656904e-45,1.61954916657918e-46,4.58567974864674e-45,6.8377837639778e-63,1.96108186376983e-46
