"","glmGamPoi (Pb)","edgeR (Pb)","limma (Pb)","glmGamPoi (cell)","Nebula","Devil (base)","Devil (mixed)"
"1",6.89399186118878e-06,1.56319068710304e-05,2.20939658954153e-06,1.0630826211292e-34,6.27715693962937e-35,1.22208144099915e-34,4.67101715327287e-52
"2",0.00391052771556632,0.0106005251984861,0.00250124047029903,1.65658778769635e-07,8.50424407194997e-08,1.58701404960615e-07,5.64318407328072e-12
"3",0.000870932430659326,0.0028956740677693,0.000599564347242644,7.69701441021555e-32,3.6476399175824e-32,1.11411208753104e-31,2.66708256724973e-37
"4",0.008940136783672,0.0233251163598634,0.00986521879119269,1.43240404741792e-94,3.20663772784599e-97,3.99662691520363e-95,3.36235723867131e-105
"5",8.66741503956641e-05,0.000774059736951528,0.000102035146218042,1.79898467477697e-46,1.19175673636018e-46,2.84442451703875e-46,4.97983016130365e-244
