"","glmGamPoi (Pb)","edgeR (Pb)","limma (Pb)","glmGamPoi (cell)","Nebula","Devil (base)","Devil (mixed)"
"1",8.34789172009884e-05,0.00296724904030614,0.000164523163038443,5.85491671541687e-08,2.35841131938425e-08,5.67086361133376e-08,4.56245292976063e-15
"2",6.47589630727357e-05,0.000848155645530291,0.000102095405414874,1.64496918471449e-15,1.56549417913509e-15,1.85593689887613e-15,2.53762811220751e-64
"3",0.000129982198661774,0.000439657532871297,4.70933902222804e-05,4.07911842683224e-09,3.1441451544992e-09,4.39724430827718e-09,1.03987494792208e-15
"4",9.50045813666931e-05,0.00088305360507379,0.000145060388061267,1.40134234599363e-70,4.31346872316889e-75,2.24346877155924e-70,0
"5",6.73590935008244e-06,9.40814450415568e-05,1.2984496435895e-05,5.78139179717612e-63,3.68380057167126e-65,6.19659225155165e-63,1.34719929728821e-78
