"","glmGamPoi (Pb)","edgeR (Pb)","limma (Pb)","glmGamPoi (cell)","Nebula","Devil (base)","Devil (mixed)"
"1",0.0158451648637206,0.0355794522628848,0.0139341304995258,1.29830924578212e-13,1.68794130817183e-13,1.46485658820766e-13,3.78359817809307e-77
"2",0.00424555516157498,0.0161722571131481,0.00402828515593119,3.26315854822698e-137,6.29281594454572e-147,3.83638503103678e-137,2.18042067809687e-178
"3",0.0129672827829516,0.038153810717697,0.0205310271839114,1.545923863316e-12,4.79964102281236e-12,1.81108287454852e-12,1.46687659441603e-13
"4",0.0107374541911929,0.026152260907842,0.0136473917230333,2.12943593222567e-19,2.14383541357395e-19,2.64990670014098e-19,1.45390830960559e-33
"5",0.0176007033620846,0.0428123165054113,0.0172715285165076,1.06255293898266e-28,2.59739294467443e-28,1.26146765193229e-28,1.19359024607056e-76
