"","glmGamPoi (Pb)","edgeR (Pb)","limma (Pb)","glmGamPoi (cell)","Nebula","Devil (base)","Devil (mixed)","glmGamPoi (fixed)"
"1",8.12049594618331e-06,0.000562370000100241,4.30644173884828e-06,2.09879821554986e-186,3.23574392554993e-193,7.33910834560447e-186,2.34350688798031e-142,NA
"2",2.26013754850334e-08,3.72957050234068e-05,8.97674206178158e-09,3.69212750323751e-97,3.41313381543224e-96,2.20443581534554e-96,4.47210909300865e-207,NA
"3",2.81015924224638e-13,2.29509380235559e-08,5.90391178785253e-13,4.10579281685059e-50,2.05830966243024e-48,7.22127542215877e-50,5.5931285172343e-83,NA
"4",3.23140248303866e-14,1.09501764963983e-08,4.23304061776598e-14,1.05434814357397e-201,2.33443083315067e-209,1.14552255616685e-201,4.02660263898328e-189,NA
"5",9.40946837852531e-05,0.0028049424462701,0.000168879569122918,1.61785589430362e-52,2.91878373259116e-51,2.80572105210341e-52,1.25402822643243e-43,NA
