"","glmGamPoi (Pb)","edgeR (Pb)","limma (Pb)","glmGamPoi (cell)","Nebula","Devil (base)","Devil (mixed)","glmGamPoi (fixed)"
"1",0.00140880643791265,0.0126625663417054,0.00230045347741113,5.08477472063883e-29,8.93179383545297e-30,2.43797995218109e-29,9.19958850913989e-23,1.59043777906686e-29
"2",1.30250750195292e-08,0.000127694204395593,5.16636351444446e-08,3.18958944066696e-57,5.35030663363555e-57,6.26017327051436e-57,2.02589781629174e-71,1.88460120265275e-57
"3",0.00121891183085831,0.00964464034123467,0.00104164044074855,1.35624430472964e-100,3.99159628888479e-109,8.77090329058379e-101,1.06897976544299e-182,5.7195953575009e-109
"4",3.30666184783812e-14,3.2939018362895e-08,1.86179614381027e-14,0,0,0,0,0
"5",3.00256183240187e-06,0.000849699529089187,2.9509461610754e-06,6.76424852408923e-161,1.26992906342293e-165,1.29167029777357e-160,0,8.25185941542776e-165
