"","glmGamPoi (Pb)","edgeR (Pb)","limma (Pb)","glmGamPoi (cell)","Nebula","Devil (base)","Devil (mixed)"
"1",4.49717810767898e-07,0.000259748466093589,6.29074755815437e-07,1.02779110837163e-37,3.66099351050173e-37,1.66287881514163e-37,4.42686745837771e-38
"2",0.00185751299828044,0.0113652119678055,0.00337547379172438,3.96844585157671e-71,7.468801802447e-71,9.79022774252472e-71,2.975102498723e-92
"3",9.27769242790309e-07,0.000380657754043335,2.95834239585341e-06,2.36853007203841e-36,3.07726128543314e-36,3.55827277596742e-36,1.29765630925508e-46
"4",3.28371880392172e-08,2.82419361791657e-05,5.23082297908569e-08,1.91969858288281e-107,7.74541224989061e-110,6.24001191210717e-107,4.71688186265335e-98
"5",1.81292859583228e-10,3.93723608032901e-06,2.32539062130549e-10,1.42335846700777e-230,2.37146971875685e-240,1.41511471564972e-231,5.14366323860279e-251
