"","glmGamPoi (Pb)","edgeR (Pb)","limma (Pb)","glmGamPoi (cell)","Nebula","Devil (base)","Devil (mixed)","glmGamPoi (fixed)"
"1",0.00115848431821889,0.00979504220589254,0.00150073532310399,3.09472934290012e-15,1.0454941769021e-14,3.31716616917336e-15,8.76519851204495e-12,1.07576667671369e-14
"2",0.0555024843029413,0.0802061319215864,0.0475750911238904,7.18324270458287e-07,7.65182517740051e-07,7.79502512456696e-07,3.79583711867548e-23,6.20000989714439e-07
"3",0.0915442403264926,0.131640442905354,0.0848691506450628,0.00269883285183075,0.00264633428587766,0.00276684151628561,8.33528729438447e-19,0.0024697837914395
"4",0.0294958356260095,0.060091883803037,0.0230222719075011,1.50591497081652e-08,1.58146214901656e-08,1.80139818068646e-08,3.62925917497524e-17,1.5093480869063e-08
"5",0.0457824869755848,0.0859822071703821,0.0407502627676092,0.000158684240794145,0.000136142773588185,0.00016782384485326,3.36820951241744e-11,0.000136635222738735
