"","glmGamPoi (Pb)","edgeR (Pb)","limma (Pb)","glmGamPoi (cell)","Nebula","Devil (base)","Devil (mixed)"
"1",8.02827027326105e-05,0.000603536264856923,0.000103902470389161,9.02533414216592e-71,8.942201991599e-74,7.32394499859722e-71,2.67533255813808e-99
"2",0.129175812349492,0.171915450485211,0.148621645648313,8.04354088946067e-50,1.08744381764331e-55,6.95102720351963e-50,1.32704117612195e-57
"3",0.020185289745769,0.0447707343915548,0.0174250491272962,2.74601218879789e-12,3.88025629277434e-12,3.12293600448458e-12,1.01000539628151e-11
"4",0.00146159329787579,0.00450085861881463,0.00116360610453641,3.01002906624285e-33,2.53745792533706e-33,4.82552020835401e-33,2.0685783523808e-26
"5",0.00329879016437372,0.00986306480562785,0.00341833440042568,3.95060484962154e-66,4.07446469706856e-70,7.37172514488197e-66,1.75893493064501e-164
