"","glmGamPoi (Pb)","edgeR (Pb)","limma (Pb)","glmGamPoi (cell)","Nebula","Devil (base)","Devil (mixed)"
"1",5.65289521971078e-08,6.90646109177804e-05,5.85011086064939e-08,6.12215022190785e-318,0,8.46311724306347e-317,2.47955624031361e-303
"2",4.05503170439496e-28,3.7054055646574e-19,2.43505195584922e-27,0,0,0,0
"3",1.81031836123173e-07,0.000121007951972103,2.95859119408021e-07,0,0,0,0
"4",1.84330004042095e-13,3.03592252419305e-08,4.42075068416605e-13,0,0,0,0
"5",3.15973874685118e-14,1.97091631389533e-08,5.15831452951036e-14,6.08216548918992e-318,0,4.03111026022619e-317,0
