"","glmGamPoi (Pb)","edgeR (Pb)","limma (Pb)","glmGamPoi (cell)","Nebula","Devil (base)","Devil (mixed)"
"1",5.96949536280604e-14,1.75833486520878e-08,4.61163073990543e-14,4.81649959964991e-239,7.36843080148188e-244,2.25514977231373e-238,1.74272464314438e-215
"2",0.000549397082912282,0.0053784828253942,0.000590654228507314,1.82054698439068e-51,5.08892400252037e-51,3.30226788885391e-51,3.94478282148697e-55
"3",1.2430785708165e-09,8.70799626315295e-06,9.44976202594194e-10,8.88128828557272e-74,5.05772999739683e-77,1.63879914144582e-73,2.37293684627418e-62
"4",3.7800735122969e-08,8.62274480679233e-05,3.39710076046902e-08,4.0525059852609e-87,1.41863902457465e-87,6.49410277845935e-87,2.26583971914284e-68
"5",8.89054285092136e-05,0.00253655929923994,0.000119231643369076,1.12184595571811e-259,1.7015933162112e-265,3.36575346811259e-260,0
