"","glmGamPoi (Pb)","edgeR (Pb)","limma (Pb)","glmGamPoi (cell)","Nebula","Devil (base)","Devil (mixed)"
"1",0.000128508469971761,0.00318285686243224,0.000210705777994121,1.18908704789052e-44,2.06331686188111e-44,1.973370503868e-44,1.92966203816275e-60
"2",1.19654135766849e-14,7.58603013639498e-09,1.47391978885765e-14,1.07019184077726e-90,1.11678032232733e-90,3.7129519035012e-90,1.25679354219958e-94
"3",3.90776609039554e-12,9.10522983084974e-07,1.98042375714909e-12,7.93546507163773e-72,2.5555971530321e-72,1.68152048369608e-71,8.26740045575206e-172
"4",6.03778306523787e-05,0.00234963622023848,5.3569507507406e-05,4.0835693029816e-48,1.38492865434498e-48,4.45015365473304e-48,3.79157022397993e-41
"5",6.54916227226147e-20,7.16953797067872e-13,1.82807133284878e-19,7.70554648199843e-261,2.23853034063321e-265,6.23788134740367e-260,4.37657383154098e-308
