"","glmGamPoi (Pb)","edgeR (Pb)","limma (Pb)","glmGamPoi (cell)","Nebula","Devil (base)","Devil (mixed)"
"1",0.0202941754419034,0.0575940405731237,0.0185445389584716,3.63139205539315e-13,3.91249829766576e-13,4.12533106947624e-13,0.000549941019154062
"2",0.00474841871569489,0.0108419170558501,0.00384530699197673,3.52561784132422e-24,9.6090798923069e-25,5.00168881475088e-24,2.31268180693555e-69
"3",0.00583446531710425,0.0166917262274632,0.00507274493669056,1.86684832482321e-22,8.12234043452641e-23,2.47734175524255e-22,9.10926501331756e-38
"4",0.000382115092585695,0.0024017953852247,0.000790880395555891,1.09760539839993e-17,2.19986416647791e-18,1.13820858338971e-17,1.04002789740458e-16
"5",0.00053736828770958,0.00371601797023805,0.00075665896129099,8.72687370748117e-59,6.21375350085778e-59,1.29529862679885e-58,5.50206665174418e-22
