"","glmGamPoi (Pb)","edgeR (Pb)","limma (Pb)","glmGamPoi (cell)","Nebula","Devil (base)","Devil (mixed)"
"1",0.00223111984987425,0.00797017869249959,0.00269049499201317,3.62615192821288e-41,1.13649373975033e-40,4.48472471088544e-41,4.82000919645153e-18
"2",0.0626593222877564,0.0847473356875538,0.0726630845015049,2.80807026756977e-16,2.00080083599444e-16,3.63721437318133e-16,1.42713456380949e-66
"3",0.013191640362714,0.0311960353048485,0.0153053883672299,5.43086324265701e-14,5.65177803952213e-13,5.99734457344e-14,6.90209117058526e-09
"4",0.069631787102208,0.114699061370306,0.0824735872592897,1.66946657056817e-13,1.12979374043629e-13,1.77323780461891e-13,1.62628059230412e-15
"5",0.11171494485146,0.163120946872173,0.149882664695166,5.26792189064987e-47,3.04837789047639e-49,4.22191661880794e-47,4.53556544747328e-50
