"","glmGamPoi (Pb)","edgeR (Pb)","limma (Pb)","glmGamPoi (cell)","Nebula","Devil (base)","Devil (mixed)"
"1",3.37769556263109e-07,0.00011066069888441,5.02816517690151e-08,1.6596561258936e-39,1.67995865492648e-39,3.25159764429759e-39,1.86601484274607e-133
"2",1.07625284962936e-06,0.000172045047237609,1.82726238165494e-06,2.46172707146222e-128,9.75607232877052e-134,1.08212058291567e-127,7.71292888303051e-178
"3",6.7703570935506e-19,1.31166871140615e-12,2.69842274133868e-18,1.03975870168534e-180,1.34559819880115e-182,5.99278594325334e-179,2.2077382659467e-129
"4",1.32777590669259e-07,2.26957974326877e-05,2.49013391454309e-07,3.04444657021531e-64,1.6661754933014e-65,1.00817647880315e-63,7.85760169160852e-71
"5",1.60073352930781e-09,6.2502951641966e-05,2.48997944493289e-09,6.18491107796533e-33,6.98645661156894e-33,8.40122167377775e-33,7.78705098960859e-43
