"","glmGamPoi (Pb)","edgeR (Pb)","limma (Pb)","glmGamPoi (cell)","Nebula","Devil (base)","Devil (mixed)"
"1",0.000921013278505228,0.00241246417509919,0.000598784981352101,3.04303320557186e-52,3.64862520881328e-52,6.90663231614249e-52,2.46444721630452e-77
"2",0.00205057048299791,0.0111945124671939,0.00196257845293299,8.73802133822047e-21,3.9612591544313e-21,1.05963392032228e-20,1.96947197850623e-08
"3",0.00234941329658331,0.013366784717977,0.00231029678266816,2.93362544093996e-19,1.87113551937463e-19,3.62445636315083e-19,3.86043952583154e-11
"4",0.0642458722495421,0.105751280140048,0.0721460091350398,6.92453890334331e-81,4.50549408069388e-84,5.88826657969029e-81,3.39592958602078e-78
"5",0.000354283151437336,0.000931337018432155,0.000189758934583493,5.01474147822154e-24,7.96984618088319e-24,6.9615224763059e-24,3.26433009175874e-111
