"","glmGamPoi (Pb)","edgeR (Pb)","limma (Pb)","glmGamPoi (cell)","Nebula","Devil (base)","Devil (mixed)"
"1",7.71056917624263e-09,0.000227867577404844,6.33828938712539e-08,7.26916491193275e-44,4.94847446168701e-45,9.08464098926389e-44,1.27316462863718e-58
"2",2.8909934922144e-07,0.00018940655502453,4.52497551876604e-06,7.77043431290203e-11,7.94671913107935e-11,8.71156243766234e-11,1.33623920491086e-13
"3",3.04783857542756e-05,0.00204002901802765,2.54530241928715e-05,1.58841730886367e-29,9.28835235520729e-30,1.81328465743418e-29,1.2792537562592e-77
"4",1.84748539572141e-05,0.000420393622205266,0.000212589596036385,9.78690130522017e-10,1.04078772968096e-09,1.12479299663349e-09,5.57491624262389e-11
"5",2.83859929516211e-11,1.05939796834567e-06,1.69821048936943e-11,1.43320533426204e-72,1.48708933225187e-80,6.687600504968e-73,3.34626551078393e-86
