"","glmGamPoi (Pb)","edgeR (Pb)","limma (Pb)","glmGamPoi (cell)","Nebula","Devil (base)","Devil (mixed)"
"1",0.0619876703235632,0.0978490137251209,0.0722095609577333,8.65210313264864e-37,3.01040340882642e-38,1.7675291117818e-36,7.67648980582889e-294
"2",0.0582840122776938,0.094892951977131,0.10912860490356,1.39358809199103e-17,7.36075931531818e-19,1.28588687388378e-17,5.67713861411704e-26
"3",0.0313773467954168,0.0740185257863857,0.0216107978667216,3.60887988718491e-11,1.10238832140042e-10,4.98748956816737e-11,9.02586882868308e-13
"4",0.17647824688299,0.193621781196186,0.0650021227813879,4.21542778582833e-05,4.3097514997747e-05,4.15161415210296e-05,2.08964530379693e-13
"5",0.130879963033345,0.13809019068841,0.0695355557007788,6.01331537182568e-06,6.29660898269127e-06,5.95660216523062e-06,1.73683203380654e-11
