"","glmGamPoi (Pb)","edgeR (Pb)","limma (Pb)","glmGamPoi (cell)","Nebula","Devil (base)","Devil (mixed)","glmGamPoi (fixed)"
"1",4.01176430262103e-11,2.19268194270799e-06,1.2735397868108e-10,1.41759079496452e-40,6.26807581483093e-41,2.19213453550594e-40,1.89119043868288e-27,7.47029199234422e-41
"2",0.00120369564213946,0.00459365805711846,0.00243423229138186,2.56825444022368e-11,5.12035574314089e-11,2.72309676951651e-11,9.73450510857039e-13,3.45767765670179e-11
"3",2.9608090240281e-10,1.7673535036788e-06,1.80499647314773e-09,1.34045306835815e-26,1.21778109210739e-26,1.882580477525e-26,1.78493043448759e-16,1.54767553828033e-26
"4",0.00923312889735024,0.00737202503284228,0.0111462681924491,3.27704494548848e-11,1.34993194108656e-10,3.95564168173736e-11,1.15644190137655e-12,6.00373843822556e-11
"5",0.000968631468684616,0.00580516027392169,0.00186815064973581,5.96664127163786e-12,9.46969783380526e-12,7.0429161366868e-12,4.18302800428374e-09,7.48264619812785e-12
