"","glmGamPoi (Pb)","edgeR (Pb)","limma (Pb)","glmGamPoi (cell)","Nebula","Devil (base)","Devil (mixed)"
"1",0.0446378441289399,0.0810169953581785,0.0280517462680004,1.01734765802755e-26,7.71250719703699e-29,1.27659580191215e-26,4.6971574842157e-27
"2",0.00335777689090532,0.00968817886787944,0.00252436933982688,3.09196130809281e-20,2.89791940127203e-20,4.28823455783742e-20,4.0793226013759e-84
"3",0.00245807778964569,0.00755776549959802,0.00245315893679693,2.96012601660178e-13,2.72870123445297e-13,3.5892335195909e-13,1.41522078777625e-15
"4",0.000201403148752251,0.00217864631880659,0.000384878528844508,3.37221359611096e-47,1.27295105528536e-48,3.99818714943683e-47,1.22206368605209e-41
"5",0.0633679092567503,0.0971456756717261,0.0774122178829411,7.03899318686176e-14,3.6247605912874e-14,9.00640512853641e-14,1.71203620554337e-14
