"","glmGamPoi (Pb)","edgeR (Pb)","limma (Pb)","glmGamPoi (cell)","Nebula","Devil (base)","Devil (mixed)"
"1",0.0367182673696292,0.0647320375649501,0.0287318946194032,5.26718748506927e-19,2.21252601941766e-19,6.84137267375221e-19,1.10534591856493e-121
"2",0.00193232044106222,0.01092694525966,0.00225393040895287,2.29967429377504e-96,5.79864660769187e-101,1.14770922933885e-96,0
"3",0.0003292913593561,0.00365288222170031,0.000529786417706153,5.8593237952267e-114,8.51028352387049e-118,1.01083692982715e-113,0
"4",0.0061938716594738,0.0223717364369499,0.00737002196981516,2.10782014200761e-34,6.91247932480098e-36,2.30183685964998e-34,1.66715142956554e-40
"5",0.0210341300030982,0.047754016285424,0.0230772140654497,9.53973879801444e-49,2.0778437349459e-50,1.08340832431258e-48,1.9942195911638e-52
