"","glmGamPoi (Pb)","edgeR (Pb)","limma (Pb)","glmGamPoi (cell)","Nebula","Devil (base)","Devil (mixed)"
"1",0.0923775685874794,0.14058445513275,0.105401360281011,1.30680682659592e-23,1.36194625439208e-23,1.65701376254876e-23,1.11577318261781e-42
"2",0.00962686139479659,0.0269713055437545,0.00976350448897496,5.13410212942311e-95,1.59949729745182e-101,2.17449573222101e-95,2.12230051021938e-61
"3",0.0478001224522377,0.0972043912461897,0.0516208874174919,2.73722829594147e-69,1.96836494268169e-69,4.83139388827693e-69,8.46066643935372e-284
"4",0.00354993576163388,0.00901220039579767,0.00187332403211787,2.78364262963644e-106,1.46116959435261e-109,4.00892396988188e-106,7.04328397269305e-64
"5",0.00864348887890156,0.0264549872371785,0.0066585338707354,2.63629723233056e-93,5.39701424343174e-99,5.84343614497868e-94,3.72031095050242e-34
