"","glmGamPoi (Pb)","edgeR (Pb)","limma (Pb)","glmGamPoi (cell)","Nebula","Devil (base)","Devil (mixed)"
"1",0.000541369999417444,0.00217276073489607,0.000455717823515021,2.93052293702177e-68,1.41196131631169e-70,3.38387374494214e-68,8.2898103959078e-107
"2",0.000266607667124525,0.00217610217444382,0.000309243113461667,1.7754066449265e-16,1.38234378332455e-16,2.12373725537486e-16,3.13810950426588e-07
"3",6.81103442061824e-06,5.39369154651573e-05,8.37799704439254e-06,2.42496545257801e-98,2.87781534681726e-100,5.38275207731284e-98,9.49382773939114e-121
"4",0.0710777083603612,0.110205449772141,0.0864252806910577,9.3548095238807e-57,1.95542815433729e-57,7.39701085773441e-57,5.22216879094072e-204
"5",0.00273988824968098,0.010980362721067,0.00338661734891624,3.45555393419917e-95,2.36358755006315e-96,6.36776531003087e-95,3.08940119991859e-151
