"","glmGamPoi (Pb)","edgeR (Pb)","limma (Pb)","glmGamPoi (cell)","Nebula","Devil (base)","Devil (mixed)"
"1",0.060279538814199,0.0796438192959003,0.0811608306653476,2.42491488527209e-10,3.56725468133616e-10,2.8574055892228e-10,9.68292031635896e-08
"2",0.0286602420255426,0.0721027723104175,0.0289362499737871,3.72066644701406e-06,7.61015826337546e-06,3.97182559339633e-06,5.37452491753287e-25
"3",0.00178614793010282,0.0184845204812309,0.00164714943815056,6.12321457543318e-07,7.01516488535947e-07,6.67108404861366e-07,6.7316002296228e-07
"4",0.0098048295872009,0.0414948815667113,0.00323700727267741,2.32125347418126e-05,2.46191736343649e-05,2.53177227365601e-05,1.97431534167532e-05
"5",0.0015809980573462,0.00601220458542089,0.00129197575994696,4.81108803092723e-15,7.95192842644472e-15,5.78971580210464e-15,9.27426497041307e-74
