"","glmGamPoi (Pb)","edgeR (Pb)","limma (Pb)","glmGamPoi (cell)","Nebula","Devil (base)","Devil (mixed)"
"1",1.30751438441515e-09,9.37999444331748e-06,2.13777935322377e-09,0,0,0,0
"2",6.53334201182635e-09,2.73617631034657e-05,4.12176604112964e-09,0,0,0,0
"3",2.53070385389975e-05,0.00120299252719075,1.9444395278295e-05,4.28181079423114e-202,3.95576617126027e-210,6.92702386416287e-202,4.17709028519481e-153
"4",5.46650498575138e-06,0.000740702288105475,6.85323803298405e-06,7.28443814952307e-151,6.52053567105626e-154,4.55292077032725e-150,1.2343653221132e-142
"5",7.84283436173326e-09,1.68195336351986e-05,1.05010746994446e-08,3.66850740093441e-123,4.88532156102593e-124,1.22798151467066e-122,1.2173669789901e-115
