"","glmGamPoi (Pb)","edgeR (Pb)","limma (Pb)","glmGamPoi (cell)","Nebula","Devil (base)","Devil (mixed)"
"1",0.229461588700104,0.276497988006619,0.251596834507227,8.38925518141535e-07,8.68010594154225e-07,7.43212479738166e-07,0.000805034015509968
"2",0.00492807353977601,0.0172312170546259,0.00589243879582616,3.23072891971755e-17,1.89684512023911e-17,5.49875851414379e-17,1.03787929927597e-238
"3",0.119942127807141,0.178903741086686,0.108592343294923,4.63934210173955e-21,2.62775544505102e-25,4.90416247147417e-21,1.59690766688902e-11
"4",0.00179907186913094,0.00587333474361331,0.00132447199751617,1.63187719950275e-137,1.64734951525237e-157,1.75680662834137e-139,4.00390483187733e-316
"5",0.00137148259595069,0.00592899062195579,0.000928840313791476,1.28270765017366e-44,3.91306065801794e-45,1.78698345166749e-44,1.09140585871298e-41
