"","glmGamPoi (Pb)","edgeR (Pb)","limma (Pb)","glmGamPoi (cell)","Nebula","Devil (base)","Devil (mixed)"
"1",8.68987016245782e-10,8.80048365060139e-06,7.84117044561916e-10,1.3687491078554e-133,1.22280460688505e-136,9.11855084613061e-133,9.23187968005961e-134
"2",0.000663025780625932,0.00787877927363652,0.000653300656961768,2.78486135269614e-74,7.58471708144682e-75,5.94507045641288e-74,1.09581699378368e-72
"3",1.3008650604266e-08,6.1388321100047e-06,8.63734888089609e-09,2.87984147632365e-58,1.46930203924536e-57,7.78628280030672e-58,2.27994436479673e-55
"4",1.55686488620942e-06,0.000379934784076049,1.32577844508929e-06,1.14591403687804e-109,6.32970104067994e-121,3.6681774032631e-110,1.36186435111687e-48
"5",1.09939203848293e-08,5.37625867931018e-05,8.91570877662151e-09,7.864238527255e-63,1.00590673421793e-63,1.59762596308582e-62,2.60221953929601e-77
