"","glmGamPoi (Pb)","edgeR (Pb)","limma (Pb)","glmGamPoi (cell)","Nebula","Devil (base)","Devil (mixed)","glmGamPoi (fixed)"
"1",0.0029395927861806,0.0131988109851729,0.00367160243977289,5.70476172364722e-79,1.2332701897214e-81,1.38774145949914e-79,1.14618829291131e-83,3.37064970098999e-81
"2",1.31421668069624e-12,1.19970213686485e-07,1.08465977202715e-12,1.73805279593546e-152,1.81443780207422e-155,6.66023316738963e-152,5.60899885697221e-124,4.16678023657518e-157
"3",0.233105266054404,0.287643511376417,0.472694011147968,1.46580206207052e-89,4.18221263123001e-98,2.83978502379552e-90,1.43873651608337e-176,3.53837729288368e-94
"4",3.06432092249866e-06,0.000520925347611982,2.13692594176998e-06,2.48571329313051e-37,3.00871682619413e-37,3.77093515029784e-37,9.86314229290657e-52,1.77005652623412e-38
"5",1.99384951374311e-07,9.06642394475837e-05,9.50724157486567e-08,1.21837259384818e-61,2.47920839576238e-61,3.12145639663115e-61,2.16297077205927e-98,3.32584632941427e-62
