"","glmGamPoi (Pb)","edgeR (Pb)","limma (Pb)","glmGamPoi (cell)","Nebula","Devil (base)","Devil (mixed)"
"1",0.361105702231502,0.364401944721822,0.215974416215007,4.56021991626052e-05,4.57528170977941e-05,4.72739221712512e-05,4.03549529919795e-07
"2",0.0336911116666189,0.0558393862576083,0.0239123516545101,1.5009527169954e-13,1.20902222388058e-13,1.45870369513275e-13,6.69967609116016e-71
"3",0.00278725452276566,0.00609397263879052,0.00288894234969093,5.42369680213313e-06,4.15221768451072e-06,5.84461693376991e-06,1.14364337169293e-07
"4",0.000586676242099336,0.00364807037569866,0.000309895455197687,9.12505180988474e-11,3.04899287291338e-11,1.01626655478075e-10,2.12882761102465e-158
"5",0.091737544108626,0.116247588034855,0.0918551861994989,4.28599152459722e-19,2.7258121761656e-21,4.57707803033196e-19,2.6831437625839e-25
