"","glmGamPoi (Pb)","edgeR (Pb)","limma (Pb)","glmGamPoi (cell)","Nebula","Devil (base)","Devil (mixed)"
"1",2.80353452860703e-18,9.09803177162465e-12,1.48328038768539e-18,5.11277279426136e-136,1.61016426393635e-136,3.80762455042579e-135,1.02363229203316e-255
"2",5.93434676820838e-15,3.37231851321066e-09,1.2788492372549e-14,1.06185467675193e-109,1.48616724659077e-110,4.69025467902432e-109,3.43689769221381e-260
"3",1.39505995478648e-06,0.000298391066578182,1.27680631692618e-06,1.02086474263724e-78,6.87610303296475e-80,3.22458141331815e-78,1.06091781183729e-127
"4",0.000183110075137582,0.00399619674910863,0.000212752884156964,4.23114692620206e-44,2.72628535949314e-43,5.08544850837016e-44,1.57407513893279e-41
"5",1.5870930063117e-10,5.86652922022504e-06,2.78189628386197e-10,1.60302695252437e-100,2.24468463407791e-103,3.05172916176063e-100,1.51891753231268e-152
