"","glmGamPoi (Pb)","edgeR (Pb)","limma (Pb)","glmGamPoi (cell)","Nebula","Devil (base)","Devil (mixed)"
"1",0.130868598079802,0.112865481572804,0.0318580480837514,7.17516427146036e-22,9.16588012028884e-23,4.19052377116919e-22,4.97113383678492e-44
"2",4.32238118114377e-05,0.00370156660515365,4.96898292639705e-07,1.81414738543598e-198,6.70716397656475e-204,7.68646964892737e-198,3.23666343634941e-283
"3",1.51860593545626e-05,0.00419623741135181,0.000147765668510035,2.12768790468306e-19,2.0958588919473e-19,2.59236570108016e-19,8.34072856933989e-44
"4",8.89209117247633e-07,0.000277632144222302,6.09908238373557e-07,2.88526795022902e-33,2.44526529707094e-33,4.80463865158399e-33,5.13180501994755e-51
"5",0.000420253338586056,0.0018766809729842,8.40604726702566e-05,1.33690375122467e-31,2.08986579162854e-31,1.84600283560162e-31,1.29743678232315e-27
