"","glmGamPoi (Pb)","edgeR (Pb)","limma (Pb)","glmGamPoi (cell)","Nebula","Devil (base)","Devil (mixed)"
"1",2.06480203756697e-16,3.27737118604326e-10,2.24637989217786e-16,7.54711921185806e-290,1.56257031750724e-303,1.04014912802442e-288,1.93084698796997e-151
"2",1.2201653114996e-07,6.88084856108913e-05,6.75909183300062e-08,6.42491317784667e-314,0,6.1064162962822e-315,0
"3",3.01309014019621e-10,1.13443861650513e-06,1.30907959092672e-09,8.90234464653883e-89,2.43636590399411e-91,3.38695996879741e-88,6.89832903226898e-97
"4",4.27983899256643e-07,0.000176864649845408,3.50994097243545e-07,6.46727599187031e-65,5.85892345956268e-64,1.94170226418608e-64,1.68385684684989e-49
"5",1.63889571724929e-07,0.000137627739321188,1.4858899540044e-07,1.80057109213076e-143,7.29173316968861e-146,9.00093788056199e-143,0
