"","glmGamPoi (Pb)","edgeR (Pb)","limma (Pb)","glmGamPoi (cell)","Nebula","Devil (base)","Devil (mixed)","glmGamPoi (fixed)"
"1",0.000398110588490522,0.00658188113791845,0.00070500541066045,9.67970401983435e-27,2.0286875683797e-26,1.28043896138924e-26,8.16680305382546e-33,5.68255147232016e-27
"2",4.03040721040943e-05,0.000770725258447092,0.000109217105606479,1.01596603909091e-34,2.98320425180861e-34,1.78400886878911e-34,3.3280924012907e-56,5.76650298441128e-35
"3",7.33644035331397e-08,6.87126672023292e-05,6.05701177756999e-08,3.725776616619e-42,8.75393642154982e-43,9.78471664663289e-42,1.5216465783498e-34,2.52320846223468e-43
"4",1.26911941647814e-07,0.000253284620954168,2.89592891493152e-08,3.00595413082169e-20,3.20984874515057e-20,3.84392470572014e-20,4.28871854419327e-13,1.20696322423229e-20
"5",2.09091258305312e-07,8.62180134142109e-05,5.81250139895265e-07,1.29014546047079e-38,6.18868837554567e-39,1.61456829922664e-38,5.98965594085012e-55,8.74811432819494e-40
