"","glmGamPoi (Pb)","edgeR (Pb)","limma (Pb)","glmGamPoi (cell)","Nebula","Devil (base)","Devil (mixed)"
"1",0.000172884963490696,0.000977080863888782,8.10363721191062e-05,4.35791969882877e-17,1.40220707512719e-16,4.63569089281114e-17,5.44766958467788e-18
"2",0.000109835772065363,0.0017886031210948,0.000140178493386836,1.36569542480444e-21,7.21495622592358e-21,1.74153684777942e-21,6.45829747395439e-44
"3",5.21290844357664e-09,9.41045506496589e-05,4.03197993032766e-10,2.67737448103909e-48,5.28443175526685e-48,2.17136741072737e-48,4.33452749941329e-74
"4",0.0183280042677356,0.0712395474184749,0.0244984893226771,7.92121928521049e-18,3.04997505799665e-18,7.74518354861005e-18,1.17896509147411e-42
"5",0.000311816888451285,0.00328075175786707,0.000293928662181894,3.86772220122531e-35,2.18622663595828e-34,4.88482882944069e-35,1.14066904560947e-60
