"","glmGamPoi (Pb)","edgeR (Pb)","limma (Pb)","glmGamPoi (cell)","Nebula","Devil (base)","Devil (mixed)"
"1",8.12050574868764e-06,0.000562370000100241,4.3064417388481e-06,2.09879821676962e-186,3.23574392554993e-193,4.46656269842543e-185,3.91948202313969e-142
"2",2.26014098912619e-08,3.72957050234066e-05,8.97674206178226e-09,3.69212750427122e-97,3.41313381543224e-96,1.2479268747579e-95,1.37182800492342e-206
"3",2.81016079325663e-13,2.29509380235559e-08,5.90391178785242e-13,4.1057928176014e-50,2.05830966243024e-48,3.79406505766537e-50,2.19378246850903e-83
"4",3.23141078082009e-14,1.09501764963983e-08,4.23304061776638e-14,1.05434814448453e-201,2.33443083315067e-209,2.58930357267476e-201,7.50546468304209e-189
"5",9.40947603259872e-05,0.0028049424462701,0.000168879569122937,1.61785589462619e-52,2.91878373259116e-51,1.5020418270139e-52,6.51735661041065e-44
