"","glmGamPoi (Pb)","edgeR (Pb)","limma (Pb)","glmGamPoi (cell)","Nebula","Devil (base)","Devil (mixed)"
"1",0.0307827398460546,0.0478833815223328,0.0349191028136757,4.73680977665725e-07,4.18380541151845e-07,5.09319304884143e-07,7.59776902760742e-23
"2",0.014191122312304,0.0423708457369522,0.0201885990516725,5.99389507445381e-25,1.30150612038759e-27,9.24645926666882e-25,1.70389449904167e-39
"3",0.00330102243180225,0.012510029916484,0.00473398681786071,7.24387923332682e-39,1.16735206848328e-42,1.141155299218e-38,5.48734448152504e-26
"4",0.000513242573859616,0.00293491684346408,0.000899514665905259,9.00672227462781e-14,1.26941137202799e-15,6.47598985664004e-14,2.75700688673553e-20
"5",0.223323053404569,0.269144876917928,0.259085587384748,3.77053265267107e-22,1.27016593210715e-26,4.35702990404368e-22,1.19609272347571e-190
