"","glmGamPoi (Pb)","edgeR (Pb)","limma (Pb)","glmGamPoi (cell)","Nebula","Devil (base)","Devil (mixed)"
"1",2.84402344151604e-05,0.00202099852152469,3.43102700359446e-05,2.14657616104752e-39,1.74874762336816e-38,9.46047441736456e-40,1.28840369797972e-25
"2",0.00146278258299737,0.00909539727061534,0.00122148692630949,4.63217458581432e-97,1.00663310075584e-104,5.94764189657448e-97,1.21592238597815e-232
"3",4.60205811259209e-08,1.93612501702847e-05,2.7349195461673e-08,1.9265026795239e-37,6.35068856544661e-37,3.59181216352005e-37,9.02036293481867e-28
"4",6.85368114775929e-06,0.000502596761689689,1.43934667721955e-05,1.54201125154649e-42,1.77199676125775e-42,1.69972120063552e-42,1.30669510898935e-86
"5",1.49519061213612e-08,2.1541634558049e-05,2.27101826159373e-08,1.30617485848416e-50,1.767600110064e-50,3.11458932374607e-50,1.57435053790038e-70
