"","glmGamPoi (Pb)","edgeR (Pb)","limma (Pb)","glmGamPoi (cell)","Nebula","Devil (base)","Devil (mixed)"
"1",7.42237424181829e-14,7.54369983827499e-08,9.65949087298326e-14,2.56459062208729e-117,1.11610865961691e-120,1.88610788952647e-117,3.74295889159827e-95
"2",2.29019964841206e-12,1.52870605085945e-07,2.98257668951353e-12,0,0,0,0
"3",1.3694196032867e-09,1.15767447639813e-05,1.33582756669033e-09,9.74753167390803e-90,5.68220145600849e-92,2.6182570362634e-89,7.89884339615937e-61
"4",1.41427830522575e-06,0.000446337716713723,2.14424378126898e-06,1.03893344984718e-109,2.76025942737002e-114,2.84182265909773e-110,4.49442074146344e-148
"5",1.20072048193201e-07,6.02485389122762e-05,1.29404366161921e-07,7.42983663230498e-100,5.24762657232541e-101,4.97003892538989e-99,1.23812255946794e-91
