"","glmGamPoi (Pb)","edgeR (Pb)","limma (Pb)","glmGamPoi (cell)","Nebula","Devil (base)","Devil (mixed)"
"1",0.0446378441289377,0.0810169953581784,0.0280517462680005,1.01734765810256e-26,7.71250719703699e-29,1.67178103028063e-26,7.11440149616526e-27
"2",0.00335777689090541,0.00968817886787946,0.0025243693398269,3.09196130824701e-20,2.89791940127203e-20,6.02284574412811e-20,2.44381240889835e-83
"3",0.00245807778964562,0.00755776549959802,0.00245315893679696,2.96012601665497e-13,2.72870123445297e-13,3.00339241207879e-13,1.26602185343491e-15
"4",0.000201403148752224,0.00217864631880659,0.000384878528844514,3.37221359645549e-47,1.27295105528536e-48,5.03577156090031e-47,1.45334788683377e-41
"5",0.0633679092567463,0.0971456756717261,0.0774122178829406,7.03899318702571e-14,3.6247605912874e-14,1.13694684728847e-13,1.91442234164335e-14
