"","glmGamPoi (Pb)","edgeR (Pb)","limma (Pb)","glmGamPoi (cell)","Nebula","Devil (base)","Devil (mixed)"
"1",2.80353703059614e-18,9.09803177162465e-12,1.4832803876852e-18,5.11277277906703e-136,1.61016426393635e-136,2.45097083292728e-134,6.57706077710091e-255
"2",5.93434714989754e-15,3.37231851321066e-09,1.27884923725501e-14,1.06185467395421e-109,1.48616724659077e-110,1.6186760607163e-108,6.94215738440732e-259
"3",1.39505962740788e-06,0.000298391066578182,1.2768063169262e-06,1.02086474058413e-78,6.87610303296475e-80,8.06244203150667e-78,2.12327049815664e-127
"4",0.000183110051992269,0.00399619674910863,0.000212752884156938,4.23114692013064e-44,2.72628535949314e-43,3.08186926050078e-44,1.1720639948286e-41
"5",1.5870926584318e-10,5.86652922022504e-06,2.78189628386187e-10,1.6030269477956e-100,2.24468463407791e-103,6.90290245732313e-100,5.88330299558961e-152
