"","glmGamPoi (Pb)","edgeR (Pb)","limma (Pb)","glmGamPoi (cell)","Nebula","Devil (base)","Devil (mixed)"
"1",0.0344154763243674,0.0504528848468033,0.0249783227064594,3.73974462102178e-16,3.90834424982704e-17,4.98851100640266e-16,1.76780750216003e-31
"2",0.0333550021870412,0.0659408357085338,0.0477417210078717,5.06139546229632e-44,2.50760964973299e-47,8.46823306501574e-44,1.83989569223916e-56
"3",0.000516580349308929,0.00262018846641554,0.00047985631180978,3.95064458710812e-67,3.32401580803325e-69,1.82665290227095e-66,8.68307506891387e-65
"4",0.0593015022022881,0.102020452031979,0.0711938064560439,3.05550163493509e-17,2.69124186806925e-18,3.86874503659595e-17,4.45336069840109e-89
"5",0.00829444045471632,0.0246462046725766,0.0154802594195813,2.76935029359654e-13,2.63675383254644e-13,3.13686851071617e-13,1.42155005024967e-06
