"","glmGamPoi (Pb)","edgeR (Pb)","limma (Pb)","glmGamPoi (cell)","Nebula","Devil (base)","Devil (mixed)"
"1",0.0539168832451123,0.0471380836764434,0.0396443995532489,3.09304803669653e-11,6.39808973807295e-11,3.7426408549166e-11,1.65048384339333e-19
"2",0.00879915886057145,0.00958454553954974,0.00271856421649841,2.97952644973202e-20,2.85536212714088e-20,4.01146328743086e-20,1.06290361897055e-161
"3",0.0897714839216549,0.10308513920838,0.283330310662242,6.12300559370917e-10,6.37088344796957e-10,6.80860364752055e-10,2.96179232609411e-09
"4",0.0619498259665887,0.0540007786071146,0.0361656018868596,3.23462933378287e-08,5.17958654671505e-08,3.52231635852771e-08,1.95466956634525e-09
"5",0.00724453470396156,0.0160663938963973,0.00318841653691391,6.46636041609886e-12,6.47990897822128e-12,7.57769998290376e-12,5.09692680417469e-16
