"","glmGamPoi (Pb)","edgeR (Pb)","limma (Pb)","glmGamPoi (cell)","Nebula","Devil (base)","Devil (mixed)"
"1",6.82255052888725e-08,9.36255625853986e-06,9.95558273560355e-08,1.01847199645263e-21,4.65300509937673e-22,8.75984308340911e-22,1.10990290953056e-26
"2",2.40552800265931e-11,6.21849285339153e-07,7.91875847755556e-12,4.96139503100868e-32,3.1712152987252e-32,1.10738745898184e-31,6.42353449312159e-61
"3",0.00286245981662851,0.0171789932317578,0.00131941800694553,1.10469820651076e-59,1.82531213856179e-71,4.43404362872881e-60,8.73129915585652e-51
"4",1.82749705267128e-11,1.05266607016e-06,1.31596408675158e-11,0,0,0,0
"5",2.32548892405664e-10,1.46793881126706e-05,3.82818864076299e-10,4.69431137780578e-52,8.92894254729755e-53,3.76654197292092e-51,1.46368983222686e-62
