"","glmGamPoi (Pb)","edgeR (Pb)","limma (Pb)","glmGamPoi (cell)","Nebula","Devil (base)","Devil (mixed)"
"1",5.84321067490757e-10,3.59928476882781e-06,1.63397500663393e-09,5.50027826138535e-187,6.63680290085411e-196,4.81969544320309e-187,4.39416227444249e-247
"2",0.0656270424677867,0.104622600865306,0.0905204861543431,6.2222662384276e-56,8.3362746300128e-64,2.6546781379034e-56,3.30511944945271e-51
"3",8.65071793797795e-14,3.08090263641991e-08,1.1670005669405e-13,9.62866136803501e-158,1.2774973093135e-159,3.22776260565659e-157,2.80813953862719e-179
"4",3.73938547993982e-06,0.000627925940765455,3.85989876907233e-06,0,0,0,0
"5",0.000788927738938139,0.00722936715766087,0.00108331712431315,1.08811746505914e-220,1.30762670239883e-231,5.37312864366418e-220,1.62209094698131e-196
