"","glmGamPoi (Pb)","edgeR (Pb)","limma (Pb)","glmGamPoi (cell)","Nebula","Devil (base)","Devil (mixed)"
"1",4.61951609278393e-05,0.000761956016595198,9.64447289981173e-05,5.98077035068974e-32,8.30396915104564e-33,8.34932659881527e-32,1.75581461737455e-84
"2",0.00168393426155072,0.00635998199652245,0.00226948352933327,2.57743939663632e-94,7.85153219932493e-96,2.09765857250874e-94,6.86418144630817e-198
"3",1.8028794038272e-05,0.000135644558562395,2.82546678857194e-05,2.48872265634931e-29,2.85173847517324e-29,7.64082600814206e-29,0
"4",0.0137558721954085,0.0385949989294186,0.0162073024844636,6.19989189768494e-26,2.37568577835931e-27,6.70622869139037e-26,4.45267714712063e-261
"5",0.000920288172550517,0.00272876954362788,0.000818382143481579,5.32871101781898e-26,3.22454880596482e-26,1.36718738470006e-25,7.01959607405711e-25
