"","glmGamPoi (Pb)","edgeR (Pb)","limma (Pb)","glmGamPoi (cell)","Nebula","Devil (base)","Devil (mixed)","glmGamPoi (fixed)"
"1",0.229461588700055,0.276497988006619,0.251596834507225,8.38925518144443e-07,8.68010594154225e-07,7.44255076807724e-07,0.000805826546183001,NA
"2",0.00492807353977406,0.017231217054626,0.00589243879582617,3.23072891973478e-17,1.89684512023911e-17,3.97859064990476e-17,2.38384106456695e-237,NA
"3",0.119942127807105,0.178903741086686,0.108592343294923,4.63934210175664e-21,2.62775544505102e-25,4.59396346281392e-21,1.56227962563827e-11,NA
"4",0.00179907186913064,0.00587333474361331,0.00132447199751618,1.63187719971185e-137,1.64734951525237e-157,1.76025182505559e-139,4.04793793849728e-316,NA
"5",0.00137148259595066,0.0059289906219558,0.000928840313791482,1.28270765016922e-44,3.91306065801794e-45,1.44982016190147e-44,1.04847209802011e-41,NA
