"","glmGamPoi (Pb)","edgeR (Pb)","limma (Pb)","glmGamPoi (cell)","Nebula","Devil (base)","Devil (mixed)"
"1",0.000164411548921277,0.00459943248653939,0.000200764021014255,4.45346861164951e-44,2.43517544535702e-43,7.18226854105744e-44,8.79739875860354e-38
"2",5.17529011857867e-05,0.00217202910398424,5.61073431737121e-05,2.07667854992112e-82,4.72767209211033e-85,1.35194654463717e-82,1.23229672804164e-82
"3",1.20107897459776e-12,1.31861329072601e-07,1.64309370341905e-12,1.58991418889482e-135,1.54442807389124e-134,6.30961073306566e-135,1.36723278332476e-169
"4",1.41755572741612e-11,4.35580223727856e-07,6.14939191108781e-12,2.43322761862243e-141,1.16807892030988e-140,6.35934738077769e-141,3.59105961628616e-191
"5",9.02609396118032e-05,0.00205970198634206,6.13230782748022e-05,1.56449846131866e-51,1.16356180361828e-51,2.43148956447027e-51,2.82287196300998e-47
