"","glmGamPoi (Pb)","edgeR (Pb)","limma (Pb)","glmGamPoi (cell)","Nebula","Devil (base)","Devil (mixed)","glmGamPoi (fixed)"
"1",0.000159591624796166,0.00125108801386885,0.000134503964210236,9.49318390572776e-14,5.56400553783132e-14,1.02291094418913e-13,9.61864637483434e-38,NA
"2",7.99525435430907e-05,0.000529369651326609,6.1312778858966e-05,3.40351678779068e-14,1.72546884430116e-14,3.80540040943879e-14,4.77675466050903e-08,NA
"3",0.014451899496905,0.0356052209809846,0.0210789147612828,1.22762966706725e-12,1.31443280765128e-12,1.40185478332636e-12,2.21713828581516e-19,NA
"4",0.00491690092028857,0.0205894891713832,0.000319418309587538,0.00130391056535925,0.00128544553469855,0.00131568014358433,1.34806706225005e-06,NA
"5",0.00216783464977558,0.00873907436568896,0.0025848768310781,9.36055891648521e-14,9.13572889652371e-14,9.86187079882314e-14,1.96018556356443e-28,NA
