"","glmGamPoi (Pb)","edgeR (Pb)","limma (Pb)","glmGamPoi (cell)","Nebula","Devil (base)","Devil (mixed)"
"1",5.72982634479501e-09,2.84646123021673e-05,3.97078933882062e-09,0,0,0,0
"2",9.71866483030729e-07,0.000334138417407353,7.98009433395112e-07,2.07023369335422e-88,3.56750763856495e-88,4.7281891716219e-88,1.28384995538119e-221
"3",2.43337821899155e-14,3.29194195411169e-08,1.2410201164526e-14,0,0,0,0
"4",1.6046274362951e-06,0.000204167484553153,2.22550853615493e-06,5.45630865994368e-68,4.86214698152418e-69,1.12919359054582e-67,1.34176437420546e-99
"5",4.02724240194764e-10,3.55536224320257e-06,3.5677258958996e-10,0,0,0,0
