"","glmGamPoi (Pb)","edgeR (Pb)","limma (Pb)","glmGamPoi (cell)","Nebula","Devil (base)","Devil (mixed)"
"1",0.0726947591099168,0.139708881925029,0.0603427270529956,1.76221136708219e-06,1.65435231191135e-06,2.17672065061385e-06,4.87372650245341e-13
"2",0.018276106408108,0.0344692374487033,0.0173285575304878,1.67781666206049e-27,2.43671295892609e-28,1.81577005476821e-27,3.49458665301928e-29
"3",0.127467149759916,0.173699123582261,0.139545627344005,1.43611593680614e-33,4.80199779068368e-36,1.14133099506415e-33,3.70126511619616e-28
"4",0.00204316886105868,0.00901884154975654,0.00217137479974187,1.61676005276245e-84,6.2587621103545e-88,8.85170949450854e-85,2.65629504285433e-147
"5",0.0382688860188329,0.0738588202044743,0.0356886225325014,3.91523904753879e-62,2.02050287638722e-69,2.22528892959384e-62,1.86029987626663e-51
