"","glmGamPoi (Pb)","edgeR (Pb)","limma (Pb)","glmGamPoi (cell)","Nebula","Devil (base)","Devil (mixed)","glmGamPoi (fixed)"
"1",0.0354591214565879,0.0682871470968133,0.0318327546034275,8.60565352040705e-14,8.69966653360159e-14,8.28113960093911e-14,1.68156163305688e-18,NA
"2",0.00233968265671314,0.00443375042794142,0.00131536640473371,1.83652211022449e-30,5.05390843150941e-31,2.58417557144641e-30,1.78644835755527e-39,NA
"3",0.717819697707772,0.768491342206875,0.826145403297968,3.52284738610717e-12,1.0214637442515e-13,3.0281374740091e-12,1.29767891697573e-11,NA
"4",0.0597510749003137,0.0881667188756,0.0533333871869228,6.73344378468217e-08,7.73213634372421e-08,7.42420700424241e-08,1.99002735706653e-07,NA
"5",0.164151288115952,0.209116401598422,0.13994606840025,1.41019160040649e-10,8.16387971766642e-11,1.60821960799744e-10,1.26449473336643e-12,NA
