"","glmGamPoi (Pb)","edgeR (Pb)","limma (Pb)","glmGamPoi (cell)","Nebula","Devil (base)","Devil (mixed)","glmGamPoi (fixed)"
"1",0.00484961040581443,0.0115102414777055,0.00492078566162406,9.32850593034762e-11,9.22087532664783e-11,9.30121798486005e-11,1.05283672688793e-95,NA
"2",0.000321192340769971,0.00211366607833892,0.000500797161338987,2.10044425464632e-14,2.02152593171357e-14,2.74161644307822e-14,9.31553369680932e-17,NA
"3",0.141873127303476,0.174712620235792,0.148309673861188,2.27377819033973e-25,1.41164850666443e-27,1.38584821681494e-25,9.75834660490942e-210,NA
"4",0.00016831865076887,0.00161596219087053,0.000103035562578949,3.293699094714e-281,1.15059366252461e-303,1.61199652013067e-282,5.85093104644174e-192,NA
"5",0.00231068403453326,0.0253050899776102,0.00464838619956348,3.91826585325578e-16,3.26191565518137e-16,4.99381480317684e-16,2.75086729350243e-171,NA
