"","glmGamPoi (Pb)","edgeR (Pb)","limma (Pb)","glmGamPoi (cell)","Nebula","Devil (base)","Devil (mixed)"
"1",0.000144932883089917,0.00191772608540132,0.000262604545715136,1.36766255488796e-22,1.3294499327114e-22,1.77458407736919e-22,1.06736116601645e-35
"2",0.0216764103980972,0.0460193340472012,0.0208833029616374,0.000108746620983582,0.000119243930201892,0.000112945443357968,6.92895875222301e-12
"3",0.0137164280648013,0.0233977629717402,0.0185312436714479,1.97781699896916e-12,2.71554662925354e-12,2.39923375394247e-12,6.89976451759207e-28
"4",0.00839837454843846,0.0158199584180812,0.00578865737904641,4.14982937566334e-10,4.37577719977265e-10,4.58152827918242e-10,0
"5",0.0264652120442805,0.0566336604558376,0.03070177760715,1.32444435610616e-17,1.0024615249799e-17,1.83811254606816e-17,2.96017819984731e-21
