"","glmGamPoi (Pb)","edgeR (Pb)","limma (Pb)","glmGamPoi (cell)","Nebula","Devil (base)","Devil (mixed)"
"1",0.000156393868883321,0.000601013286006713,0.000144271639654666,7.05200430736317e-32,3.27292287860685e-31,1.07031964061686e-31,6.15721472400999e-11
"2",0.030753314768111,0.0641737957300388,0.0348466860301197,6.17682926401412e-206,3.44975478283352e-213,1.80737323796481e-206,0
"3",0.00487348427485643,0.0140053908812646,0.00451390862768404,1.19351035385399e-50,1.30599525427944e-50,1.95782772749985e-50,2.98626880916996e-107
"4",0.00255590387238111,0.0120202403890071,0.0030463949563298,2.14120649759986e-56,1.87465565050769e-56,2.98870140349971e-56,2.68397961776732e-110
"5",0.266717901357394,0.309975157089312,0.286788292041505,4.00754019210301e-64,7.868767128829e-68,3.36849232526504e-64,1.73127938699073e-57
