"","glmGamPoi (Pb)","edgeR (Pb)","limma (Pb)","glmGamPoi (cell)","Nebula","Devil (base)","Devil (mixed)"
"1",6.82255208559059e-08,9.36255625853986e-06,9.95558273560299e-08,1.01847199412265e-21,4.65300509937673e-22,1.00888267958734e-21,1.19359374919959e-26
"2",2.40552791566994e-11,6.21849285339153e-07,7.91875847755599e-12,4.96139501883212e-32,3.1712152987252e-32,6.93138336352621e-32,3.16948576944597e-61
"3",0.00286246041371755,0.0171789932317578,0.00131941800694562,1.10469819492248e-59,1.82531213856179e-71,4.72061682248607e-60,9.55871119884982e-51
"4",1.8274977442133e-11,1.05266607016e-06,1.31596408675153e-11,0,0,0,0
"5",2.32548935913534e-10,1.46793881126706e-05,3.82818864076289e-10,4.69431136606464e-52,8.92894254729755e-53,1.30440756513759e-51,4.17251988722641e-63
