"","glmGamPoi (Pb)","edgeR (Pb)","limma (Pb)","glmGamPoi (cell)","Nebula","Devil (base)","Devil (mixed)"
"1",8.68987090162597e-10,8.80048365060146e-06,7.84117044561972e-10,1.3687491098156e-133,1.22280460688505e-136,4.37029871917259e-132,2.41817758746901e-133
"2",0.000663025803683275,0.00787877927363652,0.00065330065696176,2.78486135585931e-74,7.58471708144682e-75,1.54237276777949e-73,3.89386840894958e-72
"3",1.30086512867394e-08,6.1388321100047e-06,8.63734888089752e-09,2.87984147852465e-58,1.46930203924536e-57,3.61978422554404e-58,1.96832480420309e-55
"4",1.55686498751317e-06,0.000379934784076049,1.32577844508928e-06,1.1459140406328e-109,6.32970104067994e-121,3.37553736419614e-110,1.31717842672541e-48
"5",1.0993921036663e-08,5.37625867931018e-05,8.91570877662232e-09,7.86423853793365e-63,1.00590673421793e-63,3.34820361469649e-62,4.20963322462223e-77
