"","glmGamPoi (Pb)","edgeR (Pb)","limma (Pb)","glmGamPoi (cell)","Nebula","Devil (base)","Devil (mixed)"
"1",2.73114080583444e-07,0.000639567005393181,1.96879240513071e-07,1.19801017186626e-37,9.05477508411101e-37,1.33294411531264e-37,2.47556091437955e-23
"2",0.000113314040123647,0.00278891864758349,0.000120587047229882,1.39605537757745e-32,7.03287888656501e-33,2.38614646008217e-32,1.15894173621723e-77
"3",0.00229677950733217,0.012543538759799,0.00265381004552945,2.30655417450665e-33,6.49340841370854e-33,4.07133768656351e-33,3.99590351252092e-25
"4",1.99347191320792e-05,0.00115767431133788,1.07990759554692e-05,6.34244099787891e-26,1.33088935798368e-25,1.06621745567173e-25,2.57106502799323e-34
"5",1.03674985158797e-14,3.45562454551215e-08,1.91953674148023e-14,1.10126737144854e-76,2.94817156248193e-76,3.00780455080114e-76,6.41738257934223e-89
