"","glmGamPoi (Pb)","edgeR (Pb)","limma (Pb)","glmGamPoi (cell)","Nebula","Devil (base)","Devil (mixed)"
"1",0.00229246402080379,0.00845510874766711,0.00188709642822139,1.62698091733967e-52,5.73970008910562e-54,2.14167382841808e-52,1.02339569225947e-57
"2",0.0941994050446275,0.133002361081343,0.110009150795111,4.04155249813208e-43,2.36828101391684e-44,8.37172082378275e-43,3.73352835688248e-20
"3",0.0916130417882654,0.144083030831356,0.125138791970349,1.27793254779585e-17,8.54512710146436e-18,1.91470353220973e-17,3.63754407625125e-18
"4",0.00166455968332526,0.00648663668575765,0.00168493856458478,8.6598509429357e-56,7.29506904863058e-55,4.17091987465224e-55,2.54133697109441e-128
"5",0.0406099830373335,0.0678961693107689,0.0398678715235174,2.9164210980837e-45,1.61954916657918e-46,6.47361577922475e-45,4.18586581394767e-63
