"","glmGamPoi (Pb)","edgeR (Pb)","limma (Pb)","glmGamPoi (cell)","Nebula","Devil (base)","Devil (mixed)","glmGamPoi (fixed)"
"1",0.0307827398460541,0.0478833815223328,0.0349191028136769,4.73680978191873e-07,4.18380541151845e-07,5.50123156950759e-07,1.29318924195529e-22,NA
"2",0.0141911223123037,0.0423708457369522,0.0201885990516713,5.99389508007431e-25,1.30150612038759e-27,7.4219788612971e-25,5.59344974453475e-40,NA
"3",0.00330102243180221,0.012510029916484,0.00473398681786058,7.24387927976918e-39,1.16735206848328e-42,9.81367597907729e-39,4.66196464384953e-26,NA
"4",0.0005132425738596,0.00293491684346408,0.00089951466590525,9.00672234285165e-14,1.26941137202799e-15,6.50272778048422e-14,2.78114922160376e-20,NA
"5",0.223323053404569,0.269144876917928,0.259085587384739,3.77053267197433e-22,1.27016593210715e-26,3.83410314745475e-22,5.2777658511979e-194,NA
