"","glmGamPoi (Pb)","edgeR (Pb)","limma (Pb)","glmGamPoi (cell)","Nebula","Devil (base)","Devil (mixed)"
"1",4.94704825744182e-07,0.000139318717522839,5.85746542321558e-07,2.59476868801004e-245,3.16025331182004e-251,1.22153934454752e-244,8.66493750364015e-245
"2",2.10681963211024e-05,0.00120486908834865,2.89746209090911e-05,3.39653150163975e-69,2.89419629933225e-68,3.00586684046646e-69,4.48468204139304e-86
"3",2.18710417010123e-09,8.43264029315354e-06,2.45135291219748e-09,0,0,0,0
"4",4.76294729587991e-05,0.00186007932346277,0.000185008798206399,1.60980180309716e-183,4.0883510694358e-190,7.63524807648836e-184,9.1107857228522e-310
"5",7.29617422238184e-12,3.12971285505988e-07,2.81226789182412e-11,0,0,0,0
