"","glmGamPoi (Pb)","edgeR (Pb)","limma (Pb)","glmGamPoi (cell)","Nebula","Devil (base)","Devil (mixed)"
"1",0.000262858603579279,0.00393551589589717,0.000274688278907137,9.4064911278892e-318,0,3.50569417289373e-317,0
"2",1.00341021589946e-09,5.78465450243994e-06,1.38871464931387e-09,3.987030248222e-270,1.47262149664264e-272,5.35830721893116e-269,0
"3",1.38611619022137e-11,6.93413979738296e-07,9.68222920998492e-12,0,0,0,0
"4",5.02853837530705e-14,2.18823939037754e-08,7.62882745729138e-14,1.70305453904134e-173,1.37954898718955e-173,6.40439739439971e-173,9.6167721766131e-202
"5",2.41624987631523e-07,0.000118144783201958,4.85820072264919e-07,2.77381813979215e-277,7.42515297956212e-296,6.0608585237579e-278,0
