"","glmGamPoi (Pb)","edgeR (Pb)","limma (Pb)","glmGamPoi (cell)","Nebula","Devil (base)","Devil (mixed)"
"1",2.56499571470738e-12,1.58092810645656e-06,7.01278343802084e-12,1.59847136672942e-83,5.26532650138499e-83,3.94126527664977e-83,6.09300805843244e-106
"2",8.78289309965663e-09,2.4830096358231e-05,1.10783926529775e-08,0,0,0,0
"3",1.65585206926301e-11,7.43005930360254e-07,2.30851944163808e-11,5.45803771404445e-139,4.27526424438727e-139,2.06373540823776e-138,1.38562727574746e-223
"4",9.51850402321082e-09,3.14969107531687e-05,9.23362425135622e-09,3.77330541748066e-196,5.12678518474845e-198,2.01480342379464e-195,4.80549704836577e-242
"5",0.0395011595916624,0.0724327786837897,0.0425339160404168,2.391176533225e-218,6.73010033991275e-258,7.20679802729546e-219,6.15137474430977e-241
