"","glmGamPoi (Pb)","edgeR (Pb)","limma (Pb)","glmGamPoi (cell)","Nebula","Devil (base)","Devil (mixed)"
"1",2.35480292159906e-06,0.000695658664489652,1.83542666053252e-06,1.96586042040147e-38,8.44605664171983e-39,3.18546080010904e-38,1.41040551307752e-55
"2",6.73736505677641e-09,1.60501092747363e-05,7.93687675126790e-09,9.22911843614203e-47,5.15842674384708e-46,1.90108062799922e-46,6.4351791532524e-132
"3",8.4809853050656e-10,8.14659223992734e-06,1.44443532968047e-09,2.96893899995195e-225,9.86650960048027e-231,6.0320879621356e-224,0
"4",2.62225140455046e-23,1.17551241414492e-14,5.03593330731285e-23,0,0,0,0
"5",1.23501925903123e-11,6.1280760907145e-07,1.62026629779089e-11,0,0,0,0
