"","glmGamPoi (Pb)","edgeR (Pb)","limma (Pb)","glmGamPoi (cell)","Nebula","Devil (base)","Devil (mixed)"
"1",0.0850607170496155,0.163507908197342,0.0390075929463886,1.68711694687819e-18,4.9923076642772e-19,2.1392284072552e-18,3.15973963346619e-67
"2",0.234655890692716,0.223506587261305,0.282054218443894,0.000415347965678549,0.000716313167001695,0.000432646689253184,6.77138551255607e-07
"3",0.0138881707970015,0.0169706843822837,0.0038739406161421,1.23934434199623e-11,1.22692623675579e-11,1.49058829463676e-11,2.28058789477804e-72
"4",0.550575014613837,0.465094668434804,0.227872662644287,0.000135447628311972,0.000199239603155033,0.000145886250947507,0.000239209871642752
"5",0.0255372424348626,0.023098061371948,0.00887783495839049,9.46132958400867e-08,1.56164099999634e-07,1.14209553582445e-07,0.000509979523812787
