"","glmGamPoi (Pb)","edgeR (Pb)","limma (Pb)","glmGamPoi (cell)","Nebula","Devil (base)","Devil (mixed)"
"1",7.85424297086981e-17,1.19226044127288e-10,4.42330191739156e-17,6.46987960199223e-135,6.88598945713998e-138,3.80840724682393e-134,8.26353020621472e-176
"2",0.022848314891984,0.0480755586503083,0.0212434867060394,1.1495931688212e-141,4.07262918465221e-146,1.19798048758254e-142,2.32665475433932e-131
"3",3.53634312740661e-05,0.00186109994831421,7.12591125368751e-05,4.35958863653294e-238,1.70910166548611e-250,4.29015671367401e-237,9.97262946415539e-220
"4",0.0155749956489694,0.0388225131608128,0.0125246044307095,5.19182883523162e-65,7.62653312417568e-75,3.11820271185285e-65,1.85912138464974e-109
"5",2.53457024907384e-07,0.000163390076886783,1.48484237562327e-07,1.34865396328328e-117,1.14146170384772e-121,3.00237978810556e-117,1.26204119864301e-109
