"","glmGamPoi (Pb)","edgeR (Pb)","limma (Pb)","glmGamPoi (cell)","Nebula","Devil (base)","Devil (mixed)"
"1",0.0569344855775962,0.113031581396003,0.0525742203209652,0.016581628838111,0.00893927490177792,0.0163148588767018,0.00622646648185684
"2",8.31438745720224e-05,0.00153127637378033,8.32293107806117e-05,4.8760855018367e-15,3.11184707641296e-15,4.99709396871e-15,1.15890757247879e-243
"3",0.00202585748744958,0.00735991792296704,0.00214319648747391,3.61828975128707e-15,1.11052888797735e-15,4.67352459979218e-15,1.90691681068017e-21
"4",0.0783350820709483,0.139876196038698,0.108326259756304,8.95418809331444e-20,9.15811146208826e-21,1.06036236349472e-19,4.08256602387526e-19
"5",0.00060978459909359,0.00576191395772759,0.000931939400831251,3.30540739202033e-16,3.43782018799099e-16,4.04002729312307e-16,8.32604072652596e-10
