"","glmGamPoi (Pb)","edgeR (Pb)","limma (Pb)","glmGamPoi (cell)","Nebula","Devil (base)","Devil (mixed)","glmGamPoi (fixed)"
"1",0.125628643714013,0.140108831505066,0.102841251184147,2.3274819818275e-12,2.27270230798751e-12,2.69790642207274e-12,7.33631415757189e-14,NA
"2",0.0241308573994565,0.0510352182681826,0.0289606318362079,2.2744730499079e-63,4.74612313416687e-64,3.51487665212803e-63,8.76771504966474e-51,NA
"3",0.162839129924269,0.189120793260286,0.145484040771773,7.512943275084e-15,2.63597226160829e-14,9.25734837680767e-15,3.14934265801097e-17,NA
"4",0.00164408432756538,0.00965192291990574,0.00319844686754389,9.49271434884342e-14,1.6352641346212e-13,1.0713250592389e-13,7.9346398149506e-06,NA
"5",0.000147275569110052,0.00126772533524031,0.000144341772085433,2.18635538709387e-84,3.56618242437189e-86,3.24486715262636e-84,1.04073795447818e-124,NA
