"","glmGamPoi (Pb)","edgeR (Pb)","limma (Pb)","glmGamPoi (cell)","Nebula","Devil (base)","Devil (mixed)"
"1",0.072694759110039,0.139708881925029,0.0603427270529962,1.76221136693821e-06,1.65435231191135e-06,1.8786234113304e-06,2.37681663796603e-13
"2",0.0182761064081776,0.0344692374487033,0.0173285575304874,1.67781666097164e-27,2.43671295892609e-28,1.68407784602551e-27,3.09927655196361e-29
"3",0.127467149760211,0.173699123582261,0.139545627344007,1.4361159352491e-33,4.80199779068368e-36,1.14450578871135e-33,3.69945025413606e-28
"4",0.00204316886106676,0.00901884154975655,0.00217137479974158,1.61676005172112e-84,6.2587621103545e-88,8.9640220603269e-85,2.67699974307579e-147
"5",0.0382688860189544,0.0738588202044743,0.0356886225325017,3.9152390435703e-62,2.02050287638722e-69,2.23564103815193e-62,1.87234714555738e-51
