"","glmGamPoi (Pb)","edgeR (Pb)","limma (Pb)","glmGamPoi (cell)","Nebula","Devil (base)","Devil (mixed)"
"1",0.00152822443728674,0.00769777842808048,0.00289168275466065,1.56458240703813e-52,4.65633785885778e-52,1.03098793049554e-52,5.74895114443063e-70
"2",6.36866446067458e-08,5.54785545844143e-05,5.32655548658447e-08,0,0,0,0
"3",9.33718271172834e-05,0.00318009750620987,5.22636254895502e-05,2.20243470497467e-56,2.01611739362475e-55,1.8107040473224e-56,8.7056523871594e-43
"4",2.74693779676471e-10,2.80357472366923e-06,1.43273706722714e-10,2.20342899731286e-86,6.011655202092e-88,1.89565105390876e-85,1.12320368078726e-67
"5",2.38504229201114e-16,5.02531417648226e-10,2.05883902905192e-16,0,0,0,0
