"","glmGamPoi (Pb)","edgeR (Pb)","limma (Pb)","glmGamPoi (cell)","Nebula","Devil (base)","Devil (mixed)"
"1",0.035459121456588,0.0682871470968133,0.0318327546034279,8.60565349801442e-14,8.69966653360159e-14,7.58687228946573e-14,1.78723201843243e-18
"2",0.00233968265671317,0.00443375042794141,0.00131536640473368,1.83652210512587e-30,5.05390843150941e-31,3.818046684732e-30,1.88684659871041e-39
"3",0.717819697707772,0.768491342206875,0.826145403297978,3.52284737245667e-12,1.0214637442515e-13,3.02889217552916e-12,1.29747218776903e-11
"4",0.0597510749003138,0.0881667188756001,0.0533333871869235,6.73344378114582e-08,7.73213634372421e-08,6.45384792527371e-08,2.01745117766498e-07
"5",0.164151288115952,0.209116401598422,0.139946068400239,1.4101915993429e-10,8.16387971766642e-11,1.9563156473365e-10,1.72163797015425e-12
