"","glmGamPoi (Pb)","edgeR (Pb)","limma (Pb)","glmGamPoi (cell)","Nebula","Devil (base)","Devil (mixed)"
"1",0.00115848431821892,0.00979504220589256,0.00150073532310409,3.09472936240109e-15,1.0454941769021e-14,3.61532206610831e-15,9.22226682124418e-12
"2",0.0555024843029404,0.0802061319215864,0.0475750911238928,7.18324272855401e-07,7.65182517740051e-07,7.24610846528692e-07,1.6953129885083e-23
"3",0.0915442403264927,0.131640442905354,0.0848691506450634,0.00269883285527023,0.00264633428587766,0.00264615357595073,1.27830826025444e-18
"4",0.0294958356260093,0.060091883803037,0.0230222719075029,1.50591497626988e-08,1.58146214901656e-08,1.98817772676793e-08,7.21503471561497e-17
"5",0.0457824869755844,0.0859822071703821,0.040750262767611,0.000158684241056211,0.000136142773588185,0.000184611493397449,3.08479695622769e-11
