"","glmGamPoi (Pb)","edgeR (Pb)","limma (Pb)","glmGamPoi (cell)","Nebula","Devil (base)","Devil (mixed)","glmGamPoi (fixed)"
"1",3.05270864005036e-15,2.94412693568684e-09,1.39864904300864e-14,6.19422497332076e-22,6.07043201398141e-22,5.41009274313671e-22,7.28917374022721e-34,3.3837398749061e-22
"2",3.01949952684227e-07,6.08611528438438e-05,4.38434308547614e-08,2.40941864213162e-31,3.96043797502461e-31,3.29697708645129e-31,1.04207798084519e-30,3.68639310874215e-31
"3",0.0015550518405071,0.0150648371883578,0.00299347726272196,7.57636898405139e-15,6.01769923454448e-15,8.92708695612253e-15,6.27165380857608e-20,3.1675275675395e-15
"4",2.49808834625084e-12,4.59318417816556e-07,1.9981353370498e-12,7.44603783537092e-74,4.06677095630207e-76,2.79526440720541e-73,3.52645416038245e-146,4.61185852726092e-76
"5",1.59795655760189e-13,9.36696486206531e-07,3.61704396407149e-13,1.97903157937173e-65,5.58295740859119e-66,2.01985701139432e-65,4.48843303264207e-59,1.9187182459443e-65
