"","glmGamPoi (Pb)","edgeR (Pb)","limma (Pb)","glmGamPoi (cell)","Nebula","Devil (base)","Devil (mixed)"
"1",0.00761970832789583,0.0284181355541306,0.0106910869993358,3.61455202961234e-33,2.59473174252953e-33,5.82207853897828e-33,0
"2",0.210856877355815,0.255299156032447,0.22890399960167,2.56139761184422e-18,1.18500382249312e-18,2.99593119126148e-18,1.44089808798503e-275
"3",0.029636648669334,0.0624360350369751,0.0368266359231172,1.72967375635684e-09,9.64685403290897e-10,1.87320215903175e-09,1.93170646731981e-07
"4",0.0270543512450056,0.0505838676951801,0.0283443146419953,4.29985167082903e-33,3.69359079715605e-32,3.35004550333566e-33,4.39966296700172e-19
"5",0.0065192017201383,0.0153080705454328,0.00534464647434514,2.8537366581982e-16,3.50661741621829e-16,3.27403272988863e-16,1.112181587666e-35
