"","glmGamPoi (Pb)","edgeR (Pb)","limma (Pb)","glmGamPoi (cell)","Nebula","Devil (base)","Devil (mixed)"
"1",6.0971765600287e-15,1.19412446198248e-08,6.51998547962375e-15,5.47402343061366e-204,1.01266999469109e-211,5.70378189234587e-204,1.8118921463405e-289
"2",5.59725035182073e-07,0.000225419084963655,5.32486806833763e-07,8.27621902882185e-194,1.36867365296125e-201,2.85425807742892e-193,8.96845430009727e-243
"3",8.97549785349767e-10,3.59069721124168e-06,2.04371286684239e-09,3.44053288423504e-93,4.2280454903795e-95,1.29852213279345e-92,1.47125723268094e-67
"4",1.13001485839554e-18,1.31968879132968e-11,1.32568679344573e-18,2.80474775032228e-211,6.05253947785145e-217,4.24472761045149e-210,1.14297938868624e-224
"5",1.02068033016853e-06,0.000252499983306843,1.80684895773503e-06,1.95183407691696e-152,3.15980119162133e-156,4.00360895111102e-152,9.18961660364356e-208
