"","glmGamPoi (Pb)","edgeR (Pb)","limma (Pb)","glmGamPoi (cell)","Nebula","Devil (base)","Devil (mixed)"
"1",0.000541369999418222,0.00217276073489607,0.000455717823515004,2.93052283182482e-68,1.41196131631169e-70,4.59915526339749e-68,1.19798603875799e-106
"2",0.000266607667124797,0.00217610217444383,0.000309243113461661,1.77540663441118e-16,1.38234378332455e-16,2.76962101506522e-16,3.4354700850333e-07
"3",6.81103442063644e-06,5.39369154651573e-05,8.37799704439221e-06,2.42496536705605e-98,2.87781534681726e-100,8.92379491726015e-98,2.62956868516122e-120
"4",0.0710777083603901,0.110205449772141,0.0864252806910574,9.3548091469476e-57,1.95542815433729e-57,1.02039811298853e-56,1.93883590858089e-203
"5",0.00273988824968388,0.010980362721067,0.0033866173489163,3.45555389520944e-95,2.36358755006315e-96,1.21103119526946e-94,2.46302042575694e-150
