"","glmGamPoi (Pb)","edgeR (Pb)","limma (Pb)","glmGamPoi (cell)","Nebula","Devil (base)","Devil (mixed)"
"1",8.02827027326094e-05,0.000603536264856919,0.00010390247038916,9.02533419400502e-71,8.942201991599e-74,9.78755387655936e-71,3.60474713490998e-99
"2",0.129175812349492,0.171915450485211,0.148621645648311,8.04354093255412e-50,1.08744381764331e-55,8.46679463683846e-50,1.80175411284185e-57
"3",0.0201852897457688,0.0447707343915548,0.0174250491272949,2.7460121880935e-12,3.88025629277434e-12,2.5857712261083e-12,9.5657306562845e-12
"4",0.00146159329787577,0.00450085861881463,0.00116360610453643,3.01002907288816e-33,2.53745792533706e-33,7.93994551041899e-33,3.55714493762696e-26
"5",0.00329879016437371,0.00986306480562785,0.00341833440042566,3.95060486440861e-66,4.07446469706856e-70,1.12615437555111e-65,6.00019756703591e-164
