"","glmGamPoi (Pb)","edgeR (Pb)","limma (Pb)","glmGamPoi (cell)","Nebula","Devil (base)","Devil (mixed)"
"1",0.00480848736610527,0.0193968931961701,0.00394174540709691,5.23690120321399e-12,5.42941969769914e-12,5.87294431554296e-12,4.45148930696142e-06
"2",0.00987940791814979,0.0276896317269714,0.0114156884504203,7.91780491543109e-26,1.5221165583375e-25,1.17674570350812e-25,1.85312390033022e-05
"3",0.00233547882876617,0.00478747133026498,0.00316775786837261,8.38185702682318e-28,2.42916726011039e-28,8.94215739335724e-28,6.97436981235452e-51
"4",0.0132515661459483,0.0260027566114781,0.00981939401805333,1.00277382709249e-91,7.24967383722799e-96,8.32484665863899e-92,0
"5",0.0984708441314043,0.177871468442313,0.0329095804259251,3.18951811663652e-14,5.48659436430296e-14,4.01057650717934e-14,1.99030031476987e-07
