"","glmGamPoi (Pb)","edgeR (Pb)","limma (Pb)","glmGamPoi (cell)","Nebula","Devil (base)","Devil (mixed)","glmGamPoi (fixed)"
"1",0.000266431678764381,0.00114479888469003,0.00140034227055848,5.52465468885027e-14,6.98931453138976e-14,7.15043989123963e-14,1.40107018128697e-17,NA
"2",0.0787948124118768,0.0770762251642447,0.0690852443650955,1.46858617528907e-15,1.52661599214161e-15,1.68192309318908e-15,1.63267964052276e-32,NA
"3",5.59010761069881e-05,0.00500510783021671,0.000477232670847763,2.37407447664603e-16,2.82541017792775e-17,2.71598286250271e-16,1.96859666945114e-22,NA
"4",3.92488366840487e-05,0.0065024500349089,0.000123215172556387,1.65737362123547e-09,1.39083011469304e-09,1.82836236863574e-09,4.14523563059876e-33,NA
"5",7.69287788593882e-05,0.0202768141069199,0.0003211353088322,2.05069325633488e-17,1.1730638297933e-17,2.65836760180842e-17,1.6223716384907e-27,NA
