"","glmGamPoi (Pb)","edgeR (Pb)","limma (Pb)","glmGamPoi (cell)","Nebula","Devil (base)","Devil (mixed)"
"1",1.4200212910886e-07,0.000117827839828981,6.41780120314698e-08,3.36321957444915e-293,1.01987340489159e-300,6.83578584881167e-293,0
"2",3.89466933661648e-06,0.000577277238362802,3.70799795861933e-06,1.62946727679508e-231,4.13457426096178e-250,9.29194532387292e-231,2.09852970822025e-281
"3",4.4684046724008e-06,0.000763680508905643,5.33290600130884e-06,5.20150024517108e-51,1.12922445416301e-50,4.03582817829871e-51,6.827220289189e-68
"4",1.35368837802126e-08,2.42338762110042e-05,1.23325522220649e-08,1.48619450758839e-139,1.28427742456878e-140,8.51426983418666e-138,3.02066584319922e-115
"5",2.53254430693893e-15,1.55273033169001e-09,1.3434591381065e-15,7.04244359388009e-227,5.86726326725911e-236,8.66291609499456e-225,3.29271021836868e-266
