"","glmGamPoi (Pb)","edgeR (Pb)","limma (Pb)","glmGamPoi (cell)","Nebula","Devil (base)","Devil (mixed)"
"1",0.00515621978219355,0.0332622457828528,0.00717358739576531,7.57371042991458e-26,1.04641004121947e-25,6.39692602333448e-26,1.848337872702e-24
"2",5.6002764158656e-13,6.77292271652628e-09,2.63651931277267e-14,4.3630831154252e-57,7.48839623831292e-58,1.78872474067721e-56,1.06419954411475e-90
"3",8.78824850682661e-06,0.000319082119425972,8.26704641508002e-06,3.09553939505779e-70,5.64084472082052e-75,1.71775190058179e-70,2.23954408339004e-186
"4",2.34107946132458e-06,0.000686933123709853,2.95142820619808e-06,3.39547273960492e-226,2.85043984707492e-244,1.53034646980532e-226,1.51850281012204e-245
"5",0.00260298524467331,0.0117645073915746,0.00528221626267409,1.94507023026016e-35,5.86269398608916e-36,5.61783938968528e-35,5.69219239850026e-91
