"","glmGamPoi (Pb)","edgeR (Pb)","limma (Pb)","glmGamPoi (cell)","Nebula","Devil (base)","Devil (mixed)"
"1",0.00173318526506224,0.00758090361272253,0.00163046490195797,3.6926289768595e-94,9.81993115448433e-98,2.36270383765332e-93,0
"2",0.0432682578196749,0.0814983697748614,0.0402316478317792,8.6590408821255e-93,2.13066256371189e-111,5.48853154456041e-93,9.23968469242093e-181
"3",0.0120726259177068,0.0298283776416977,0.0112980352058619,1.44234016933635e-30,3.92777397535312e-31,4.73622719946284e-30,6.15538308356322e-82
"4",0.0272362715707962,0.0512483113047516,0.0232911578439401,2.06309965785351e-20,1.37115797618954e-20,2.31096992390303e-20,7.33228560189456e-42
"5",0.000163817965788563,0.0010373251018419,0.000180136568985112,6.57092019771595e-56,2.06520112219083e-56,2.45062520684217e-55,1.51292020793142e-129
