"","glmGamPoi (Pb)","edgeR (Pb)","limma (Pb)","glmGamPoi (cell)","Nebula","Devil (base)","Devil (mixed)"
"1",6.09717614995541e-15,1.19412446197398e-08,6.51998547962403e-15,5.47402330201373e-204,1.01266999469109e-211,1.70810398704947e-203,1.32210074792942e-289
"2",5.59725009715219e-07,0.000225419084963794,5.32486806833808e-07,8.27621891977731e-194,1.36867365296125e-201,1.20027057529141e-192,4.44380202320025e-242
"3",8.97541351424586e-10,3.59069721124572e-06,2.04371286684239e-09,3.44053284851976e-93,4.2280454903795e-95,3.38931840428121e-92,2.31578031112229e-67
"4",1.13001482555587e-18,1.31968879133295e-11,1.32568679344584e-18,2.80474772840522e-211,6.05253947785145e-217,5.7865822096796e-209,1.2993931320705e-223
"5",1.02068028684427e-06,0.000252499983306877,1.80684895773523e-06,1.95183404414625e-152,3.15980119162133e-156,1.26037538686496e-151,1.23443772218266e-207
