"","glmGamPoi (Pb)","edgeR (Pb)","limma (Pb)","glmGamPoi (cell)","Nebula","Devil (base)","Devil (mixed)"
"1",0.00240048518907257,0.0125190713621441,0.00370305942172187,2.19782284119937e-15,1.46064039011054e-15,2.5113723305696e-15,1.95020436189143e-09
"2",3.77582689494126e-05,0.00323496582908825,1.20815012868484e-05,1.68052877079177e-34,4.5015181325176e-35,1.50943820582706e-34,4.51829985840763e-37
"3",1.92715334990062e-09,0.000121186720699049,9.51302568196557e-09,9.76203992791212e-15,7.82727353634573e-15,1.1520007693985e-14,1.40472164301929e-18
"4",5.61788825879352e-16,1.93825187805745e-09,2.19856222383278e-15,2.83822577302031e-42,6.77246653934833e-43,4.76023012894088e-42,7.95580137493032e-56
"5",3.15108164325901e-05,0.00199405707366368,4.03532851675884e-05,8.49013400968319e-64,1.05216750305656e-66,1.59579321515289e-63,7.07776737861496e-55
