"","glmGamPoi (Pb)","edgeR (Pb)","limma (Pb)","glmGamPoi (cell)","Nebula","Devil (base)","Devil (mixed)"
"1",2.2391455748679e-06,0.000707344295504739,4.03142045664165e-06,5.66397103704942e-23,4.45569096778256e-23,4.96374837406977e-23,2.20920172029034e-24
"2",1.6121132590546e-12,1.9833882400176e-07,7.38638206502718e-12,3.66401140621748e-188,2.51402588437714e-196,1.51716566728992e-185,5.49994979033068e-312
"3",1.29106738106595e-08,3.22035122982122e-05,1.6617495712698e-08,5.39168040587526e-165,1.77505252323152e-170,2.38745033290658e-164,1.09432437279712e-222
"4",3.51191917236892e-11,3.708304822435e-06,1.02223357943452e-10,1.50662591654059e-47,7.62233709469047e-48,6.39519133152979e-48,1.2461309764433e-62
"5",0.00136546362501909,0.00970615065734721,0.00244094402997729,1.00013808653675e-126,2.06972164998569e-133,1.73831858079422e-126,2.34445770679824e-158
