"","glmGamPoi (Pb)","edgeR (Pb)","limma (Pb)","glmGamPoi (cell)","Nebula","Devil (base)","Devil (mixed)"
"1",0.00524986537126063,0.0208126528385063,0.00597795221299654,1.58906041521055e-09,8.46160920786611e-10,1.76670948238697e-09,1.16400520089812e-07
"2",0.000100914099093208,0.000258211359987386,6.01009866490418e-05,2.84829371688153e-17,2.89399018459676e-17,3.87582140054348e-17,6.86224358418895e-54
"3",0.0274389471262526,0.0568388769405637,0.0397050579698337,1.3444458425499e-56,1.70625815296039e-56,2.70258396344363e-56,5.66589176474354e-274
"4",0.000272999941221939,0.000956601941782724,0.000136431609694394,9.05703337707168e-167,1.33865005753235e-176,6.01714537715108e-167,0
"5",0.0114629282057672,0.0285191838216941,0.0110466777044997,5.08396215790062e-107,4.74978402661336e-116,3.48639479477135e-107,1.92833513800991e-118
