"","glmGamPoi (Pb)","edgeR (Pb)","limma (Pb)","glmGamPoi (cell)","Nebula","Devil (base)","Devil (mixed)"
"1",0.0665455205240805,0.113769016718635,0.0801179660485444,4.22568837746123e-64,6.31181808366677e-67,6.44886493562636e-64,2.80482523097788e-33
"2",0.0208313901972728,0.0327366831138642,0.0176254958098017,8.49509924063155e-53,1.02538669649873e-53,1.46941692260172e-52,2.53298218993727e-65
"3",0.00170961367428783,0.00792165907783053,0.00211930581110377,8.54295714578741e-137,2.51971877942294e-141,3.05759020224494e-137,7.18263084706986e-154
"4",0.00339817655984394,0.0120945279207719,0.00336839538974208,2.66625434261066e-34,2.47344381057853e-34,3.65398751480958e-34,5.49360224504501e-19
"5",0.022794099087275,0.0465343221972705,0.02947855561546,2.04097055493513e-60,3.52054637983603e-66,1.74398945029404e-60,2.25096584393468e-163
