"","glmGamPoi (Pb)","edgeR (Pb)","limma (Pb)","glmGamPoi (cell)","Nebula","Devil (base)","Devil (mixed)"
"1",0.251996505085813,0.270692435296937,0.168934415084108,0.00106711343871344,5.98680320365995e-06,0.000872094053982637,1.32738291223699e-24
"2",0.000338887964536752,0.00594300683425442,0.000755873359517884,1.51188573644725e-74,9.89675269807863e-90,4.89629744085804e-75,2.63022766461102e-31
"3",0.0829218379501798,0.125448851604626,0.046975027816101,5.32331083301232e-13,4.98856479399255e-13,4.82038590374712e-13,3.64805470767327e-22
"4",0.461482470600997,0.52054986764895,0.490459752412852,0.0167211637161198,0.020771360990971,0.0168818889118864,0.00325566205962367
"5",0.0269036109203464,0.0556118300140445,0.0252300092774696,2.31589052396899e-20,1.48410710488755e-20,2.53615203205958e-20,6.26341366160222e-77
