"","glmGamPoi (Pb)","edgeR (Pb)","limma (Pb)","glmGamPoi (cell)","Nebula","Devil (base)","Devil (mixed)"
"1",4.9470491925981e-07,0.00013931871752283,5.85746542321594e-07,2.59476869546035e-245,3.16025331182004e-251,3.8520551653528e-245,1.52563500256258e-244
"2",2.10681983672515e-05,0.00120486908834867,2.8974620909093e-05,3.39653150461721e-69,2.89419629933225e-68,7.54831536203845e-69,7.71127705552969e-86
"3",2.18710458553604e-09,8.43264029316122e-06,2.45135291219771e-09,0,0,0,0
"4",4.76294798154818e-05,0.00186007932346288,0.0001850087982064,1.60980180879251e-183,4.0883510694358e-190,3.69492758493138e-184,4.91490213676899e-310
"5",7.29617515638434e-12,3.12971285508262e-07,2.81226789182428e-11,0,0,0,0
