"","glmGamPoi (Pb)","edgeR (Pb)","limma (Pb)","glmGamPoi (cell)","Nebula","Devil (base)","Devil (mixed)","glmGamPoi (fixed)"
"1",2.80088795182022e-07,0.000722477172668674,7.32773612620472e-07,1.92080526832112e-14,1.28938489909682e-14,2.20655521433361e-14,2.19060446870247e-11,NA
"2",2.31463220246241e-05,0.00214221528950181,1.4799059237673e-05,5.73406837004175e-41,3.62484663995025e-43,4.92588334252898e-41,3.32565490505722e-39,NA
"3",5.88274372386718e-06,0.000868072743961521,3.37080709982247e-06,4.6815228560576e-75,5.22736054147161e-81,1.4512022844224e-75,5.80080441573995e-47,NA
"4",3.01202836087425e-17,1.55976221992067e-09,7.38185289425697e-18,2.7454577653594e-184,8.08097484770212e-194,3.54297434019195e-185,9.31125841751044e-142,NA
"5",1.3058129351322e-08,8.06369636579779e-05,4.44039181828399e-09,8.95351836065732e-145,1.35274404701266e-160,9.99681910631282e-146,6.40007112061372e-94,NA
