"","glmGamPoi (Pb)","edgeR (Pb)","limma (Pb)","glmGamPoi (cell)","Nebula","Devil (base)","Devil (mixed)"
"1",7.35936373539415e-12,5.14505539443048e-07,7.84128214795459e-12,9.66672781213262e-95,6.95694004026702e-96,2.98096408338668e-94,2.31454758786252e-81
"2",1.43711735716384e-07,0.000113032800302242,1.68960822673313e-07,1.93894340465551e-201,2.00814806387789e-204,2.00146820778289e-201,0
"3",0.000167587981646872,0.00273999767086311,0.000201885279986993,3.46488477908402e-90,1.1483240962241e-88,1.30093849944253e-89,3.60275550166921e-71
"4",3.56790072462565e-12,2.41829955133909e-07,2.01965728000011e-11,2.848418928776e-60,4.40429717812993e-61,5.90033355092116e-60,1.24731880670135e-58
"5",4.57072361987482e-05,0.00171911400832726,7.70737765160071e-05,1.475419800845e-168,1.30515728330712e-190,3.37329793163293e-168,1.24623138930595e-269
