"","glmGamPoi (Pb)","edgeR (Pb)","limma (Pb)","glmGamPoi (cell)","Nebula","Devil (base)","Devil (mixed)"
"1",0.0976353999725485,0.15848427451023,0.0977984709061803,1.64185381468166e-07,1.49262395778805e-07,1.53768723456493e-07,1.90803001445107e-205
"2",0.0176577250150606,0.040258704808595,0.0190915302292999,8.08585298324602e-107,1.63580527048236e-111,1.69503203525469e-106,4.12350566078029e-92
"3",0.0824823416018787,0.11999192693925,0.0903688116208839,2.09258915298907e-16,4.68947723619045e-16,2.72770366969107e-16,2.80399842738987e-57
"4",0.00915394386098783,0.020155373772221,0.00705386827695088,1.35364246199433e-17,9.36910103938524e-18,1.76760777813936e-17,3.29661514053083e-69
"5",0.106314067021546,0.159409450890191,0.102081597963945,2.60340817754248e-15,3.69465307879454e-15,3.05882573568315e-15,3.85428040276918e-37
