"","glmGamPoi (Pb)","edgeR (Pb)","limma (Pb)","glmGamPoi (cell)","Nebula","Devil (base)","Devil (mixed)"
"1",3.20282398500093e-05,0.000286791590268478,3.26163702210372e-05,1.69892578118915e-71,3.60368620490464e-75,1.52683612966523e-71,1.10212364093474e-68
"2",0.000336254989260196,0.00210686261898644,0.000506557273749006,6.18383544569732e-30,2.45773204196866e-30,9.54851217754611e-30,1.01128067719826e-22
"3",0.0217754968757603,0.0435503315450668,0.0220207990723617,8.17787971155385e-34,1.03752759561971e-33,1.23530233852134e-33,7.20072009921047e-47
"4",0.000436797536360155,0.00323326567721013,0.000622505826984977,1.47346998246359e-14,7.65763078046603e-15,1.41780899860638e-14,4.07526802579499e-12
"5",0.0212226645823454,0.0380934659422745,0.0257043449686615,1.67951775316809e-35,2.18920838608923e-35,3.3090716872172e-35,1.85415686438836e-136
