"","glmGamPoi (Pb)","edgeR (Pb)","limma (Pb)","glmGamPoi (cell)","Nebula","Devil (base)","Devil (mixed)","glmGamPoi (fixed)"
"1",0.14936365618291,0.199368613158202,0.213911988268838,0.00337772948858757,0.00179862377647964,0.00342509291901496,1.97758710428017e-05,0.00164683793640896
"2",0.0622329205765571,0.0702566738293026,0.111392970807254,0.00138183281552054,0.000864084914512503,0.00156367452729372,2.18281018869631e-06,0.00048750270347459
"3",0.862104096998482,0.90581510294831,0.815881223766274,0.646015139832168,0.42747307129014,0.651390368919697,0.81938434810231,0.431277598635718
"4",0.302593780306945,0.320893039862104,0.303231537346819,0.287114146136626,0.144470087904866,0.29049299645869,0.360593863117877,0.145575797252599
"5",0.600742180404506,0.65773101878676,0.432204530151508,0.556964160907883,0.381002176571481,0.559749172975532,0.233416501685723,0.398443920614614
