"","glmGamPoi (Pb)","edgeR (Pb)","limma (Pb)","glmGamPoi (cell)","Nebula","Devil (base)","Devil (mixed)"
"1",0.506533820526432,0.525335368355138,0.486030078542721,0.0169154396061578,0.00258998930608043,0.0179698263903268,0.0264115670939904
"2",0.452157525147051,0.564960325742572,0.248936356839202,0.00298738685494208,0.00117635396869496,0.00325288841249765,0.0244300175846326
"3",0.435425065530663,0.448248527496424,0.397785389573873,0.0141007263671544,0.0139486144883187,0.014677036756421,4.4044598412557e-26
"4",0.134377475606169,0.115656343785164,0.153936631975742,0.00637277692488843,0.00719719304138074,0.0065051035620064,0.00928878341487557
"5",0.295718346376123,0.260304963368201,0.324727373570355,0.372478394101144,0.279215845434898,0.372780093339647,0.13813617456585
