"","glmGamPoi (Pb)","edgeR (Pb)","limma (Pb)","glmGamPoi (cell)","Nebula","Devil (base)","Devil (mixed)"
"1",0.317757183980322,0.467677891803939,0.346335118690285,0.00365341840611817,0.00200833787801674,0.00379544978135783,0.0338282548107195
"2",0.0748615931092713,0.208257313902589,0.282400174517003,2.7324176554966e-06,1.11516562960102e-06,3.02513558308831e-06,1.93873049561472e-11
"3",0.0209454328610155,0.0991257738023182,0.00828499138937771,0.00022046372041096,0.000106493915030528,0.000237183740601946,3.86510601604874e-05
"4",0.0176808570661994,0.0888918324910171,0.0237917914590703,1.2852795814341e-05,9.42325765236974e-06,1.42868996032482e-05,1.25016456491186e-11
"5",0.128529327038626,0.163893221933364,0.209752972106696,0.000164599025862356,0.000155352186228501,0.000175571261176705,4.58154770936314e-07
