"","glmGamPoi (Pb)","edgeR (Pb)","limma (Pb)","glmGamPoi (cell)","Nebula","Devil (base)","Devil (mixed)"
"1",0.000223561825480748,0.0124603945000537,0.00402705174269308,4.1095562014524e-05,4.365107580209e-05,4.25510465158394e-05,3.75619214086046e-09
"2",0.068629729005222,0.0914678584693462,0.260767080941792,2.27737110789043e-14,1.00907009710956e-13,2.9850337512175e-14,5.37344567734057e-31
"3",0.0125012340040317,0.0192072663606011,0.00765406600037586,8.41169688877646e-18,4.46170915138771e-21,1.06525515088366e-17,2.61317080190871e-39
"4",0.0254744910182481,0.0427074940033174,0.0817218772698041,1.84168686808193e-15,6.41822830621345e-15,2.78105728240328e-15,1.85010550001541e-19
"5",0.0146063922276193,0.0283584144995382,0.0178519921215293,1.15351250608812e-36,3.62229446294045e-42,1.34164755266195e-36,5.80142917977761e-40
