"","glmGamPoi (Pb)","edgeR (Pb)","limma (Pb)","glmGamPoi (cell)","Nebula","Devil (base)","Devil (mixed)"
"1",0.0126337828342897,0.0797702511547152,0.0773720558788875,0.0102392983009793,0.0139031935286549,0.0109993006483528,0.000733162644166513
"2",0.00269591802173765,0.00738962941255848,0.00103437137795291,0.00130373971555311,0.00109609801853399,0.00139400188865917,0.000520619811153931
"3",0.000213581253143767,0.00414573392202923,0.000439621645317752,1.35781290897923e-11,2.46908105453187e-11,1.61863809084024e-11,2.42596011571576e-15
"4",0.0004432437754223,0.00378030125212723,0.0002899894549882,6.50687537942769e-16,5.96821619929551e-16,7.92731100982647e-16,2.75309338318482e-19
"5",0.00355387081040511,0.0108275533673461,0.0223455307579105,0.000104078683671519,0.000179975779124338,0.000122411808937661,0.00016732764460627
