"","glmGamPoi (Pb)","edgeR (Pb)","limma (Pb)","glmGamPoi (cell)","Nebula","Devil (base)","Devil (mixed)","glmGamPoi (fixed)"
"1",0.000786170442567824,0.0236768906342441,0.00182840161074432,4.98848944825018e-07,6.82597342894288e-07,5.50519166092592e-07,6.42825921739115e-07,5.62137323197786e-07
"2",7.04613761267277e-15,6.17282432743622e-08,5.85491334288566e-15,5.70033091638563e-87,8.75556618095936e-97,8.33937123154882e-88,1.89930439388975e-67,5.85736342156639e-89
"3",0.000789225511830265,0.0123753042214835,0.00100662475437746,1.89789447986921e-08,3.55084434466959e-09,2.1911685079576e-08,5.37215134561357e-16,3.76917267337952e-09
"4",0.0750932132820548,0.0750285318012522,0.0468008820393374,0.00173841939613271,0.00162006999106775,0.00172869572341768,0.000491053103682856,0.0022410846873616
"5",0.431793226605889,0.557324954930759,0.222886001027067,0.00111725890272449,0.000525982478975607,0.00115374213648151,0.0249513401175513,0.000763038080141422
