"","glmGamPoi (Pb)","edgeR (Pb)","limma (Pb)","glmGamPoi (cell)","Nebula","Devil (base)","Devil (mixed)","glmGamPoi (fixed)"
"1",0.00868919919013905,0.0700221580915422,0.0340597766617333,0.000667045414525813,0.000657690127660165,0.000699618070756491,0.00552088259403868,0.000589525451747087
"2",0.000471037663452788,0.00808504141155665,0.00117560386396885,1.64192283551042e-08,1.72277682314123e-08,2.09579337181168e-08,5.56451672065641e-08,1.03192126160199e-08
"3",0.092178935411034,0.165236654839946,0.116225845652938,0.00348856309156232,0.00335750657806029,0.00361854673346743,0.000411548258978929,0.00237442664926397
"4",0.168994112397224,0.106830274523259,0.196658427146535,0.00669588577030916,0.00605208518903208,0.00704052670251208,0.000324781491355588,0.00316653892939206
"5",0.00433573356545391,0.0185073788080044,0.00398694106272037,5.84263417800067e-08,2.31038537962749e-08,6.95539255666508e-08,1.69334635626558e-14,1.04889621349623e-08
