"","glmGamPoi (Pb)","edgeR (Pb)","limma (Pb)","glmGamPoi (cell)","Nebula","Devil (base)","Devil (mixed)"
"1",0.112125763105497,0.0990788193753137,0.0887280063606128,0.123187173168675,0.128740834858853,0.132196005594797,0.0120022644279215
"2",0.0742418942717146,0.0796210039716818,0.054421846820268,0.114413891674873,0.11896501010137,0.122690584188533,0.00164310884416465
"3",0.119298057758439,0.133521465628072,0.0770202027855972,0.0790539896760691,0.0830004942307669,0.0874639986289715,0.00317174139061088
"4",0.0946858572477897,0.110477301622494,0.0836614124030814,0.00340388404103852,7.3346648885553e-05,0.00320788188145645,1.20444462810516e-07
"5",0.256327053548412,0.318342603425178,0.181196201023043,0.0510464712458403,0.0384323927078784,0.0574057523745895,0.148692619478802
