"","glmGamPoi (Pb)","edgeR (Pb)","limma (Pb)","glmGamPoi (cell)","Nebula","Devil (base)","Devil (mixed)"
"1",0.00625653604020848,0.0136448834569182,0.00576207536379996,4.54898345813517e-08,2.93855608419931e-08,5.23181250635288e-08,1.27905349747713e-09
"2",0.0727344830918916,0.0817414880626088,0.101992363577268,0.000559953346654032,0.000639132708907857,0.000594763005270493,3.26959820925439e-09
"3",0.0223377818289253,0.0673375285757125,0.0335591706759124,2.8244998514744e-15,3.06817248244518e-15,3.39445841380642e-15,4.00402780199395e-81
"4",0.156034962878945,0.201163347254816,0.144902165489017,0.000142629364937097,0.000182629156203479,0.000148413502831149,5.27998676090157e-07
"5",0.010845110279651,0.0365384249920904,0.0181237842182711,5.44271244420206e-07,4.07857754883106e-07,5.87235456548388e-07,1.03479802952265e-08
