"","glmGamPoi (Pb)","edgeR (Pb)","limma (Pb)","glmGamPoi (cell)","Nebula","Devil (base)","Devil (mixed)"
"1",0.480718827319798,0.551803226339346,0.699596705000255,1.84526427553575e-05,0.000181883661521723,1.97764116090809e-05,1.28809990590475e-07
"2",0.336877677167126,0.379567781683443,0.331332703945651,1.58443914755055e-08,8.54244777878793e-09,1.71349323356572e-08,1.71919676248129e-11
"3",0.371437682711028,0.415989716206968,0.318499243893142,7.34485044487355e-07,1.06896957471733e-10,7.75121061609517e-07,3.12707394728009e-88
"4",0.318933202098638,0.375028863233426,0.20730646321556,0.00141150642965291,0.0016739235579477,0.00149854633986434,0.0507863691125746
"5",0.456286228151246,0.518596611601582,0.60484821342189,0.00021750168150996,0.000388427723697981,0.000237447898021154,7.04853213047797e-07
