"","glmGamPoi (Pb)","edgeR (Pb)","limma (Pb)","glmGamPoi (cell)","Nebula","Devil (base)","Devil (mixed)"
"1",0.0247530628813834,0.0313955565651529,0.0243419696144642,3.06283531602959e-06,2.61158307293119e-07,3.75633834421108e-06,1.6778286286766e-09
"2",0.293579336597705,0.291246589401042,0.455027721979972,0.335409080770768,0.424874599109629,0.341458966439023,0.170657978246428
"3",0.123145982279859,0.150636714385811,0.158519686058787,0.00651108698158739,0.00727458281877423,0.00716963245654022,0.00860647019715574
"4",0.239054201113317,0.320537952290094,0.316253763421541,0.0107425490066677,0.0085581553728055,0.0117618049775409,0.0358907761836709
"5",0.102824102888533,0.117310996711505,0.0661479355088177,0.0478624902961237,0.042525081759789,0.0513747179936636,5.68819381179104e-05
