"","glmGamPoi (Pb)","edgeR (Pb)","limma (Pb)","glmGamPoi (cell)","Nebula","Devil (base)","Devil (mixed)","glmGamPoi (fixed)"
"1",0.000283542577624532,0.00978629846855129,0.000451056020203363,5.33076846293285e-21,2.91649847501568e-20,6.10507098024757e-21,2.20868847921798e-25,7.53102298958976e-22
"2",0.00107450597060453,0.00878654249364515,0.00142415128182666,9.63363767778311e-30,1.08506272572615e-30,1.19190634567181e-29,8.5869492111113e-50,2.80636379576916e-32
"3",0.000112846255385425,0.0038140639173074,0.00017057256179171,9.71834122766606e-20,4.44257448345912e-20,1.16770003139553e-19,3.07546806577268e-17,5.39807770763407e-21
"4",9.54847824664915e-08,6.856874876059e-05,2.52311979333194e-07,1.1170684205322e-44,3.70590973885579e-45,2.12963621332358e-44,4.61218123274732e-63,1.16986392850553e-46
"5",2.35808699831116e-07,8.77386173698194e-05,6.4659707070024e-07,5.31594778186816e-37,3.91076793262066e-38,9.52699504304108e-37,1.18310045485812e-39,2.23829580498132e-38
