"","glmGamPoi (Pb)","edgeR (Pb)","limma (Pb)","glmGamPoi (cell)","Nebula","Devil (base)","Devil (mixed)"
"1",0.311942185522421,0.360591792415448,0.46691465100359,1.13566790722025e-23,3.75324954699348e-28,1.62749135028403e-23,3.97572735396637e-20
"2",0.0691529254335891,0.0794751121992872,0.0486405883871305,1.71743779937141e-79,4.90580764707221e-90,2.18733914870027e-79,1.70585261491771e-106
"3",0.125104482522866,0.190867756345042,0.174475230468436,2.15875333098828e-30,6.20362199296242e-35,2.61470725566936e-30,5.98356298253177e-90
"4",0.238253853739647,0.28396082427249,0.235807287434389,1.4211644532354e-23,6.92078443351457e-29,1.77465419366593e-23,9.67254756907188e-08
"5",0.0273566422098783,0.0400539436422406,0.0237545698582871,2.49404053007457e-18,3.49321334237183e-18,4.38290564541944e-18,3.8294564121476e-10
