"","glmGamPoi (Pb)","edgeR (Pb)","limma (Pb)","glmGamPoi (cell)","Nebula","Devil (base)","Devil (mixed)"
"1",0.0495053239029264,0.0825007660470955,0.0443761877227285,5.48247607243734e-41,7.56274270858668e-49,5.99759471668199e-41,1.02415918515969e-81
"2",0.139288952276951,0.167039140679283,0.189946299277702,5.93236508833979e-16,2.07106650286132e-14,8.133630992282e-16,9.44665004128675e-05
"3",0.506701923491188,0.521420230176912,0.318648491882074,0.000792241497773377,0.000596708735286512,0.000814959598572775,0.010584232079148
"4",0.151266761123724,0.181551827551826,0.172532998293719,3.00945805652361e-09,2.67969684885278e-10,2.95404775649138e-09,2.53191881692764e-133
"5",0.193939287203302,0.234416380283526,0.295593061198688,9.20135085329706e-10,1.41132248202124e-09,1.12538452675632e-09,2.6585821354409e-08
