"","glmGamPoi (Pb)","edgeR (Pb)","limma (Pb)","glmGamPoi (cell)","Nebula","Devil (base)","Devil (mixed)"
"1",0.00952889158600535,0.0272317887602677,0.00815247795251024,3.67646603576515e-05,3.17317789188866e-05,4.22890910490543e-05,2.36532444126818e-05
"2",0.000931435708767188,0.0119783795768398,0.00211005890048957,7.28211227587641e-22,7.83847986265753e-24,9.06346777841946e-22,3.86285743232351e-41
"3",0.00647488512210143,0.0209880347180148,0.0199508659045201,1.0040245964928e-07,3.72690936842346e-08,1.15056087864431e-07,1.24731427886685e-09
"4",0.00937608957427474,0.0299861056038492,0.0102205525745331,2.49673979781438e-15,1.15360727021607e-17,2.50664647156767e-15,4.84289919623645e-11
"5",0.0980756254589876,0.132957770350615,0.244781617852705,0.000331810182295985,0.000235839291023951,0.00032861306005071,8.10737701785493e-06
