"","glmGamPoi (Pb)","edgeR (Pb)","limma (Pb)","glmGamPoi (cell)","Nebula","Devil (base)","Devil (mixed)","glmGamPoi (fixed)"
"1",0.0253506208828351,0.0356852916197676,0.0745665646409584,1.82978410148749e-07,1.92497753993506e-07,1.84670720053021e-07,5.56434621160486e-08,NA
"2",0.530328029109076,0.637684470602244,0.480864103584269,0.000782414431096681,0.00151823327393032,0.000807826817406172,0.000157610190323511,NA
"3",0.799243946738338,0.593352267680566,0.901280414049192,0.0481010859220854,0.024695616647985,0.0475267791692309,2.45611420379544e-21,NA
"4",0.000634665958709699,0.0230922156328221,0.00120965376214562,6.37464077002602e-34,3.12264738659985e-36,8.75673503903045e-34,1.74539086539752e-57,NA
"5",0.012887676289774,0.0399297472863618,0.022942718105321,2.28318819130722e-09,9.41112169298617e-10,2.59200418220339e-09,3.01217746901517e-15,NA
