"","glmGamPoi (Pb)","edgeR (Pb)","limma (Pb)","glmGamPoi (cell)","Nebula","Devil (base)","Devil (mixed)","glmGamPoi (fixed)"
"1",0.516268039805063,0.548247008225175,0.581963401866858,0.0583407546722103,0.0456636642221042,0.0624632619538584,0.0092070342172929,0.0422551543331242
"2",0.202264915425904,0.281428604557088,0.150044229802567,0.000551314413225874,0.000522323126439785,0.000583549477458417,2.42504071657917e-05,0.000479447068472205
"3",0.467548622621825,0.459413080082687,0.566498276226969,0.0363688513634287,0.0259957469387996,0.0388117811242502,9.94173945924344e-05,0.026625595351745
"4",0.0172383058184837,0.0266566597611135,0.01104738898477,1.17693706541895e-12,1.354159436107e-13,1.08631155458265e-12,4.35974372708175e-07,2.78549158799244e-13
"5",0.164450990282165,0.206959331595922,0.124288788525881,2.34982260970754e-06,8.97914774636265e-07,2.42366922378045e-06,4.68431822337483e-12,1.19109845018489e-06
