"","glmGamPoi (Pb)","edgeR (Pb)","limma (Pb)","glmGamPoi (cell)","Nebula","Devil (base)","Devil (mixed)","glmGamPoi (fixed)"
"1",0.87731526151397,0.905850563165065,0.688165510077363,0.585551708844017,0.954165086096444,0.59033010521788,0.541485043356847,NA
"2",0.0774271426801308,0.123129744725814,0.0789725639323157,0.00883562604872422,0.00921448451430052,0.0096829825032115,7.8212326760365e-12,NA
"3",0.312263895976126,0.336937228042888,0.451905298012355,0.157813656459886,0.223158431011372,0.164178231974662,0.310942411389488,NA
"4",0.0510960086071043,0.0674938425576227,0.0316253205677733,5.44180061016105e-06,3.90650211037356e-06,5.19512424245626e-06,4.35666645432983e-17,NA
"5",0.0772339945100821,0.11178138531753,0.0774017045624686,1.06703267566317e-05,2.78944806206269e-07,1.30889969320081e-05,5.48677698766969e-243,NA
