"","glmGamPoi (Pb)","edgeR (Pb)","limma (Pb)","glmGamPoi (cell)","Nebula","Devil (base)","Devil (mixed)"
"1",0.000650992822369973,0.00363257078690906,0.000419394147127453,2.68865986564121e-22,6.38715287656078e-26,2.91022273098918e-22,3.16787049276909e-24
"2",0.00789615031839095,0.0144159041865117,0.0157568508596865,0.000297723270177004,0.000410422384506868,0.000325031193729659,1.60384894310253e-05
"3",0.017168703476705,0.0441942163219865,0.0570131370880334,8.10284418379878e-06,3.65391913164901e-05,8.61269233450666e-06,9.98963120529685e-05
"4",0.000829555772848102,0.00256154514595537,0.0022578421347896,5.27316033091428e-08,2.84023327914548e-07,6.11840404215189e-08,1.10211443408331e-10
"5",0.0360292408044089,0.0631362842471521,0.0370256935465413,5.36248914801861e-05,0.000214374352349055,5.71800377432695e-05,5.85642234982332e-08
