"","glmGamPoi (Pb)","edgeR (Pb)","limma (Pb)","glmGamPoi (cell)","Nebula","Devil (base)","Devil (mixed)"
"1",0.415730918398764,0.490469332055465,0.411046234972737,0.00773934187747346,0.00781572111899613,0.00811672338543562,0.0066312206897889
"2",0.457445743795082,0.465962610015762,0.32785393446914,0.0161271269267657,0.00792101103794763,0.0169453103877352,2.8202583924249e-05
"3",0.49048642474403,0.294863302618587,0.829767336023006,0.269952772454671,0.231735145121799,0.274426305076512,0.0469509571332167
"4",0.447240263594978,0.499411779565645,0.400783414307945,0.0419199859549259,0.0353629923212391,0.0428520517406337,0.000467276640064759
"5",0.260351624105935,0.290014644468009,0.31691814787086,3.81222498680217e-05,8.79789392197917e-06,4.48305250080763e-05,2.36467900042949e-18
