"","glmGamPoi (Pb)","edgeR (Pb)","limma (Pb)","glmGamPoi (cell)","Nebula","Devil (base)","Devil (mixed)"
"1",0.268609779107631,0.299378933888709,0.330627994474596,1.36302262948825e-05,6.81695566805035e-06,1.47414218901629e-05,2.2214915858391e-29
"2",0.246247104971662,0.286335801046909,0.23057241778544,1.98538886603635e-23,3.59429943517209e-24,1.82929586595223e-23,4.85288298759627e-42
"3",0.0368134909969122,0.0938344968874038,0.0398146246800278,3.72952807018997e-77,4.35550622440367e-83,2.10812146351085e-77,1.50683921616877e-186
"4",0.233301460830183,0.280724273826151,0.246450540379106,0.00344184935315589,0.00351214811602781,0.0035890790678829,0.000656283709720616
"5",0.264804821601958,0.290736408742159,0.409091973095221,0.054511271187756,0.115041871415802,0.0553008502925206,0.0557639754247597
