"","glmGamPoi (Pb)","edgeR (Pb)","limma (Pb)","glmGamPoi (cell)","Nebula","Devil (base)","Devil (mixed)","glmGamPoi (fixed)"
"1",5.11301334227517e-05,0.000495017140400515,3.86076096263032e-05,9.96474433035816e-06,1.70739599948707e-05,1.17263747197998e-05,2.09424826291161e-07,NA
"2",9.8293076938097e-08,8.1775246997111e-05,7.08799214124486e-08,2.92058089665352e-30,1.82539532933847e-31,1.3221651248028e-30,6.01305190531305e-37,NA
"3",0.000824628554303915,0.0023692957207496,0.00170972020449426,5.81064960633228e-07,1.1978807328039e-06,6.90398293849791e-07,1.88240770383356e-09,NA
"4",0.00445918204953509,0.013407242780819,0.0093722737855191,0.00229864836286825,0.00379737391896684,0.00245071368229173,2.54022829377254e-05,NA
"5",2.47637874533891e-06,0.00021275474651841,0.000238422405297853,1.65290583828329e-08,2.55960905891153e-08,2.08953410649204e-08,1.77879323772069e-12,NA
