"","glmGamPoi (Pb)","edgeR (Pb)","limma (Pb)","glmGamPoi (cell)","Nebula","Devil (base)","Devil (mixed)"
"1",0.0240529443424892,0.0554480555435856,0.0233955529102911,6.93550794256827e-07,7.59833855355969e-07,8.8347133322837e-07,6.78560041883918e-05
"2",0.0979174785784816,0.137828460515889,0.0870684222741894,4.37440328820077e-09,3.66238329242149e-09,6.41353602254228e-09,3.29883628995783e-152
"3",0.137012166396959,0.156548786169672,0.246143556573346,1.97486157957847e-06,4.65168048897788e-06,2.17746100668251e-06,1.96392209034359e-07
"4",0.291791017976707,0.330981294659244,0.421715714039781,0.00398202660852932,0.00546217484045474,0.00412315501124513,0.00184450812719436
"5",0.011790299053044,0.0324602744186659,0.0119399509210485,3.50616914634118e-07,3.03427065162433e-07,4.36542167412237e-07,6.36976624374545e-09
