"","glmGamPoi (Pb)","edgeR (Pb)","limma (Pb)","glmGamPoi (cell)","Nebula","Devil (base)","Devil (mixed)"
"1",3.70464228957144e-06,0.00288693869444069,5.01998967925987e-06,1.64971456854613e-27,1.81578974113904e-28,4.13665518785867e-27,2.55859564224208e-26
"2",0.00027851190126287,0.00407049631358229,0.000169278257767636,7.80771112466336e-15,3.4547498686033e-15,1.20562630044956e-14,2.97384750564349e-13
"3",0.00013773896211778,0.000947102530139861,0.000207285858083036,2.09565388067458e-15,8.68575832278493e-15,2.11438329172833e-15,1.64575736264751e-17
"4",1.36535697754469e-05,0.00143901906614501,1.49095827086665e-05,1.5663318429917e-64,4.92269394391948e-74,4.1998667311325e-64,2.18351575522635e-58
"5",0.000451717109845043,0.0168972201603853,0.000618128302216094,5.67055652417451e-15,1.41804910510016e-15,8.60232153801928e-15,1.14793683503297e-21
