"","glmGamPoi (Pb)","edgeR (Pb)","limma (Pb)","glmGamPoi (cell)","Nebula","Devil (base)","Devil (mixed)","glmGamPoi (fixed)"
"1",0.00952889162097557,0.0272317887602677,0.00815247795251042,3.67646603581892e-05,3.17317789188866e-05,3.88346370624386e-05,2.20268231842011e-05,2.19866058817679e-05
"2",0.000931435716163571,0.0119783795768398,0.0021100589004896,7.28211227732324e-22,7.83847986265753e-24,7.80799489710933e-22,2.9203425369442e-41,1.14213537523377e-23
"3",0.00647488516289429,0.0209880347180148,0.0199508659045174,1.00402459650659e-07,3.72690936842346e-08,1.08006740714951e-07,1.17196859342927e-09,6.81873630961479e-09
"4",0.00937608963671028,0.0299861056038492,0.0102205525745326,2.49673979715775e-15,1.15360727021607e-17,2.47547122738002e-15,4.81344839964932e-11,5.65283850145985e-18
"5",0.0980756257752881,0.132957770350615,0.244781617852687,0.000331810182281377,0.000235839291023951,0.000343271431280933,8.68960646905535e-06,9.68106441704108e-05
