"","glmGamPoi (Pb)","edgeR (Pb)","limma (Pb)","glmGamPoi (cell)","Nebula","Devil (base)","Devil (mixed)"
"1",0.159252641728411,0.187887638478239,0.193234986788484,0.00016692626080733,0.000207319772787602,0.000184670749394983,2.83071335505135e-08
"2",0.511907492985612,0.553249318774464,0.649136024787752,0.000728350784938683,0.000444033270574247,0.000778370120539192,2.99237955999056e-10
"3",0.966177817664536,0.980702327389012,0.868273879402961,0.840580124670778,0.84104185149125,0.841356493741158,0.668519455254498
"4",0.0320330827290266,0.0445719438484562,0.0359803551007915,0.000206761472609792,0.000205885514446842,0.000230567145134248,2.74401122218715e-05
"5",0.068144149972166,0.0950373187618472,0.0445021025996581,0.0185858974354961,0.0186072876022555,0.0192101319170555,1.24481990066769e-08
