"","glmGamPoi (Pb)","edgeR (Pb)","limma (Pb)","glmGamPoi (cell)","Nebula","Devil (base)","Devil (mixed)"
"1",2.93090635570911e-07,0.000159740409298671,4.1203088475051e-07,4.91100241920198e-43,8.68013197023358e-45,1.33078465875513e-42,5.47572364628236e-32
"2",9.38288837557252e-05,0.00266291272902188,8.62185209770133e-05,3.07503919739801e-56,4.92519718924835e-62,9.67987886028632e-56,3.01655901839457e-84
"3",0.00369224303057301,0.0130714359349179,0.00193955981324599,3.39860913317663e-15,3.49780400624937e-15,5.56701845080836e-15,2.69441012065448e-11
"4",0.000920640990954469,0.00462910757441897,0.00298387781426374,7.98100763060508e-24,2.83181845235364e-25,1.31715563826084e-23,8.85160060662496e-32
"5",4.75177223193335e-06,0.000412102212145982,4.28440589584578e-06,4.00814471002078e-48,2.28536961735768e-49,1.77252832210329e-47,2.71684419566364e-49
