"","glmGamPoi (Pb)","edgeR (Pb)","limma (Pb)","glmGamPoi (cell)","Nebula","Devil (base)","Devil (mixed)"
"1",0.114047894356064,0.188840341056814,0.173870401309631,0.198865795036033,0.191793235203531,0.200972418035842,0.160409507215318
"2",5.4915081089077e-05,0.00071885798994995,0.000176133424974273,1.96786562078569e-06,3.39693042248299e-06,2.2530053881219e-06,4.19608611259456e-08
"3",9.5104998802014e-07,3.83338850930839e-05,1.20640548097039e-05,4.54491534540481e-08,5.87634445460777e-08,6.63788214666608e-08,1.18207000966794e-10
"4",0.0117621250741714,0.0394073121404454,0.0387939709513136,0.00037291194223399,0.000654790147896994,0.000430043651073903,0.00455448691728789
"5",0.0633708637054563,0.144085016369381,0.11882309307981,0.0205835367064023,0.024880247025488,0.0211903929884926,2.90356344871287e-05
