"","glmGamPoi (Pb)","edgeR (Pb)","limma (Pb)","glmGamPoi (cell)","Nebula","Devil (base)","Devil (mixed)"
"1",4.48889660424287e-06,0.00130614799269218,3.43165393753793e-06,1.99510660075609e-50,1.78769597456767e-60,2.30559799534156e-50,6.95972435768339e-213
"2",0.0411458528686966,0.0731660249580411,0.156425604317793,4.67712384698988e-13,4.44363489242402e-16,5.09038157046246e-13,5.03813285399974e-24
"3",0.0995151099608717,0.128705350263735,0.141771728951568,1.08885536026557e-06,1.09001188986435e-07,1.12833383420466e-06,5.32222462241694e-06
"4",0.0165186059972418,0.0222490527694315,0.0121261171231919,1.60532856003516e-06,4.08712258315497e-07,1.66052041301927e-06,3.35662058406449e-11
"5",0.00087374595051269,0.006193770814622,0.000467901141700933,6.12460349522486e-09,5.64982162880351e-09,6.98219759497216e-09,2.33865778004634e-33
