"","glmGamPoi (Pb)","edgeR (Pb)","limma (Pb)","glmGamPoi (cell)","Nebula","Devil (base)","Devil (mixed)","glmGamPoi (fixed)"
"1",0.139493203214279,0.145408840241641,0.158531491839433,0.00242096064148402,0.00163370368523528,0.00264810878018875,0.000963037112802805,NA
"2",0.00105427128804657,0.00636746577925507,0.000521036259824372,3.60381909490735e-30,3.69660785488782e-36,2.57776176847123e-30,1.91931843586157e-80,NA
"3",0.0628470817844341,0.0843613840865569,0.0588990789421685,0.000887179446073653,0.000808580188991471,0.000978639952798258,0.00474740012294624,NA
"4",0.489900697697995,0.42452103998018,0.751544649228184,0.246123398696695,0.509898238545713,0.250807254531556,0.263318159574952,NA
"5",0.0947176722612336,0.130893647960682,0.0628148127141063,0.0130844062514237,0.0133500759738622,0.0139432489919712,8.66699174660792e-08,NA
