"","glmGamPoi (Pb)","edgeR (Pb)","limma (Pb)","glmGamPoi (cell)","Nebula","Devil (base)","Devil (mixed)"
"1",0.0121620283596615,0.0357009114756103,0.106896880940301,8.20525004272384e-20,1.72570755391048e-22,1.13510252540156e-19,6.84243683787454e-19
"2",0.000946856438717272,0.0105285261689989,0.00214063018522989,4.82936345478267e-11,1.63226148886628e-11,6.39530989925101e-11,1.43421941880618e-19
"3",0.301206832961541,0.324101089484855,0.602907117235277,0.000109678470430581,4.14183519391729e-05,0.000112434076605123,0.00100721696766238
"4",0.000514670148028398,0.000888913988091052,0.00441071662382461,5.74167021661789e-09,3.08297312740524e-08,8.3740693059716e-09,3.91891132536212e-09
"5",0.00363342104425077,0.0265159053148838,0.00784653435313905,4.38989292257533e-05,3.26298897709681e-05,4.49863635824132e-05,1.53397910514072e-09
