"","glmGamPoi (Pb)","edgeR (Pb)","limma (Pb)","glmGamPoi (cell)","Nebula","Devil (base)","Devil (mixed)"
"1",0.000376737582441319,0.00556373542005149,0.000605831365963445,9.20100901474184e-17,1.01139058440077e-18,1.09739386256248e-16,1.36478926392486e-21
"2",0.00660870389740331,0.050184658925489,0.00532776173796121,4.20893521188173e-08,4.48231804291787e-08,4.59500699695402e-08,7.22790541675938e-09
"3",0.0414631474676823,0.0717706744000416,0.0794894851616993,0.00198574529449214,0.0040743974848893,0.00204360698597601,5.23158176391689e-06
"4",0.0223407867133914,0.0368011877103626,0.0422699342298568,4.87177005925119e-06,2.03077195858323e-06,5.27028806121946e-06,0.000805628559947664
"5",0.0467385959131387,0.0768533908417978,0.0354840026616995,4.83231759440194e-08,2.42078476294735e-16,4.91225725768187e-08,1.48084413295059e-14
