"","glmGamPoi (Pb)","edgeR (Pb)","limma (Pb)","glmGamPoi (cell)","Nebula","Devil (base)","Devil (mixed)"
"1",0.14936365618297,0.199368613158202,0.213911988268842,0.00337772948891322,0.00179862377647964,0.00349980942125145,2.05547032032547e-05
"2",0.0622329205766072,0.0702566738293026,0.111392970807255,0.001381832803544,0.000864084914512503,0.00159929450585158,2.26104568794899e-06
"3",0.862104096998514,0.90581510294831,0.81588122376628,0.646015139314367,0.42747307129014,0.651191626016142,0.819279232126537
"4",0.302593780307047,0.320893039862104,0.303231537346819,0.287114145827199,0.144470087904866,0.293336316574222,0.362940307262135
"5",0.600742180404579,0.65773101878676,0.432204530151504,0.556964160635319,0.381002176571481,0.560994370873019,0.234729544619596
