"","glmGamPoi (Pb)","edgeR (Pb)","limma (Pb)","glmGamPoi (cell)","Nebula","Devil (base)","Devil (mixed)","glmGamPoi (fixed)"
"1",0.000198959123338644,0.00339806240642885,0.000929637816002298,5.01429859759088e-93,1.30885047482047e-139,1.51470058760661e-93,8.78085399547025e-77,1.15928183062754e-132
"2",0.003751851833591,0.0204260842130888,0.00505909967982156,4.01226333019434e-07,3.62972207203332e-07,4.55062503767325e-07,3.76989495936258e-25,2.74805717883041e-07
"3",0.0126795621624158,0.0222085613570287,0.04681152400396,2.4278655989837e-08,7.50526980630167e-08,2.63543256862522e-08,2.00090981956771e-09,1.00863284019347e-08
"4",0.00698397280545753,0.0186795018446028,0.022995624807958,5.52031759402918e-17,1.80663350730651e-17,7.43102372053903e-17,4.05673994976901e-17,6.20724630472724e-18
"5",0.0119067167876042,0.0317542329864957,0.00593329967876605,1.55586376471252e-11,9.82040133457823e-14,1.76052952818756e-11,9.83701446539588e-16,6.93579567613282e-14
