"","glmGamPoi (Pb)","edgeR (Pb)","limma (Pb)","glmGamPoi (cell)","Nebula","Devil (base)","Devil (mixed)"
"1",0.204331364156567,0.20761844647453,0.168862799502472,0.071923996585297,0.066601073535989,0.0759739014302486,6.8591570048662e-07
"2",0.43046575102835,0.411822924638073,0.753308695275603,1.22407202904357e-11,3.33580672405208e-12,1.82023604187503e-11,1.2326033389438e-23
"3",0.136792809084135,0.147154788360194,0.0827326817045539,5.52593827440641e-09,4.09180370632974e-10,7.46833484778838e-09,2.23105986492721e-09
"4",0.234607591234082,0.302041624677888,0.498776643868269,6.00643797715723e-08,1.61428346182816e-08,7.66548288994545e-08,1.81739794148829e-22
"5",0.234711447555212,0.255614339244182,0.190760780765735,1.41197312171391e-14,1.55594395292564e-16,2.29722535321142e-14,9.20764683962166e-185
