"","glmGamPoi (Pb)","edgeR (Pb)","limma (Pb)","glmGamPoi (cell)","Nebula","Devil (base)","Devil (mixed)"
"1",0.0166484039303287,0.0479627932934812,0.0092886301816421,8.93950171000269e-12,9.9042873344126e-14,7.7460378817285e-12,2.05115060861628e-85
"2",0.145987332326434,0.177848233139215,0.229151050847629,2.88311532364148e-05,2.90067714968468e-05,3.30886181784908e-05,1.89538669422614e-13
"3",0.297800963247472,0.360265601474378,0.296489858423775,0.000424761482268128,0.000114113096018533,0.000436835716785098,0.00287078546567399
"4",0.173358307710934,0.221300270522328,0.058439018533544,0.00570922673803929,0.0055472764044318,0.00624806795420553,0.00099357456872311
"5",0.436821811917997,0.329559909439742,0.907224140994023,0.0650893848405077,0.0565145897919163,0.0686308793400126,0.0494727780088218
