"","glmGamPoi (Pb)","edgeR (Pb)","limma (Pb)","glmGamPoi (cell)","Nebula","Devil (base)","Devil (mixed)"
"1",0.280762400681501,0.302411052340691,0.447808046209943,1.60495291353915e-06,2.29527600664994e-06,1.75928014173504e-06,4.91332197752009e-05
"2",0.127107053201888,0.135834813847866,0.169855110450744,3.61711056860156e-08,3.19496433661168e-08,3.85800077817255e-08,4.80502294624695e-21
"3",0.433139268600109,0.472714323818989,0.484275814077795,4.12781113484236e-08,7.6705894004745e-10,3.83480826212613e-08,2.9234582458454e-50
"4",0.0497172864553972,0.048258349914981,0.0644328975899674,0.000108873969744893,0.000116467704440694,0.000116901597087773,0.00521570718084715
"5",0.431384427091695,0.451565188971395,0.566886688959273,7.3073544994072e-06,2.01494565025783e-06,7.59005432050187e-06,2.13450395680123e-13
