"","glmGamPoi (Pb)","edgeR (Pb)","limma (Pb)","glmGamPoi (cell)","Nebula","Devil (base)","Devil (mixed)"
"1",0.000239025855020951,0.0193134125023565,7.44756171618262e-05,1.08356140678655e-16,6.29119368093584e-17,1.30718962877902e-16,2.93459974136652e-08
"2",0.242123662995464,0.300654364350186,0.307999869876738,7.16602141260348e-05,2.18378365596834e-05,6.48711966275331e-05,0.000671713083911336
"3",2.2497516782411e-05,0.00137002565215487,3.96953492305643e-05,2.89849209865322e-31,1.05818567321596e-31,4.17808710608155e-31,2.13155107186785e-51
"4",0.00266047745950119,0.0170279960375865,0.005841645909577,4.26027269969848e-08,8.15623646408049e-08,4.53264487053854e-08,8.97370861638265e-09
"5",2.2773119657301e-07,0.000117349809797685,3.94466723673167e-07,1.49476685827081e-20,3.4803036008389e-21,1.92119367712226e-20,1.09018782263982e-26
