"","glmGamPoi (Pb)","edgeR (Pb)","limma (Pb)","glmGamPoi (cell)","Nebula","Devil (base)","Devil (mixed)","glmGamPoi (fixed)"
"1",0.00443149633218592,0.00943015149588988,0.00313732024716,2.04079830797471e-06,1.20345429294713e-07,2.18279148756384e-06,4.95084076088701e-11,1.35833960161663e-07
"2",0.002228954341147,0.00639621008918463,0.00827841322423992,2.55174225429822e-05,2.27895973679878e-05,2.84077311788884e-05,1.35576502072526e-12,1.13132607811029e-05
"3",0.00137030356799058,0.00868130294773018,0.00239253937849837,5.61381040911997e-08,3.97831217252781e-08,6.50458580649261e-08,1.08290424777898e-11,3.52937817665001e-08
"4",0.0224694659486581,0.0368408568347101,0.0293820293909152,1.72972418883226e-06,1.2301541451533e-06,1.84874205974892e-06,2.75298141028927e-06,3.95159934537374e-07
"5",0.0322677365951528,0.056804997674336,0.12884295347147,8.12703662672513e-05,0.000223090128930988,8.95881439960375e-05,0.0033404875181064,6.93223164534403e-05
