"","glmGamPoi (Pb)","edgeR (Pb)","limma (Pb)","glmGamPoi (cell)","Nebula","Devil (base)","Devil (mixed)","glmGamPoi (fixed)"
"1",0.0435457396270292,0.0834019036335364,0.198647638163321,1.71847351424465e-20,3.0380671170021e-19,2.10570801337734e-20,5.26350829965676e-26,8.40691249123556e-21
"2",0.074311490938628,0.108243111743445,0.122216608475497,7.09654728753004e-27,1.1152503293505e-25,7.26877830148981e-27,5.20801466859898e-29,3.56080196737873e-28
"3",0.307773720872523,0.36233565809473,0.242860605703069,5.99360134150124e-17,9.77494148448186e-24,4.47819566163644e-17,3.70222137393456e-22,4.08937888705228e-24
"4",0.000232813797247425,0.00871915380576294,0.000471561291046733,6.07509587290388e-14,1.20937636553281e-13,7.12898201421963e-14,5.43071179047161e-21,8.367273953602e-14
"5",0.0168742823434164,0.0322613132939163,0.0600067257428866,3.14373571060855e-32,2.28926832699451e-35,3.94446173805846e-32,9.3846851777476e-17,2.47962481608223e-35
