"","glmGamPoi (Pb)","edgeR (Pb)","limma (Pb)","glmGamPoi (cell)","Nebula","Devil (base)","Devil (mixed)","glmGamPoi (fixed)"
"1",0.604313291939449,0.61242845511747,0.598032730503663,0.665323654446335,0.676701273351344,0.666726050032282,0.614324544635221,0.737712252667294
"2",0.0292761492460094,0.0684233858741377,0.0432527646255366,0.000187265723661141,0.000194933504073762,0.00020984518296293,0.000176877621342767,0.00018114945961961
"3",0.0198165671235083,0.052989671248348,0.027404361883425,3.38814613985175e-05,3.03148252448628e-05,4.11153734763632e-05,0.000155477105549117,2.41698830989473e-05
"4",0.387079142402963,0.405398560730673,0.355799533158317,0.381419313479753,0.392690058897687,0.38419765157867,0.0466388985717567,0.409632155373562
"5",0.101326951165028,0.131830685103796,0.0947358272907023,0.00100776403620899,0.00108925619265583,0.00109162627504458,1.86990435835525e-05,0.00145866912150171
