"","glmGamPoi (Pb)","edgeR (Pb)","limma (Pb)","glmGamPoi (cell)","Nebula","Devil (base)","Devil (mixed)"
"1",0.000198959127436394,0.00339806240642886,0.00092963781600233,5.01429856024693e-93,1.30885047482047e-139,1.41392373068962e-93,8.50108698038091e-77
"2",0.00375185108673177,0.0204260842130887,0.00505909967982139,4.01226332754655e-07,3.62972207203332e-07,4.73439781809764e-07,4.98488938740453e-25
"3",0.0126795621855135,0.0222085613570287,0.0468115240039605,2.42786559560977e-08,7.50526980630167e-08,2.45608509794961e-08,1.83838442835521e-09
"4",0.00698397281005926,0.0186795018446028,0.0229956248079576,5.52031758238523e-17,1.80663350730651e-17,9.44238320668055e-17,5.45520785218227e-17
"5",0.0119067167936487,0.0317542329864957,0.00593329967876613,1.55586376201795e-11,9.82040133457823e-14,1.95567739998393e-11,1.0702236471276e-15
