"","glmGamPoi (Pb)","edgeR (Pb)","limma (Pb)","glmGamPoi (cell)","Nebula","Devil (base)","Devil (mixed)"
"1",0.00028354257770914,0.00978629846855129,0.000451056020203379,5.33076845725816e-21,2.91649847501568e-20,4.90860374377478e-21,1.25105748030204e-25
"2",0.00107450597673148,0.00878654249364515,0.00142415128182678,9.63363767201126e-30,1.08506272572615e-30,9.1409895395675e-30,7.18056524753679e-50
"3",0.000112846255305695,0.00381406391730742,0.000170572561791667,9.71834122408583e-20,4.44257448345912e-20,9.29236987172483e-20,2.4468622922362e-17
"4",9.54847829268652e-08,6.856874876059e-05,2.52311979333196e-07,1.11706841974216e-44,3.70590973885579e-45,4.63945250260391e-44,4.10837970720319e-62
"5",2.35808699881269e-07,8.77386173698194e-05,6.4659707070028e-07,5.31594777946716e-37,3.91076793262066e-38,1.87008140889586e-36,9.17545386207966e-40
