"","glmGamPoi (Pb)","edgeR (Pb)","limma (Pb)","glmGamPoi (cell)","Nebula","Devil (base)","Devil (mixed)"
"1",0.0206703112375148,0.0333602502413628,0.0170363053912935,9.52274845918784e-35,2.39567443013692e-35,7.30607427201324e-35,3.26221623631728e-34
"2",0.193778893651214,0.229294390597465,0.13487329566063,1.6341595084197e-09,4.96510248922589e-11,1.80558505283878e-09,3.3267459071333e-10
"3",0.484863349044887,0.520961691377275,0.127848856424534,0.0258389875611273,0.000766034603374836,0.0244104264945417,0.237930906205649
"4",0.0360006970310856,0.0797844104492879,0.04718004290531,1.12630536207089e-14,1.07482623172252e-14,1.65525444412285e-14,2.14476548521814e-99
"5",0.137638878945846,0.192354366141275,0.154063903224963,3.10266859247463e-07,5.25826758530379e-08,3.97867518756122e-07,9.37403322527072e-28
