"","glmGamPoi (Pb)","edgeR (Pb)","limma (Pb)","glmGamPoi (cell)","Nebula","Devil (base)","Devil (mixed)"
"1",0.00241022339460259,0.00956619597329639,0.00513571915866846,2.95618165931456e-05,8.50879970053591e-05,3.26780610318221e-05,3.5943394115444e-06
"2",5.88486667191609e-06,0.00851658896225365,2.25822156796611e-05,5.21919395953583e-11,1.70333505397528e-11,5.87873242431982e-11,1.01402302436228e-13
"3",0.00583744400445652,0.0094161395713973,0.00320452077232914,1.33241044805716e-05,1.27620569568187e-06,1.48261718962214e-05,0.00162776982963813
"4",2.47403727484971e-06,0.000731528454708882,1.67329318728541e-05,6.05128062014353e-36,2.04209965925857e-40,3.20119176759921e-36,4.86857329186144e-112
"5",0.000568531363792443,0.00744308418916292,0.000396169471436846,2.46516805575168e-17,7.03148354393397e-19,2.6449812346537e-17,1.60833076217657e-25
