"","glmGamPoi (Pb)","edgeR (Pb)","limma (Pb)","glmGamPoi (cell)","Nebula","Devil (base)","Devil (mixed)"
"1",0.00365842975653737,0.00728782211823181,0.00154750517805067,1.06774147976636e-12,1.76615701329338e-13,1.21305510439839e-12,2.04995813271904e-26
"2",0.0417753589674878,0.049731108316065,0.0388436531310901,0.0013852992425662,0.00172318887109308,0.00160899675908677,1.57835866829696e-05
"3",0.0121564334155639,0.0328738986373325,0.0111094057683687,6.18459789529523e-11,2.04752827840792e-11,7.92256201522752e-11,2.46697140911684e-40
"4",0.0371019915179373,0.0533369450722078,0.0540269480609117,0.00184217674575296,0.00192337681928778,0.00205007278634513,0.0580774038803194
"5",0.251677443932548,0.283971636155408,0.19509912187615,0.133547720085729,0.100361674859824,0.137036411909428,0.172950809346532
