"","glmGamPoi (Pb)","edgeR (Pb)","limma (Pb)","glmGamPoi (cell)","Nebula","Devil (base)","Devil (mixed)"
"1",0.47613744165878,0.52678392309965,0.727347536502007,0.0819847311054464,0.171959486756093,0.0836653584630882,0.0425049368632989
"2",0.772970501147644,0.809404582313002,0.204842397327252,0.0256432815731503,0.00444484386763639,0.0260942077894136,0.00869858942515989
"3",0.662662001976679,0.637333381530116,0.688482983116923,0.0254125090388484,0.0153122804404647,0.0260926451164016,1.51979492546552e-16
"4",0.22015978327171,0.268229403523079,0.230336040018182,0.00393068314966766,0.00472460587517868,0.00405496511697841,0.00103829932577134
"5",0.326435137945056,0.375138836530746,0.38970790312974,6.83711482379314e-14,6.59193415060658e-18,6.87359876982227e-14,1.24047836408083e-06
