"","glmGamPoi (Pb)","edgeR (Pb)","limma (Pb)","glmGamPoi (cell)","Nebula","Devil (base)","Devil (mixed)"
"1",0.010190145687215,0.013449504145842,0.0317168881875467,2.24269571758668e-08,7.48442267538678e-09,2.6204836247366e-08,1.17198078422126e-09
"2",0.108091984015984,0.146343636748774,0.0492388541148453,0.000703253044223196,0.000874975330386985,0.000700837203261614,0.00303724395523315
"3",0.0186786244004545,0.0311197411501181,0.0507016141274933,2.59452026829706e-12,6.28251182244864e-15,2.56008122005884e-12,2.10375829320109e-27
"4",0.00152271015402381,0.00858717329176593,0.00336080511791495,8.85838842486465e-15,1.98893316223809e-15,1.25065991904076e-14,5.31010834471178e-22
"5",0.081142966097211,0.102718898359161,0.162728666869399,0.00114189628503475,0.00583799811315399,0.00113772171461444,1.60262250204389e-07
