"","glmGamPoi (Pb)","edgeR (Pb)","limma (Pb)","glmGamPoi (cell)","Nebula","Devil (base)","Devil (mixed)"
"1",0.0420098654582188,0.0707603227900672,0.0339674988835563,2.05450144506165e-20,1.28288336045105e-22,9.9957880464499e-21,1.48752951467646e-42
"2",0.0616557020715598,0.0945333388557971,0.0591833409716796,1.37388837171943e-21,1.90051465127341e-23,5.99856217797662e-22,6.63979976069035e-18
"3",0.283941561295208,0.306436794346272,0.450106320517056,0.0101061487121518,0.0102047970144792,0.0102989793070542,1.93952158671475e-11
"4",0.144462287757394,0.144541258784159,0.207191359524618,0.0731533113807142,0.0732766762390413,0.0752908497219145,0.0279520015271016
"5",0.42523620408223,0.481169402719154,0.258245067940096,6.7218334046679e-05,4.68267100692932e-05,7.3900330208391e-05,0.000660068213216026
