"","glmGamPoi (Pb)","edgeR (Pb)","limma (Pb)","glmGamPoi (cell)","Nebula","Devil (base)","Devil (mixed)"
"1",0.112125763107218,0.0990788193753137,0.0887280063606124,0.12318716748029,0.128740834858853,0.133563589901845,0.0124702187715839
"2",0.0742418942735049,0.0796210039716818,0.0544218468202674,0.114413886063143,0.11896501010137,0.121846502448344,0.00162437036750686
"3",0.1192980577595,0.133521465628072,0.0770202027855968,0.0790539854936384,0.0830004942307669,0.0859788831925747,0.00314374835383516
"4",0.094685857249818,0.110477301622494,0.0836614124030797,0.00340388395844294,7.3346648885553e-05,0.00320805803600491,1.20469180740185e-07
"5",0.256327053550508,0.318342603425178,0.181196201023043,0.0510464660748379,0.0384323927078784,0.0573923479575543,0.148637434474722
