"","glmGamPoi (Pb)","edgeR (Pb)","limma (Pb)","glmGamPoi (cell)","Nebula","Devil (base)","Devil (mixed)"
"1",0.0253506208811031,0.0356852916197676,0.0745665646409553,1.82978409891931e-07,1.92497753993506e-07,1.80066734767303e-07,5.48904205271765e-08
"2",0.530328029130336,0.637684470602244,0.480864103584274,0.000782414430925628,0.00151823327393032,0.000856631470163552,0.000177573189301408
"3",0.799243946755133,0.593352267680566,0.9012804140492,0.0481010859009935,0.024695616647985,0.0475281588872191,2.45798361639041e-21
"4",0.000634665956498209,0.0230922156328221,0.00120965376214568,6.37464076993928e-34,3.12264738659985e-36,1.08405070177623e-33,3.99924136467776e-57
"5",0.0128876762817349,0.0399297472863618,0.0229427181053204,2.28318819002472e-09,9.41112169298617e-10,3.0412895223352e-09,4.28990365467203e-15
