"","glmGamPoi (Pb)","edgeR (Pb)","limma (Pb)","glmGamPoi (cell)","Nebula","Devil (base)","Devil (mixed)"
"1",0.00611233915372228,0.0198144529941768,0.0155550448675294,4.18063059425810e-12,9.4587506501271e-12,4.62976006210237e-12,8.23210725676087e-07
"2",0.000177722587390094,0.00411202217868853,8.47015024349588e-05,5.17272673754767e-101,3.11791634086439e-103,6.22209747597424e-101,2.72568817705082e-142
"3",0.00108117336075016,0.00525239937259369,0.00398768848125249,6.41640026728883e-28,3.95233092754978e-29,6.97960564308008e-28,8.27987011690871e-28
"4",0.0156211646680835,0.0445450953202865,0.0111974298288815,4.38901924118983e-09,4.07437569909338e-09,4.94956483081076e-09,2.81807388811966e-07
"5",0.00170685802799763,0.00834220591255397,0.00341933938778218,2.16349242161741e-36,2.2384436910705e-36,3.74679722541677e-36,2.26424069623723e-34
