"","glmGamPoi (Pb)","edgeR (Pb)","limma (Pb)","glmGamPoi (cell)","Nebula","Devil (base)","Devil (mixed)"
"1",2.37618940861081e-08,0.000183689824013462,3.72970094701088e-09,2.48106460316158e-90,2.69355899368251e-101,3.37063724412112e-91,3.0295355276923e-177
"2",0.000150042917934371,0.00522158350598627,0.000192136005394277,2.8000476724304e-59,2.43410533423102e-104,1.25391530404149e-59,1.1771953556592e-227
"3",0.284038964687642,0.245234798437652,0.474884443824847,2.653742694291e-05,1.87716220479286e-05,2.57366363033349e-05,1.89870259160829e-16
"4",0.135376185843804,0.170337983416274,0.293803523568033,0.0721331238058343,0.0823432693893986,0.0712497111763585,0.0253364640661298
"5",0.0020251241940537,0.0178171530281253,0.00190601608383712,9.03126780616236e-19,1.2994992211489e-19,1.14508655815774e-18,4.7954834233335e-12
