"","glmGamPoi (Pb)","edgeR (Pb)","limma (Pb)","glmGamPoi (cell)","Nebula","Devil (base)","Devil (mixed)"
"1",0.00302507954358583,0.0142814214553017,0.00549650378359914,3.89373637254756e-11,4.42378833755746e-11,4.27122033410114e-11,9.81084052245564e-12
"2",2.5776284695132e-06,0.00046952782952622,7.23031177701858e-06,1.6092844040292e-170,7.63697140001028e-232,4.30393890970837e-171,1.19416084030802e-247
"3",0.000264396384398253,0.0027267447242519,0.00100530568718493,1.2861078605765e-22,8.60382657795372e-23,1.64106458540184e-22,3.731982707799e-25
"4",0.0264256879366439,0.0598882389222913,0.0311505533387978,4.74966987692404e-35,8.23508822619447e-41,4.99434522257011e-35,3.03194645155611e-47
"5",7.44176683924188e-08,6.31489778321464e-05,6.40165879922343e-08,4.57439101804205e-41,9.370435809492e-42,8.08302852002075e-41,1.13012864651693e-86
