"","glmGamPoi (Pb)","edgeR (Pb)","limma (Pb)","glmGamPoi (cell)","Nebula","Devil (base)","Devil (mixed)"
"1",0.0200760103018829,0.0555396295123742,0.0361116722817035,0.000120869101260287,0.0002428945348896,0.000126681238562162,1.0140220364431e-05
"2",0.0222712120720903,0.0339737451976927,0.0436747114475573,7.65531711217247e-07,3.29236242506137e-06,7.4690094434447e-07,1.98653526654038e-09
"3",0.47715213649225,0.435264965417927,0.248038729132447,0.00659979097949826,9.35765180317754e-07,0.00653513155090433,8.72259726062283e-07
"4",0.0065685509477055,0.0250742891622565,0.00697915166657036,1.43829833907926e-09,4.5727785289278e-10,1.63264389111047e-09,3.49364344647673e-10
"5",0.00634931383344086,0.0191170524419563,0.0281713900162503,5.77827804135352e-17,2.51368051752861e-17,5.31244500897601e-17,6.78643670844252e-15
