"","glmGamPoi (Pb)","edgeR (Pb)","limma (Pb)","glmGamPoi (cell)","Nebula","Devil (base)","Devil (mixed)"
"1",0.00469866613566709,0.012186820549375,0.000877344336132796,1.00709893722852e-10,1.37262130012007e-10,1.44449123724016e-10,1.53022111172297e-19
"2",2.27293016424237e-05,0.00170689708329117,3.64643083317991e-05,8.11729450385401e-11,6.46226275628321e-11,1.18863401493853e-10,4.91217064280733e-12
"3",0.00159865130404205,0.00793762019054787,0.0027080737655104,2.77373689096146e-18,2.53308273409937e-19,3.70097857357378e-18,2.2219634272576e-16
"4",0.00319923833073232,0.0105192025112813,0.00759775366185579,4.89490563343476e-06,3.26907869983494e-06,4.84333562145373e-06,1.3920759942702e-05
"5",0.114823646659851,0.173016922614953,0.0682194371770365,7.75118533585526e-07,3.37475647490033e-06,7.1260910241144e-07,2.43364299555496e-08
