"","glmGamPoi (Pb)","edgeR (Pb)","limma (Pb)","glmGamPoi (cell)","Nebula","Devil (base)","Devil (mixed)","glmGamPoi (fixed)"
"1",0.0101901456734885,0.013449504145842,0.0317168881875456,2.2426957157062e-08,7.48442267538678e-09,2.43477791642506e-08,1.0557729993936e-09,4.34146137436783e-09
"2",0.108091983968561,0.146343636748774,0.0492388541148491,0.00070325304398837,0.000874975330386985,0.000720173807774519,0.00309577300799262,0.00145707160213457
"3",0.0186786243831909,0.0311197411501181,0.0507016141274959,2.59452026320965e-12,6.28251182244864e-15,2.50814613486938e-12,2.06583199858276e-27,1.66961993317648e-14
"4",0.00152271015869088,0.00858717329176593,0.00336080511791498,8.85838842034324e-15,1.98893316223809e-15,1.07126535544837e-14,4.43396366906573e-22,3.2500099422476e-15
"5",0.0811429660524136,0.102718898359161,0.1627286668694,0.00114189628459799,0.00583799811315399,0.00115741616860126,1.67071003459171e-07,0.00314127804540724
