"","glmGamPoi (Pb)","edgeR (Pb)","limma (Pb)","glmGamPoi (cell)","Nebula","Devil (base)","Devil (mixed)","glmGamPoi (fixed)"
"1",0.00425302412926731,0.00828316600763928,0.00728035693934207,0.00124959078090728,0.00148111435816202,0.00165965474399579,2.90404364553259e-21,NA
"2",0.232054110373721,0.222069909439573,0.701809728364668,0.0649508684152058,0.0660474173721433,0.0717481476316192,0.0633028842977109,NA
"3",0.727240439424881,0.775258710207899,0.703047681599938,0.474638231265727,0.46439772793301,0.480749206097022,0.240140924570292,NA
"4",0.542405216863605,0.556008314191775,0.643674890439138,0.447248032502051,0.450322880953396,0.45275498121801,0.297819440500593,NA
"5",0.417785554995596,0.454821547029644,0.565964241246249,0.180909636969486,0.186965724179511,0.190272169975294,0.340075608533994,NA
