"","glmGamPoi (Pb)","edgeR (Pb)","limma (Pb)","glmGamPoi (cell)","Nebula","Devil (base)","Devil (mixed)"
"1",0.604313291939454,0.61242845511747,0.598032730503672,0.665323654535415,0.676701273351344,0.669927571511654,0.617116659668246
"2",0.0292761492460106,0.0684233858741377,0.0432527646255363,0.000187265724891394,0.000194933504073762,0.000219175779135807,0.000185432811725243
"3",0.0198165671235089,0.0529896712483479,0.027404361883425,3.38814615834332e-05,3.03148252448628e-05,4.40316664865526e-05,0.000170161665972304
"4",0.387079142402966,0.405398560730673,0.35579953315832,0.381419313663925,0.392690058897687,0.388949554391022,0.0481668971862968
"5",0.101326951165033,0.131830685103796,0.0947358272907037,0.00100776404257721,0.00108925619265583,0.00112538883617098,1.81138968848108e-05
