"","glmGamPoi (Pb)","edgeR (Pb)","limma (Pb)","glmGamPoi (cell)","Nebula","Devil (base)","Devil (mixed)"
"1",0.101177211955862,0.143537858594708,0.21991986206994,1.20247822411425e-12,4.02516869095271e-19,1.18641775126685e-12,5.64270947077413e-19
"2",0.0124437887791752,0.0424222336898981,0.00954699364382675,4.17271965695389e-05,1.82236181515563e-05,4.39539862414915e-05,1.14533428536631e-05
"3",0.0773419643711111,0.111418078416736,0.274669430085215,3.00895689266553e-15,6.23864885521395e-24,2.98233563307952e-15,2.20054304070483e-41
"4",6.67510869512591e-05,0.00504970741343229,0.000701932379502119,1.72453588800485e-12,2.32405053798255e-12,2.21819574618989e-12,2.90780572342447e-08
"5",0.00604793302927513,0.0362793030695964,0.00446954051230264,1.41103597925364e-06,6.11053106086902e-07,1.53453333740197e-06,7.43978814179231e-10
