"","glmGamPoi (Pb)","edgeR (Pb)","limma (Pb)","glmGamPoi (cell)","Nebula","Devil (base)","Devil (mixed)"
"1",0.506533820526428,0.525335368355138,0.486030078542717,0.0169154395996069,0.00258998930608043,0.0174681519462403,0.0257990356720382
"2",0.452157525147048,0.564960325742572,0.248936356839201,0.00298738685184541,0.00117635396869496,0.00316315550663519,0.0237852089028331
"3",0.435425065530664,0.448248527496424,0.397785389573871,0.0141007263614496,0.0139486144883187,0.014260541886744,1.82657082163113e-25
"4",0.134377475606165,0.115656343785164,0.153936631975742,0.00637277691713598,0.00719719304138074,0.00662568497410377,0.0092713167847329
"5",0.295718346376116,0.260304963368201,0.324727373570355,0.372478394024662,0.279215845434898,0.373899026072845,0.138906619289194
