"","glmGamPoi (Pb)","edgeR (Pb)","limma (Pb)","glmGamPoi (cell)","Nebula","Devil (base)","Devil (mixed)"
"1",0.0950217897744667,0.134096286100448,0.0775815801953004,1.19450384833795e-06,2.92343602467371e-08,1.34298270173238e-06,4.27830417457901e-10
"2",0.0116179013945211,0.0370817618859574,0.0276173405998818,9.53998737987209e-15,3.88906320288618e-15,1.46913691222758e-14,6.26508764216156e-31
"3",0.00337699626113526,0.0103640342623738,0.00576299656452184,1.55837003082183e-21,5.17548894748201e-23,1.95329099999609e-21,1.15500685342802e-42
"4",0.0261706773910123,0.0539037407203972,0.068896731465809,2.86965794895659e-07,1.26955609711886e-06,3.27862111489998e-07,4.42089158915515e-12
"5",0.00985808018930127,0.0112831026721965,0.00935219015517844,3.86280446150351e-05,0.000153341142575861,3.95977924682417e-05,4.48494653003757e-08
