"","glmGamPoi (Pb)","edgeR (Pb)","limma (Pb)","glmGamPoi (cell)","Nebula","Devil (base)","Devil (mixed)"
"1",0.00437734140570918,0.0297835297563924,0.00740285793007648,0.00112532109205169,0.00125393411228409,0.00120910179670394,0.000116090919032101
"2",0.0125501049666918,0.0469785848686278,0.00462209243023829,7.8388580639648e-07,9.52981249318631e-07,9.4749583551057e-07,1.4698543102089e-06
"3",0.00828259224553038,0.0258466232152776,0.0303102473916041,1.71296304524255e-05,4.6893229417904e-05,2.01615028595389e-05,1.54241078724106e-05
"4",0.00157499482028506,0.00733117927702042,0.000572088221066768,1.9494525073483e-14,5.84034924187076e-18,2.31247299307065e-14,2.01972431173599e-22
"5",0.0183698947339934,0.0415493327220183,0.0624084453880959,0.00932237661717975,0.0160090328447596,0.00997199268095442,0.00284046135670869
