"","glmGamPoi (Pb)","edgeR (Pb)","limma (Pb)","glmGamPoi (cell)","Nebula","Devil (base)","Devil (mixed)","glmGamPoi (fixed)"
"1",0.000223561791938343,0.0124603945000537,0.00402705174269231,4.10955620915821e-05,4.365107580209e-05,4.52507572735369e-05,4.01538969319821e-09,4.6148065293888e-05
"2",0.0686297318658421,0.0914678584693462,0.260767080941814,2.27737112159109e-14,1.00907009710956e-13,2.64160808538135e-14,5.03599093891523e-31,6.60705474302946e-14
"3",0.0125012350765285,0.0192072663606011,0.00765406600037638,8.41169705514379e-18,4.46170915138771e-21,1.02453137618387e-17,2.42370822899265e-39,2.1406152474044e-21
"4",0.0254744927587416,0.0427074940033174,0.0817218772698038,1.84168688249138e-15,6.41822830621345e-15,2.42729414084761e-15,1.63738916016769e-19,5.58677362292902e-15
"5",0.0146063933814162,0.0283584144995382,0.0178519921215282,1.15351253571661e-36,3.62229446294045e-42,1.29699395627795e-36,5.60576700360965e-40,5.77190312482483e-41
