"","glmGamPoi (Pb)","edgeR (Pb)","limma (Pb)","glmGamPoi (cell)","Nebula","Devil (base)","Devil (mixed)"
"1",0.907021923853207,0.914082934860279,0.975933958860858,0.95826049227198,0.820057385771504,0.95833140516587,0.957346234326313
"2",0.0728828982537105,0.108508453453283,0.0690613467464961,0.00368375512131937,0.00370420881985902,0.00379379152683998,1.28304808048006e-61
"3",0.506272001397062,0.540281981676433,0.430718667089541,0.0519793025394209,0.0486505810869128,0.0526081551548832,0.00452091186478406
"4",0.427434435107161,0.498199369301038,0.254458569838503,0.010095882587408,0.0101305449899645,0.0103371356357328,0.00297799978498266
"5",0.176444061673078,0.204494397850163,0.112108160978893,0.00507768912592669,0.00424929626235905,0.00541245352848927,3.63292775046375e-11
