"","glmGamPoi (Pb)","edgeR (Pb)","limma (Pb)","glmGamPoi (cell)","Nebula","Devil (base)","Devil (mixed)"
"1",9.95564584595894e-05,0.00296445345326613,8.82538941145204e-05,1.87557011879468e-62,5.91250462745713e-70,1.16264235702938e-62,3.42065618830547e-99
"2",0.00449430405244116,0.0187193333069469,0.00972077082279926,4.29257754710884e-21,8.30474268746251e-21,3.892110372197e-21,4.72142932506896e-27
"3",0.20361178629017,0.245866929182089,0.182568553160173,5.2692022006495e-07,7.30957315025727e-08,4.06123463400581e-07,2.45752120521329e-12
"4",6.27083254930795e-06,0.00136568079719374,7.72665014102019e-06,5.12348224502955e-35,2.4432245674455e-35,1.0068957129732e-34,6.02348814295646e-54
"5",1.67091055008199e-06,0.00036897496274283,1.99979499732425e-06,1.43872405835344e-47,2.06440612631021e-48,7.50129277210557e-47,4.97165655216503e-68
