"","glmGamPoi (Pb)","edgeR (Pb)","limma (Pb)","glmGamPoi (cell)","Nebula","Devil (base)","Devil (mixed)","glmGamPoi (fixed)"
"1",0.20433136415659,0.20761844647453,0.168862799502473,0.0719239958794228,0.066601073535989,0.0746226541000335,8.62024499995843e-07,0.0680677362636426
"2",0.430465751028044,0.411822924638073,0.753308695275596,1.22407192507128e-11,3.33580672405208e-12,1.73163918289341e-11,6.17525694465132e-24,2.34843976741926e-12
"3",0.136792809083973,0.147154788360194,0.0827326817045549,5.5259378841739e-09,4.09180370632974e-10,7.15821125066431e-09,2.4478468801428e-09,5.11695746620191e-10
"4",0.234607591233992,0.302041624677888,0.498776643868249,6.00643779231456e-08,1.61428346182816e-08,7.18643031607261e-08,3.33313164014065e-22,1.55094804756575e-08
"5",0.234711447555007,0.255614339244182,0.190760780765733,1.41197283418029e-14,1.55594395292564e-16,2.27243442242598e-14,2.22098953181929e-185,1.6206957992071e-16
