"","glmGamPoi (Pb)","edgeR (Pb)","limma (Pb)","glmGamPoi (cell)","Nebula","Devil (base)","Devil (mixed)"
"1",0.000230268250856517,0.00533501098833771,0.000789846756476538,1.91753265656342e-27,1.39690263832997e-28,2.5855298521774e-27,5.24151217301884e-21
"2",0.00240573335910864,0.0156485305168789,0.00277673890589287,5.38892350603863e-128,4.21478398503112e-142,2.96891604210206e-128,1.1250720140642e-105
"3",1.83367837516014e-05,0.00174890729038821,1.31327713424958e-05,3.22646487046996e-316,0,1.58967498998875e-317,0
"4",0.00161510710951054,0.0135236644106611,0.00101536826113195,1.70333946285331e-15,2.02930727902547e-15,1.94596891672917e-15,1.01840515597994e-38
"5",0.0190729764901759,0.0334925564168167,0.030260648292425,9.52366146900557e-20,6.24761142261627e-18,1.19182061517891e-19,4.49762831557255e-16
