"","glmGamPoi (Pb)","edgeR (Pb)","limma (Pb)","glmGamPoi (cell)","Nebula","Devil (base)","Devil (mixed)"
"1",0.0696171478669911,0.125448612338495,0.0676356249090757,0.000120460428289612,0.000120241940519899,0.000145311520626813,0.000891072214951586
"2",0.226865728493863,0.297350054645305,0.163442250884312,0.00314606931640515,0.00385776714837936,0.00350844180474806,3.64704608534892e-54
"3",0.00692953373527595,0.0302326737681643,0.00594364551710845,5.57000037563013e-09,5.37277685233185e-09,7.12245159680132e-09,5.12748199762134e-61
"4",0.135104806955747,0.139696684810403,0.120975699181771,0.00417617659296389,0.00255979788439308,0.00468355431034439,1.32425687965492e-28
"5",0.324938834166556,0.338162018306224,0.202684050815636,0.162110462652325,0.157066880012307,0.162522772081221,0.023368058226828
