"","glmGamPoi (Pb)","edgeR (Pb)","limma (Pb)","glmGamPoi (cell)","Nebula","Devil (base)","Devil (mixed)","glmGamPoi (fixed)"
"1",0.0501918328839282,0.0594344537452078,0.0402210996771801,0.0249784015902876,0.0225092627398845,0.0275198697602162,0.000454739015037179,0.0147425147815729
"2",0.0195257963952338,0.0316668544157554,0.006304446580066,8.39870977133678e-09,3.71622334607254e-09,5.15667149829478e-09,6.79794432029598e-37,1.41037370059201e-08
"3",0.316725075226948,0.253882958197565,0.578799194413773,0.0807451082930053,0.135183000336161,0.0847289644402756,0.0954281686299456,0.140400008350154
"4",0.464908702699834,0.555920091438149,0.502909069482024,0.365164305879915,0.367897780359881,0.373091487202815,0.390020875609279,0.410895446253362
"5",0.0720176821403977,0.105590227486354,0.104005870061561,0.0618609520080132,0.0648771263731882,0.0662615084310641,0.0504018416470157,0.0539729282017675
