"","glmGamPoi (Pb)","edgeR (Pb)","limma (Pb)","glmGamPoi (cell)","Nebula","Devil (base)","Devil (mixed)"
"1",0.371238195648235,0.41396364921066,0.599816617079672,1.66096858275017e-07,2.52724369174659e-17,1.52107725179625e-07,2.95083391599538e-18
"2",0.0367617503286194,0.0483041569625933,0.0700257076382393,4.75556662653391e-09,2.09378470090643e-09,5.54132088154649e-09,5.05968634671645e-10
"3",0.178741716362394,0.198930443324147,0.366449595328675,2.18314269514507e-06,3.49746856890345e-08,2.17649675774095e-06,2.89604432083193e-09
"4",0.00104550325677869,0.0084047849707157,0.00156905607252699,2.08608583843258e-30,5.83170556713929e-34,3.11628858741922e-30,4.31378454332283e-49
"5",0.000555409547189797,0.00339011497607343,0.00105963294944504,3.46948232509647e-14,7.99855682250403e-16,5.03429093022667e-14,6.15967713087417e-35
