"","glmGamPoi (Pb)","edgeR (Pb)","limma (Pb)","glmGamPoi (cell)","Nebula","Devil (base)","Devil (mixed)"
"1",0.392203115642431,0.386729601174708,0.77060907306567,0.174486452756286,0.467195046238976,0.175903532775228,0.242599296241694
"2",6.39127248536115e-05,0.00100228810624664,0.000102718532712393,1.98845077629823e-10,5.3018460476107e-11,2.71202604116692e-10,5.61828820328503e-14
"3",0.00772110983116251,0.017428180776132,0.0421806768427663,0.000209794023511744,0.000385814068716608,0.000236706779189066,5.95919578503996e-05
"4",2.45823251258456e-07,0.000494627521178852,9.92818007010119e-07,2.6097297599728e-21,1.24775434312384e-23,2.50981574295898e-21,1.68218326022361e-19
"5",0.162289653987573,0.212232090955739,0.35176867234407,3.24738074501413e-07,1.00390767696635e-07,3.71620635221514e-07,1.86829771933934e-06
