"","glmGamPoi (Pb)","edgeR (Pb)","limma (Pb)","glmGamPoi (cell)","Nebula","Devil (base)","Devil (mixed)"
"1",0.00199082091776008,0.0205525985224985,0.00295943848964984,0.000101278791492936,9.79271317293968e-05,0.00010838676732775,0.00172847710784657
"2",0.000195462501534235,0.00271919766102511,0.000706334322164666,2.70999078516158e-08,4.4325387965501e-08,3.2980028943234e-08,1.07039870472311e-09
"3",0.00338638757355162,0.0111478579959952,0.00268398610142223,5.7150079171114e-05,9.29336937105691e-05,6.4420659513695e-05,0.00209507784149046
"4",3.37342297427282e-05,0.000116848067466528,9.95711151950431e-06,1.28876170439145e-13,1.17286731375428e-13,1.40206233345141e-13,1.85236270529131e-32
"5",1.78730628420357e-05,0.00018686536573611,2.91865467697624e-05,1.02485385061004e-09,9.65885344504915e-10,1.27469248761513e-09,4.25631120959969e-20
