"","glmGamPoi (Pb)","edgeR (Pb)","limma (Pb)","glmGamPoi (cell)","Nebula","Devil (base)","Devil (mixed)","glmGamPoi (fixed)"
"1",0.515478113236539,0.542777355579888,0.854424928492832,0.0977109076159428,0.101338449826897,0.103843425552563,1.19006368007638e-06,0.0947377103651269
"2",0.222547185901685,0.250247949888838,0.134313556306878,0.000540224056985363,0.000627879875321553,0.000629521584594908,0.000428394643902002,0.000420997094636402
"3",0.280463736401048,0.277504250691396,0.202356286504444,0.027706941219362,0.0292713290726281,0.0304535848525027,0.00563712107789454,0.0261950388124623
"4",0.0246029267442029,0.0291682219648333,0.0144329312085949,1.18669209908936e-07,8.80082978077611e-08,1.39999195434112e-07,7.15607862869255e-18,1.04068024836398e-07
"5",0.590996501150364,0.561392629816877,0.621155268717587,0.133263815458691,0.101432132609794,0.141836407738094,1.1200599319479e-07,0.0769784790369452
