"","glmGamPoi (Pb)","edgeR (Pb)","limma (Pb)","glmGamPoi (cell)","Nebula","Devil (base)","Devil (mixed)"
"1",0.000101330084065904,0.00316377931025794,0.000841413443263897,3.07170992986531e-22,5.88578488158997e-22,3.63423543720889e-22,3.56908853776328e-23
"2",3.91414566079599e-05,0.00200024137125362,7.65614355935567e-05,9.55301776208549e-91,5.88953162249067e-105,1.39188231774932e-90,1.82530776408321e-85
"3",0.00255164369780559,0.0123193709048985,0.0052604731993019,5.46289891790135e-68,1.64137789048761e-76,3.33706566723352e-68,3.60639655336821e-128
"4",0.0384229140313631,0.070000643810889,0.0356168721947217,6.48523723454253e-21,1.66086232844755e-22,2.94195819282962e-21,9.50798313882594e-08
"5",0.0321740870859291,0.0593380632415138,0.0266156006939419,4.36663166011049e-08,2.23754980653843e-08,4.05410755835532e-08,1.85937929655906e-11
