"","glmGamPoi (Pb)","edgeR (Pb)","limma (Pb)","glmGamPoi (cell)","Nebula","Devil (base)","Devil (mixed)"
"1",0.167440669088178,0.214799404405611,0.147444661542595,3.40090638847697e-213,6.98542012378422e-309,2.02478054536016e-214,0
"2",0.155410830751603,0.158088425981415,0.154841880939542,1.06107896924017e-14,2.22696967942273e-14,1.4410288059843e-14,6.66576769639114e-35
"3",0.302385153640442,0.312220656669602,0.330224981752471,1.01037767687856e-15,3.03697353543685e-17,1.2346846654599e-15,1.40978652066319e-24
"4",0.400555407960277,0.4486280633237,0.529226509142948,1.42269420414207e-17,7.31263258357127e-19,1.66590029981478e-17,3.26133006141191e-35
"5",0.254462099910033,0.292333839121681,0.273303446422194,2.49173277819145e-37,9.69105957956861e-39,5.01778626395231e-37,1.01587779329346e-60
