"","glmGamPoi (Pb)","edgeR (Pb)","limma (Pb)","glmGamPoi (cell)","Nebula","Devil (base)","Devil (mixed)"
"1",0.024522371165181,0.0552969107267137,0.0253259147237598,2.80092013182762e-19,2.55514647464019e-20,3.72804268633822e-19,2.35186774986501e-62
"2",0.00624800211579896,0.0114430230029315,0.00505743540465673,7.23911898380621e-06,7.33825199940579e-06,8.59669404109035e-06,1.14013502302075e-24
"3",0.0315983056761688,0.103958921881252,0.0244039262057306,0.000676296950328097,0.000677850147760557,0.000754534429292641,7.93151329657101e-06
"4",0.165332766176625,0.22501820204529,0.161424232179679,0.00755502530044377,0.00401388220960277,0.00799256960266046,1.77452388533436e-08
"5",0.0493625437803547,0.0845426738865691,0.0187389575209568,7.52763426232096e-05,7.64524565590343e-05,8.29349842844777e-05,0.00111861507152621
