"","glmGamPoi (Pb)","edgeR (Pb)","limma (Pb)","glmGamPoi (cell)","Nebula","Devil (base)","Devil (mixed)"
"1",0.561133967812746,0.626378320553563,0.542687609739576,1.72085434296546e-12,1.51615699978105e-37,1.50942723193956e-12,3.64745343308993e-13
"2",0.060704845023139,0.118228649888705,0.0623561708778262,5.39044904937965e-09,9.32759326259692e-10,6.51363457703315e-09,1.55783170248124e-25
"3",0.267675051959069,0.320321639342564,0.229081415145661,1.5531659320121e-11,1.70414103945404e-12,1.56615170707912e-11,2.65428952678827e-20
"4",0.0997831003282333,0.147239383569873,0.136321242728987,1.37860854076354e-50,1.58460763703662e-51,3.65653316021899e-50,8.60735754019545e-43
"5",0.000364919804990339,0.00345696089859157,0.000828524017328184,1.43171577739203e-20,2.29242521243523e-21,2.91045254363294e-20,2.51305118260292e-36
