"","glmGamPoi (Pb)","edgeR (Pb)","limma (Pb)","glmGamPoi (cell)","Nebula","Devil (base)","Devil (mixed)"
"1",0.371238195333113,0.41396364921066,0.599816617079674,1.66096858512509e-07,2.52724369174659e-17,1.51953904781441e-07,2.93899483472188e-18
"2",0.0367617502365749,0.0483041569625933,0.0700257076382404,4.75556662864411e-09,2.09378470090643e-09,5.11326715846675e-09,4.52871581790836e-10
"3",0.178741716101701,0.198930443324147,0.366449595328677,2.1831426964224e-06,3.49746856890345e-08,2.2269689284712e-06,2.98585631776791e-09
"4",0.00104550325763707,0.0084047849707157,0.00156905607252693,2.08608583994966e-30,5.83170556713929e-34,2.61616579997471e-30,2.97328855551056e-49
"5",0.00055540816476131,0.00339011497607343,0.00105963294944503,3.46948232683276e-14,7.99855682250403e-16,4.33209631084316e-14,4.77979507670721e-35
