"","glmGamPoi (Pb)","edgeR (Pb)","limma (Pb)","glmGamPoi (cell)","Nebula","Devil (base)","Devil (mixed)","glmGamPoi (fixed)"
"1",2.37618964407124e-08,0.000183689824013462,3.72970094701085e-09,2.4810649801259e-90,2.69355899368251e-101,3.3967547349756e-91,3.20502667114103e-177,NA
"2",0.000150042907327243,0.00522158350598627,0.000192136005394276,2.8000476038545e-59,2.43410533423102e-104,1.25486565383479e-59,1.18756459242248e-227,NA
"3",0.284038960267589,0.245234798437652,0.474884443824846,2.65374265401413e-05,1.87716220479286e-05,2.61339907175923e-05,1.99324246602092e-16,NA
"4",0.135376185066411,0.170337983416274,0.293803523568033,0.0721331236909456,0.0823432693893986,0.0726224635540178,0.0259395955971533,NA
"5",0.0020251244773886,0.0178171530281253,0.00190601608383717,9.03126764171041e-19,1.2994992211489e-19,1.00750674501713e-18,4.28536748278674e-12,NA
