"","glmGamPoi (Pb)","edgeR (Pb)","limma (Pb)","glmGamPoi (cell)","Nebula","Devil (base)","Devil (mixed)","glmGamPoi (fixed)"
"1",0.311942185522421,0.360591792415448,0.466914651003592,1.13566789670082e-23,3.75324954699348e-28,1.4067687580755e-23,4.09096861007704e-20,NA
"2",0.0691529254335469,0.0794751121992872,0.048640588387129,1.71743782762691e-79,4.90580764707221e-90,1.94504690509352e-79,1.72825123264554e-106,NA
"3",0.125104482522856,0.190867756345042,0.174475230468435,2.15875330416866e-30,6.20362199296242e-35,2.17694819718325e-30,7.19814837404769e-90,NA
"4",0.238253853739642,0.28396082427249,0.235807287434389,1.42116443906958e-23,6.92078443351457e-29,1.49714096612049e-23,9.50349693831639e-08,NA
"5",0.0273566422098835,0.0400539436422406,0.0237545698582873,2.4940405211238e-18,3.49321334237183e-18,3.47602185347897e-18,3.62597920799798e-10,NA
