"","glmGamPoi (Pb)","edgeR (Pb)","limma (Pb)","glmGamPoi (cell)","Nebula","Devil (base)","Devil (mixed)","glmGamPoi (fixed)"
"1",0.0206703112375145,0.0333602502413628,0.0170363053912937,9.52274947250693e-35,2.39567443013692e-35,7.01931758057284e-35,2.87440294033262e-34,2.76703287854845e-34
"2",0.193778893651213,0.229294390597465,0.134873295660629,1.63415955166317e-09,4.96510248922589e-11,1.70346930262279e-09,3.02299797120685e-10,1.54856197134906e-10
"3",0.484863349044885,0.520961691377275,0.127848856424532,0.0258389877777705,0.000766034603374836,0.0244025637458901,0.23790139471776,0.0132752346712953
"4",0.0360006970310851,0.0797844104492879,0.0471800429053102,1.12630539601061e-14,1.07482623172252e-14,1.37113328502239e-14,2.90858776225216e-101,1.48517842865858e-14
"5",0.137638878945845,0.192354366141275,0.15406390322496,3.1026686227565e-07,5.25826758530379e-08,3.46322983208584e-07,1.03653205710685e-28,4.59018362268243e-08
