"","glmGamPoi (Pb)","edgeR (Pb)","limma (Pb)","glmGamPoi (cell)","Nebula","Devil (base)","Devil (mixed)","glmGamPoi (fixed)"
"1",0.0994678367262224,0.128125476300908,0.0936635603370685,0.0266434987213107,0.0161186659559064,0.0296975642725007,3.10039157076334e-07,NA
"2",0.14096217792891,0.211467501706784,0.290200712041562,0.156015687256803,0.139911965413815,0.162759793234073,0.0321777805795525,NA
"3",0.104001262362168,0.150206805958309,0.122087898807889,0.0164669499426808,0.00640492645828168,0.0179406842613203,0.05210125184946,NA
"4",0.011202317266132,0.0209068263675254,0.00533240231918929,2.18906609494472e-07,1.46147665488602e-07,2.79496321270872e-07,3.76526061862801e-07,NA
"5",0.280732269919858,0.334313332495803,0.215141940484841,0.123521201270778,0.09581940162754,0.126161521753861,0.00854793591840201,NA
