"","glmGamPoi (Pb)","edgeR (Pb)","limma (Pb)","glmGamPoi (cell)","Nebula","Devil (base)","Devil (mixed)"
"1",0.00072228158748534,0.00958042578329759,0.000885658964044548,9.46967895477968e-12,2.4888729224131e-11,1.05294756106951e-11,4.56959531798717e-18
"2",0.00125718274547403,0.007850200067119,0.00288542108854683,6.75132030330905e-23,3.39795858069451e-22,6.58491026898971e-23,2.42458957715441e-25
"3",0.0103700991178579,0.0285291392171295,0.0418279122120454,3.61485104430251e-116,4.2969584467452e-127,3.09125462739547e-116,1.9561549716775e-162
"4",0.00662820618530985,0.0200496899482332,0.0112635574013128,2.60532119941816e-18,1.72632843372639e-17,3.08653663485568e-18,1.52184441592521e-35
"5",0.00742898204486776,0.0215666754446452,0.0828862946356389,5.54455893363564e-64,2.09507742372696e-63,2.14374441614346e-64,1.43902400297317e-30
