"","glmGamPoi (Pb)","edgeR (Pb)","limma (Pb)","glmGamPoi (cell)","Nebula","Devil (base)","Devil (mixed)","glmGamPoi (fixed)"
"1",0.0121620283500814,0.0357009114756103,0.106896880940305,8.20525015880449e-20,1.72570755391048e-22,1.0098060469618e-19,5.72094899835967e-19,3.13313542210051e-22
"2",0.000946856462310325,0.0105285261689989,0.00214063018522989,4.82936350938847e-11,1.63226148886628e-11,5.73447541791842e-11,1.14559201182901e-19,1.65388566833098e-11
"3",0.301206832852567,0.324101089484855,0.602907117235278,0.000109678471060916,4.14183519391729e-05,0.000114730906604803,0.00102385963872813,2.2535837931182e-05
"4",0.000514670146722733,0.000888913988091052,0.00441071662382475,5.74167025721767e-09,3.08297312740524e-08,7.53803754445266e-09,3.65369143402831e-09,3.53098154846253e-08
"5",0.00363342103777058,0.0265159053148838,0.007846534353139,4.3898929501973e-05,3.26298897709681e-05,4.65111587909139e-05,1.64082132244809e-09,3.39479750995558e-05
