"","glmGamPoi (Pb)","edgeR (Pb)","limma (Pb)","glmGamPoi (cell)","Nebula","Devil (base)","Devil (mixed)"
"1",0.515478113236533,0.542777355579887,0.854424928492834,0.0977109076741157,0.101338449826897,0.105054635038229,1.35962255214923e-06
"2",0.222547185901676,0.250247949888838,0.134313556306878,0.000540224057483489,0.000627879875321553,0.000652353921156671,0.000456303010843162
"3",0.280463736401047,0.277504250691396,0.202356286504443,0.0277069412460089,0.0292713290726281,0.0309121130008646,0.00581276726241314
"4",0.0246029267442023,0.0291682219648333,0.0144329312085948,1.18669210252855e-07,8.80082978077611e-08,1.41477957571552e-07,7.29218708799057e-18
"5",0.590996501150357,0.561392629816877,0.621155268717586,0.133263815532532,0.101432132609794,0.1407210277229,8.63781179347335e-08
