"","glmGamPoi (Pb)","edgeR (Pb)","limma (Pb)","glmGamPoi (cell)","Nebula","Devil (base)","Devil (mixed)"
"1",0.0260921479436039,0.0480446994298854,0.0214045207967091,2.66480481636539e-12,4.19417756298876e-12,3.53930934497313e-12,1.32028684883939e-15
"2",0.135805804456526,0.19172591571163,0.104526705963038,2.32131491474118e-05,1.95256500376559e-05,2.45243825006301e-05,3.73305060676958e-06
"3",0.0266255061343531,0.0546464018427302,0.0233826090006542,5.36370389042587e-09,3.45385812484881e-09,5.95215117870863e-09,1.39374243498251e-24
"4",0.0187253316624477,0.022355409134718,0.0155534899023217,2.61572162628788e-05,2.94228542163341e-05,2.89039153359525e-05,5.3250684256292e-21
"5",0.214221241068809,0.231997337161969,0.293445673977787,0.00210694020584563,0.00361512850585102,0.00218638733117045,0.000504132291218387
