"","glmGamPoi (Pb)","edgeR (Pb)","limma (Pb)","glmGamPoi (cell)","Nebula","Devil (base)","Devil (mixed)"
"1",0.0696171478669911,0.125448612338496,0.0676356249090767,0.000120460428056862,0.000120241940519899,0.000137492199770834,0.000822313917531564
"2",0.226865728493863,0.297350054645305,0.163442250884313,0.00314606931328297,0.00385776714837936,0.00335257789121641,7.18959588953308e-57
"3",0.006929533735276,0.0302326737681643,0.00594364551710854,5.57000033520423e-09,5.37277685233185e-09,6.91613296045907e-09,1.37595217136133e-61
"4",0.135104806955747,0.139696684810403,0.120975699181771,0.00417617659001869,0.00255979788439308,0.00450603297797053,2.28289086712127e-28
"5",0.324938834166556,0.338162018306224,0.202684050815643,0.162110462643517,0.157066880012307,0.16470746738003,0.0241161877289166
