"","glmGamPoi (Pb)","edgeR (Pb)","limma (Pb)","glmGamPoi (cell)","Nebula","Devil (base)","Devil (mixed)"
"1",0.118096126628186,0.144726603323442,0.239293552681105,0.00524798909534036,0.0072041056436867,0.00537562992619064,0.000164055149077975
"2",6.09908832902614e-05,0.00252205107275399,0.000150686281781176,1.21660514067086e-06,1.13401076173809e-06,1.35152906402981e-06,1.60020453300305e-10
"3",5.39974373965749e-06,0.000512565018928776,7.66762033658624e-06,2.64385134790867e-09,2.09434667513803e-09,3.11322007300454e-09,9.19540538810191e-14
"4",0.00077260826686122,0.00240394366949296,0.00119086019463077,8.46917336758738e-11,2.39829958249897e-10,1.03114377030788e-10,1.26553307445907e-13
"5",0.000983254750898082,0.027741637579748,0.00711787924398682,0.000312053225248382,0.000323483750340156,0.000337354102297991,2.10418388656601e-05
