"","glmGamPoi (Pb)","edgeR (Pb)","limma (Pb)","glmGamPoi (cell)","Nebula","Devil (base)","Devil (mixed)"
"1",3.89428416883142e-05,0.000841826350807545,8.69315998993871e-05,1.49551473890968e-13,8.43274628193188e-13,1.95149237643407e-13,8.93187815460684e-22
"2",0.13942845616786,0.181560752062926,0.316226511790749,0.000363749559083063,0.000900117616977524,0.000374016121391048,0.000186963171950457
"3",0.000464430758598396,0.0162519210644135,0.000479415204115066,5.87824363689263e-09,4.43958973463888e-09,6.71600366610249e-09,7.82725847580835e-09
"4",0.00161532312031026,0.0152219483603133,0.00143778238973348,8.2217904884221e-09,3.74273044880346e-09,9.07756312186218e-09,4.37384804010837e-19
"5",0.0251244099363075,0.076763691508763,0.0140902940946403,7.22247556172845e-05,5.86106010222218e-05,7.56712940496105e-05,5.6604897013985e-07
