"","glmGamPoi (Pb)","edgeR (Pb)","limma (Pb)","glmGamPoi (cell)","Nebula","Devil (base)","Devil (mixed)"
"1",0.0420098654582164,0.0707603227900674,0.0339674988835561,2.05450149231662e-20,1.28288336045105e-22,9.98087697435698e-21,1.49013488166704e-42
"2",0.0616557020715569,0.0945333388557971,0.0591833409716814,1.37388842700303e-21,1.90051465127341e-23,5.99597175731403e-22,6.64264712556323e-18
"3",0.283941561295207,0.306436794346272,0.450106320517051,0.0101061485677074,0.0102047970144792,0.0102614708329132,1.86168462140648e-11
"4",0.144462287757391,0.144541258784159,0.207191359524617,0.0731533110466814,0.0732766762390413,0.0745821013148471,0.0276434108903832
"5",0.425236204082222,0.481169402719154,0.258245067940092,6.72183331503006e-05,4.68267100692932e-05,7.65871979928983e-05,0.000693862375678282
