"","glmGamPoi (Pb)","edgeR (Pb)","limma (Pb)","glmGamPoi (cell)","Nebula","Devil (base)","Devil (mixed)"
"1",0.00437734137373892,0.0297835297563924,0.00740285793007643,0.00112532109389876,0.00125393411228409,0.00126246075874114,0.000121933873515315
"2",0.0125501049946159,0.0469785848686278,0.00462209243023852,7.83885808788296e-07,9.52981249318631e-07,1.02316945667207e-06,1.56681513073424e-06
"3",0.00828259225820516,0.0258466232152776,0.0303102473916042,1.71296305157882e-05,4.6893229417904e-05,2.11380059479478e-05,1.59750372224367e-05
"4",0.00157499482835151,0.00733117927702042,0.000572088221066808,1.94945251524063e-14,5.84034924187076e-18,2.40091660716577e-14,2.09071786071393e-22
"5",0.0183698946581947,0.0415493327220183,0.0624084453880952,0.00932237663296124,0.0160090328447596,0.00979039905276815,0.00278177209858379
