"","glmGamPoi (Pb)","edgeR (Pb)","limma (Pb)","glmGamPoi (cell)","Nebula","Devil (base)","Devil (mixed)"
"1",0.317757183980318,0.467677891803939,0.34633511869028,0.00365341840133483,0.00200833787801674,0.00365109926026918,0.0331684812413106
"2",0.0748615931092688,0.208257313902589,0.282400174517008,2.73241764207336e-06,1.11516562960102e-06,3.23081132237074e-06,1.8360672870631e-11
"3",0.0209454328610138,0.0991257738023182,0.00828499138937713,0.000220463719866899,0.000106493915030528,0.000229437147634212,3.89965701473979e-05
"4",0.0176808570661979,0.088891832491017,0.023791791459069,1.28527957738432e-05,9.42325765236974e-06,1.53187221550129e-05,1.56748615723736e-11
"5",0.128529327038623,0.163893221933364,0.20975297210669,0.000164599025504288,0.000155352186228501,0.000186676037145301,4.4504225487516e-07
