"","glmGamPoi (Pb)","edgeR (Pb)","limma (Pb)","glmGamPoi (cell)","Nebula","Devil (base)","Devil (mixed)"
"1",0.168622988493567,0.151931404722671,0.402602275422122,0.00134742608847986,0.00129740684272582,0.00140429292002708,1.26062499341072e-05
"2",0.00101119947104418,0.0128236797677347,0.00177949763608333,9.40590488631346e-07,1.44639182830957e-06,1.01853556948805e-06,3.23228876657979e-14
"3",0.0810942014081392,0.118315312016563,0.155753866875686,4.89261492540694e-06,2.23994892621851e-05,5.15642028082734e-06,1.02435354985124e-07
"4",1.51730940295427e-07,4.56323025686606e-05,1.63470200567198e-07,8.75135622122611e-27,9.82864036049509e-28,1.2022566165333e-26,2.90082557035294e-24
"5",0.00074011269534887,0.0063077178554584,0.000789535164601553,1.59628597186368e-25,6.03763167795023e-29,1.68321443657195e-25,9.10105151128659e-25
