"","glmGamPoi (Pb)","edgeR (Pb)","limma (Pb)","glmGamPoi (cell)","Nebula","Devil (base)","Devil (mixed)"
"1",0.00414905244177061,0.024284415613666,0.00776177354857083,3.65780309486167e-14,6.38052346648267e-16,4.46561345005867e-14,5.92578701508346e-22
"2",0.00176693562913837,0.00602541041562338,0.00311044530895689,9.84789829651689e-18,1.58554654012189e-18,1.5280409017329e-17,4.0313876070065e-18
"3",0.00166581813632884,0.00560177942047216,0.00225681210536954,1.96591193653819e-10,2.22284711406658e-11,2.55001930601686e-10,1.31889124214049e-09
"4",0.0620812757003953,0.0931450407287535,0.183387601529517,3.69615859513457e-09,2.94912557946422e-19,3.51456661797449e-09,4.04230710611001e-06
"5",0.000598487703487615,0.00750852401014376,0.000666581449873657,3.43998823438415e-12,5.34254997832966e-12,4.70197328388077e-12,2.17967191777211e-26
