"","glmGamPoi (Pb)","edgeR (Pb)","limma (Pb)","glmGamPoi (cell)","Nebula","Devil (base)","Devil (mixed)"
"1",0.00021820985332325,0.00394880506345034,0.000190317867523897,1.41427210989687e-172,2.98492616221834e-184,1.33200371773121e-171,2.79033729525253e-134
"2",6.70334175274953e-08,7.72902308340141e-05,2.02990012075805e-07,3.53480505361832e-31,8.7172360051028e-32,7.03515566916775e-31,1.23811591180452e-26
"3",5.08194827213851e-06,0.000726569827296214,2.89216070749074e-06,5.61615257965445e-38,2.40550195837164e-38,1.11467857463728e-37,7.72311766032139e-47
"4",0.000136833208861844,0.00264693912782487,0.000150912627538696,1.22950157218034e-28,1.05626622304381e-28,1.97661781572287e-28,2.21744413322182e-36
"5",0.00136887044204864,0.00618801917682886,0.00127755810240679,2.53973517541156e-26,2.8758972165127e-29,3.52447475442395e-26,1.04922032469607e-30
