"","glmGamPoi (Pb)","edgeR (Pb)","limma (Pb)","glmGamPoi (cell)","Nebula","Devil (base)","Devil (mixed)"
"1",0.00425302412921731,0.00828316600763928,0.00728035693934208,0.00124959079491107,0.00148111435816202,0.00163546773339348,3.20142606882795e-21
"2",0.23205411037291,0.222069909439573,0.701809728364674,0.0649508706886137,0.0660474173721433,0.0711368088253575,0.0628546829735979
"3",0.727240439424568,0.775258710207899,0.703047681599943,0.474638231435367,0.46439772793301,0.482883776463012,0.242641189036488
"4",0.54240521686317,0.556008314191775,0.643674890439136,0.447248032533643,0.450322880953396,0.456749514342385,0.301533976931695
"5",0.417785554994836,0.454821547029644,0.565964241246256,0.180909637084318,0.186965724179511,0.188148119194465,0.337382298283025
