"","glmGamPoi (Pb)","edgeR (Pb)","limma (Pb)","glmGamPoi (cell)","Nebula","Devil (base)","Devil (mixed)","glmGamPoi (fixed)"
"1",0.160852396196493,0.198094606796818,0.172179452864613,1.86846485531204e-16,1.72909189230638e-16,2.20063916615694e-16,7.79811334374666e-87,2.28591708676789e-16
"2",0.341366476644431,0.387499030198315,0.337737582478898,6.63092811041677e-23,9.31231216517427e-28,8.21847338213143e-23,3.17240903093146e-16,3.07939896058463e-27
"3",0.154107505166162,0.162709425247152,0.139856914862659,0.000106993416821893,9.02873007090952e-05,0.000115178774173002,5.90721262041423e-05,7.90657854394063e-05
"4",0.188668364155438,0.188130353331321,0.150718552451817,4.88736477486586e-13,1.18761698655323e-12,6.28840126071453e-13,3.37150537218902e-14,1.42417075803858e-12
"5",0.0891674667567944,0.121532232115905,0.0769635397569145,1.11476025937877e-15,1.13473602072901e-15,1.42806542085819e-15,9.01903372765125e-19,1.35020653176211e-15
