"","glmGamPoi (Pb)","edgeR (Pb)","limma (Pb)","glmGamPoi (cell)","Nebula","Devil (base)","Devil (mixed)"
"1",0.16085239619649,0.198094606796818,0.172179452864612,1.86846417530768e-16,1.72909189230638e-16,2.7357540743961e-16,5.2901315411643e-87
"2",0.341366476644429,0.387499030198315,0.337737582478899,6.63092233431834e-23,9.31231216517427e-28,9.71565826629969e-23,2.8731368418029e-16
"3",0.154107505166153,0.162709425247152,0.13985691486266,0.00010699340730611,9.02873007090952e-05,0.000124011872512638,6.27702614429898e-05
"4",0.188668364155434,0.188130353331321,0.150718552451817,4.8873627682197e-13,1.18761698655323e-12,7.07078326329987e-13,3.48214147666725e-14
"5",0.089167466756791,0.121532232115905,0.0769635397569136,1.11476006267528e-15,1.13473602072901e-15,1.63710605316876e-15,9.27740360193881e-19
