"","glmGamPoi (Pb)","edgeR (Pb)","limma (Pb)","glmGamPoi (cell)","Nebula","Devil (base)","Devil (mixed)"
"1",0.877315261513971,0.905850563165065,0.688165510077368,0.585551707964774,0.954165086096444,0.588436182571388,0.53943966715613
"2",0.0774271426801303,0.123129744725814,0.0789725639323152,0.00883562591259996,0.00921448451430052,0.00985257581901515,1.03037431631253e-11
"3",0.312263895976126,0.336937228042888,0.451905298012352,0.15781365522278,0.223158431011372,0.16502965231935,0.311669575366169
"4",0.0510960086071042,0.0674938425576227,0.0316253205677727,5.4418007252547e-06,3.90650211037356e-06,5.36454306272319e-06,4.38653909587885e-17
"5",0.0772339945100831,0.11178138531753,0.0774017045624659,1.06703263419899e-05,2.78944806206269e-07,1.31332145283074e-05,4.20716485408995e-243
