"","glmGamPoi (Pb)","edgeR (Pb)","limma (Pb)","glmGamPoi (cell)","Nebula","Devil (base)","Devil (mixed)"
"1",0.000407918162811965,0.0045614768050033,0.000315526433845882,1.78600933347434e-26,3.17704066308214e-27,2.55225156660639e-26,2.23224388967034e-32
"2",0.00166498973409219,0.00954051252160882,0.00245860289300825,2.64591917144799e-13,1.30248097619264e-13,3.07059442324181e-13,5.02996758457256e-20
"3",0.040122036610936,0.0709649305069681,0.0704625109020517,1.62690233958294e-15,8.93341489213084e-15,1.86139407116397e-15,1.11522657807037e-21
"4",0.00144800440428925,0.008452669526952,0.000911879183517605,6.76311791581815e-16,1.01013173974054e-15,8.63694537577075e-16,1.86957415975247e-15
"5",0.000423954308006758,0.0073646532122887,0.000826953947144245,2.41730863774045e-47,1.85822798150155e-49,3.44485797426385e-47,1.18019760670811e-71
