"","glmGamPoi (Pb)","edgeR (Pb)","limma (Pb)","glmGamPoi (cell)","Nebula","Devil (base)","Devil (mixed)"
"1",0.280762400681495,0.302411052340691,0.447808046209942,1.60495290426752e-06,2.29527600664994e-06,1.87343939381512e-06,5.4103108007951e-05
"2",0.127107053201885,0.135834813847866,0.169855110450745,3.61711052781116e-08,3.19496433661168e-08,3.68109805306365e-08,5.42032550839837e-21
"3",0.433139268600098,0.472714323818989,0.484275814077795,4.12781106939968e-08,7.6705894004745e-10,3.7438271527343e-08,3.22551930502038e-50
"4",0.0497172864553988,0.048258349914981,0.0644328975899672,0.00010887396944551,0.000116467704440694,0.000125809573456484,0.00533357426445579
"5",0.431384427091687,0.451565188971395,0.566886688959275,7.30735444877252e-06,2.01494565025783e-06,7.32788408460878e-06,1.91613064899025e-13
