"","glmGamPoi (Pb)","edgeR (Pb)","limma (Pb)","glmGamPoi (cell)","Nebula","Devil (base)","Devil (mixed)"
"1",0.139493203214279,0.145408840241641,0.158531491839433,0.00242096048199087,0.00163370368523528,0.00272698736378111,0.000975714285428497
"2",0.00105427128804656,0.00636746577925508,0.000521036259824387,3.60381992665706e-30,3.69660785488782e-36,2.56755280901457e-30,2.01403688234483e-80
"3",0.0628470817844334,0.0843613840865569,0.0588990789421694,0.000887179377949931,0.000808580188991471,0.00101788196984202,0.00476678235407202
"4",0.489900697697995,0.42452103998018,0.75154464922819,0.246123394135035,0.509898238545713,0.249976499464814,0.262717379129907
"5",0.0947176722612323,0.130893647960682,0.0628148127141066,0.0130844057673334,0.0133500759738622,0.0142489960368061,8.99853330478938e-08
