"","glmGamPoi (Pb)","edgeR (Pb)","limma (Pb)","glmGamPoi (cell)","Nebula","Devil (base)","Devil (mixed)"
"1",0.0326450817865739,0.0531589868949489,0.00928058518621898,0.00058254762250091,0.000178132904661936,0.000603723923463926,0.000278377235201135
"2",0.0188390178277714,0.0240195781551556,0.0310829399765301,1.89399823936422e-06,6.98614821822597e-08,1.89197343453679e-06,1.96976251291622e-06
"3",0.00915582489563806,0.0257302868586036,0.0141939770155569,2.84180705706075e-08,1.579590608614e-08,3.16669116683106e-08,3.73366734731975e-10
"4",0.00178985761228959,0.0057636242221627,0.00422325007643444,4.33298644125161e-07,1.60814039640908e-07,4.86041777068197e-07,1.52912400351068e-08
"5",0.000342091659764499,0.00178894215181204,0.000599330337026672,3.59657777966098e-07,2.59279434375259e-07,3.90415867369268e-07,0.000158035446422407
