"","glmGamPoi (Pb)","edgeR (Pb)","limma (Pb)","glmGamPoi (cell)","Nebula","Devil (base)","Devil (mixed)"
"1",0.00868919776120293,0.0700221580915422,0.0340597766617349,0.000667045411610855,0.000657690127660165,0.000738173507041181,0.0056699503481599
"2",0.000471037763172302,0.00808504141155665,0.00117560386396887,1.64192282303134e-08,1.72277682314123e-08,2.37047188304009e-08,6.51014625325593e-08
"3",0.0921789201303596,0.165236654839946,0.11622584565294,0.00348856308178459,0.00335750657806029,0.00379030786516575,0.000442723073292713
"4",0.168994056003071,0.106830274523259,0.196658427146536,0.00669588574663586,0.00605208518903208,0.00689175452784483,0.000315826813785947
"5",0.00433573151602523,0.0185073788080044,0.00398694106272035,5.84263411858624e-08,2.31038537962749e-08,7.58392248243812e-08,2.17097263023854e-14
