"","glmGamPoi (Pb)","edgeR (Pb)","limma (Pb)","glmGamPoi (cell)","Nebula","Devil (base)","Devil (mixed)"
"1",0.0501918328839288,0.0594344537452078,0.0402210996771801,0.0249784055815009,0.0225092627398845,0.0279890489836507,0.000471959332725287
"2",0.019525796395234,0.0316668544157555,0.00630444658006622,8.39870359546103e-09,3.71622334607254e-09,5.14458217696326e-09,6.64432862936034e-37
"3",0.316725075226948,0.253882958197565,0.578799194413772,0.0807451156604147,0.135183000336161,0.0858215235901678,0.0961539038964268
"4",0.464908702699836,0.555920091438149,0.502909069482024,0.365164299200475,0.367897780359881,0.371238532396765,0.388154213532407
"5",0.0720176821403984,0.105590227486354,0.10400587006156,0.0618609594967989,0.0648771263731882,0.0668525397868737,0.0508455301969312
