"","glmGamPoi (Pb)","edgeR (Pb)","limma (Pb)","glmGamPoi (cell)","Nebula","Devil (base)","Devil (mixed)"
"1",0.00294842368054945,0.0118555699789853,0.009198075059178,2.11341848138243e-43,1.80334312424379e-46,9.82457722277098e-44,2.29598778226463e-71
"2",1.91554164568003e-05,0.000592190652626615,2.70918172979704e-05,1.39052367571507e-34,7.73816165267846e-35,2.51076474919506e-34,1.95765604687994e-55
"3",0.000637156559902617,0.00646686743432651,0.0001488812040565,3.66230680873591e-30,1.25116151122031e-30,7.1836415706749e-30,5.25468851405143e-35
"4",0.000155087319716763,0.00257790001065045,0.000193804783205689,1.35914505530776e-36,2.11180217965532e-37,2.21723843746714e-36,8.0732645044793e-84
"5",1.44593521448164e-06,0.000613297808131223,1.68924138928624e-06,1.71288704620647e-26,2.17942960521805e-26,2.19980960319773e-26,3.89977154703845e-51
