"","glmGamPoi (Pb)","edgeR (Pb)","limma (Pb)","glmGamPoi (cell)","Nebula","Devil (base)","Devil (mixed)"
"1",0.024522371165181,0.0552969107267136,0.0253259147237586,2.80092013118674e-19,2.55514647464019e-20,3.34349292491481e-19,4.71927025685922e-62
"2",0.00624800211579895,0.0114430230029314,0.00505743540465672,7.23911898227042e-06,7.33825199940579e-06,8.06463718788679e-06,5.74167754124691e-25
"3",0.0315983056761687,0.103958921881252,0.0244039262057315,0.000676296950248329,0.000677850147760557,0.000704423713403323,6.50894764876134e-06
"4",0.165332766176625,0.22501820204529,0.161424232179679,0.00755502529984192,0.00401388220960277,0.00777788010928849,1.51522237249489e-08
"5",0.0493625437803547,0.0845426738865691,0.0187389575209566,7.52763426050112e-05,7.64524565590343e-05,7.94214318227859e-05,0.00108232025295572
