"","glmGamPoi (Pb)","edgeR (Pb)","limma (Pb)","glmGamPoi (cell)","Nebula","Devil (base)","Devil (mixed)"
"1",0.00541393035619448,0.0158933158748825,0.0186185509419613,1.03033425152075e-12,8.71275450541979e-12,1.37598085851363e-12,1.32956601078946e-22
"2",1.52547042437173e-05,0.000598787589367365,4.33687603788804e-05,7.0989328766295e-42,1.74175952410214e-52,7.61703849327015e-42,1.08036504291713e-32
"3",3.10531834752486e-06,0.00184964350254799,6.11849890558132e-06,5.16984861313767e-24,6.91954681335384e-24,7.14417957651084e-24,1.27098893219688e-17
"4",0.372142837363923,0.377651498702558,0.469156975937065,0.025584334178346,0.00497562858350549,0.0258715171848746,0.0107600173117715
"5",7.02647461422987e-06,0.00131468076731844,2.94335757415023e-05,7.3969719859632e-24,5.35978318461774e-26,1.0722140898778e-23,2.00094819757573e-31
