"","glmGamPoi (Pb)","edgeR (Pb)","limma (Pb)","glmGamPoi (cell)","Nebula","Devil (base)","Devil (mixed)","glmGamPoi (fixed)"
"1",0.00469866615847857,0.012186820549375,0.000877344336132738,1.00709893874698e-10,1.37262130012007e-10,1.27805048886223e-10,1.53824780162122e-19,NA
"2",2.27293019071273e-05,0.00170689708329117,3.64643083318005e-05,8.1172945164992e-11,6.46226275628321e-11,1.024094486052e-10,4.42676853731198e-12,NA
"3",0.00159865131686743,0.00793762019054787,0.00270807376551024,2.77373690052402e-18,2.53308273409937e-19,3.23417642020425e-18,1.89127149284201e-16,NA
"4",0.00319923834331549,0.0105192025112813,0.00759775366185597,4.89490563844185e-06,3.26907869983494e-06,5.11571521933246e-06,1.43912063266926e-05,NA
"5",0.114823646855344,0.173016922614953,0.0682194371770351,7.7511853516789e-07,3.37475647490033e-06,7.29437432920905e-07,2.50296634392588e-08,NA
