"","glmGamPoi (Pb)","edgeR (Pb)","limma (Pb)","glmGamPoi (cell)","Nebula","Devil (base)","Devil (mixed)"
"1",0.128663458791173,0.148819666472584,0.113453247853959,7.66340182750012e-05,0.000277159759921927,8.45014134421666e-05,6.25740314118868e-05
"2",0.027909487600015,0.0455312002079094,0.0169753996330868,8.27937731509399e-35,2.70376392454187e-40,5.86517934787119e-35,2.88795724278243e-42
"3",0.0505018581774348,0.07217845735803,0.0377315349875617,1.26386306506019e-07,2.39419874905874e-07,1.51184138101863e-07,2.55272271206443e-69
"4",0.23553532706317,0.303377032958344,0.255344622744112,2.86103216421964e-08,6.97337527003595e-09,2.93152899870786e-08,6.20593580842643e-16
"5",0.0346763054342473,0.0483474215505368,0.0253375053719409,5.83427733710667e-09,9.23822516720781e-09,6.97412759953353e-09,2.90849475544363e-07
