"","glmGamPoi (Pb)","edgeR (Pb)","limma (Pb)","glmGamPoi (cell)","Nebula","Devil (base)","Devil (mixed)"
"1",0.00543224364808272,0.0414851721889754,0.0124514191313983,1.19328769098687e-08,1.38447472487404e-08,1.47051825642226e-08,3.25891545603346e-06
"2",0.000819965026711275,0.0407064417373819,0.00816221002539396,5.0600024427914e-06,3.70071496295117e-06,5.82197674654102e-06,1.03703246462272e-08
"3",0.00380765770684627,0.0109838657717968,0.00412933426670542,2.43769074999603e-12,1.27558112943961e-11,3.76360943538148e-12,6.9978358956198e-14
"4",3.19687141616656e-05,0.00034664486661955,6.64917240271708e-06,9.26310435586911e-07,1.66555256586148e-07,9.26922965089232e-07,2.93164466269845e-05
"5",0.00198351990077475,0.0122332433187541,0.0596544043868359,3.29192886733289e-17,2.46510478112351e-17,5.19128705613694e-17,1.32931575917828e-24
