"","glmGamPoi (Pb)","edgeR (Pb)","limma (Pb)","glmGamPoi (cell)","Nebula","Devil (base)","Devil (mixed)","glmGamPoi (fixed)"
"1",0.0950217893959078,0.134096286100448,0.0775815801953005,1.19450384922032e-06,2.92343602467371e-08,1.27308320964539e-06,4.06472686325613e-10,6.31100340613098e-08
"2",0.0116179013162398,0.0370817618859574,0.0276173405998831,9.53998738893813e-15,3.88906320288618e-15,1.22673416317004e-14,3.81291923997618e-31,2.33880453857461e-15
"3",0.00337699623109976,0.0103640342623738,0.00576299656452188,1.55837003479833e-21,5.17548894748201e-23,1.77664830136916e-21,9.60206886753624e-43,9.00373279912918e-23
"4",0.0261706773198878,0.0539037407203972,0.0688967314658199,2.86965795063566e-07,1.26955609711886e-06,3.32022930970736e-07,4.37326979137873e-12,1.04078960276811e-06
"5",0.00985808016892796,0.0112831026721965,0.00935219015517911,3.86280446316642e-05,0.000153341142575861,4.2461704199278e-05,5.18773457269321e-08,9.95683366710793e-05
