"","glmGamPoi (Pb)","edgeR (Pb)","limma (Pb)","glmGamPoi (cell)","Nebula","Devil (base)","Devil (mixed)","glmGamPoi (fixed)"
"1",0.0013699548416916,0.0031543062579885,0.000918523191548718,1.67674626408475e-26,1.538444254029e-26,3.17136276398522e-26,8.12082020581062e-42,NA
"2",0.113530946761776,0.164548679718596,0.129679016715688,1.66591616919454e-07,2.02854896396257e-07,1.83128135298142e-07,5.94013632168018e-22,NA
"3",0.320884688617277,0.362990574363468,0.280891718383268,3.79758996102108e-06,1.72220110643105e-06,3.80774278346418e-06,2.81593070670982e-09,NA
"4",0.00316166449091065,0.0124440456517186,0.00382981999899373,6.6663850627155e-48,1.24963924139999e-49,1.14750296258845e-47,1.07258792622927e-60,NA
"5",0.0251224119477573,0.0547770258934415,0.0376094673341661,1.24811467508315e-09,1.2709316742552e-09,1.41026643563288e-09,0.00310544288046098,NA
