"","glmGamPoi (Pb)","edgeR (Pb)","limma (Pb)","glmGamPoi (cell)","Nebula","Devil (base)","Devil (mixed)"
"1",4.7617887707634e-05,0.000829194146890471,7.9324671301039e-05,1.07428200509526e-08,4.14463221647176e-09,1.2653397819041e-08,1.02015566627373e-18
"2",0.000466477036743763,0.00318387954581675,0.00133415841071388,9.19464557862423e-10,6.34769965701929e-10,1.08856885311524e-09,6.54092154116385e-14
"3",0.0572771009669723,0.0937620225023265,0.108595977476506,1.19437987562794e-05,4.18912658786296e-06,1.27123997172734e-05,1.308711300043e-06
"4",0.0283638370211491,0.0387713311958367,0.00547909386153953,0.000412314848651842,9.07999967556756e-07,0.000432338027135155,0.0292925797052902
"5",0.0127091707961151,0.0405117526972469,0.0260689242515641,0.00230838470785933,0.00204621352524925,0.00243085014719078,3.33721184801678e-05
