"","glmGamPoi (Pb)","edgeR (Pb)","limma (Pb)","glmGamPoi (cell)","Nebula","Devil (base)","Devil (mixed)"
"1",6.72717412441269e-08,0.000150963439509373,4.83089678744524e-07,3.1579590756959e-24,4.61599881067288e-24,4.41751373315361e-24,1.17747581203443e-53
"2",0.000179739206024393,0.00250507926701575,0.000112041041963023,2.25771015597695e-15,3.56720949049604e-15,2.90789864739196e-15,2.64460832899545e-32
"3",7.41635484155638e-05,0.00340607962423438,8.0720312415105e-05,2.55105903277412e-73,7.53543566868254e-75,5.36616355629254e-73,6.57148872945563e-49
"4",4.50914299363724e-08,0.000152419411624143,2.33671513319971e-07,3.46300466662158e-32,2.44545067347415e-32,5.32157599772836e-32,1.939836449776e-30
"5",1.02815977518684e-07,0.000239035325061409,7.31161690404692e-07,1.98314209688335e-35,5.88896429694591e-35,2.80302831293985e-35,4.6863290669688e-115
