"","glmGamPoi (Pb)","edgeR (Pb)","limma (Pb)","glmGamPoi (cell)","Nebula","Devil (base)","Devil (mixed)"
"1",1.4093728031411e-06,0.000787914361593342,2.80049141055626e-06,5.11115995538947e-32,1.07179749754495e-32,7.44201741327279e-32,6.8532956293396e-53
"2",0.0286314469272268,0.0718342371551473,0.0272451778266129,2.13255546785781e-21,3.470149334304e-20,2.64500328318102e-21,5.42014750015078e-26
"3",1.82918633576504e-07,0.000110344294887895,4.74902723279699e-07,6.62229069722079e-43,1.72807028799281e-43,1.24699088702774e-42,1.59564306750066e-31
"4",0.000340332228027495,0.00284416295619734,0.00541590198347014,4.34970128958016e-14,6.34560233653847e-14,5.27463162951006e-14,4.73952298571022e-13
"5",0.00314396155535499,0.0157887774338462,0.00305928149408339,1.09898200337177e-14,7.45092944923188e-15,1.3552745550696e-14,3.2467718392688e-20
