"","glmGamPoi (Pb)","edgeR (Pb)","limma (Pb)","glmGamPoi (cell)","Nebula","Devil (base)","Devil (mixed)","glmGamPoi (fixed)"
"1",3.70464026613659e-06,0.00288693869444069,5.01998967925996e-06,1.64971458711999e-27,1.81578974113904e-28,2.66075819078022e-27,1.23020447806044e-26,NA
"2",0.000278511900829755,0.00407049631358229,0.000169278257767636,7.80771123690737e-15,3.4547498686033e-15,1.00233478921117e-14,2.47475577898295e-13,NA
"3",0.000137738963023275,0.000947102530139861,0.000207285858083038,2.09565391973685e-15,8.68575832278493e-15,2.50554182529554e-15,1.99048115739118e-17,NA
"4",1.3653569889183e-05,0.00143901906614501,1.49095827086656e-05,1.56633188387602e-64,4.92269394391948e-74,2.76360489343153e-64,1.3439592923712e-58,NA
"5",0.000451717106721299,0.0168972201603853,0.000618128302216085,5.6705565797514e-15,1.41804910510016e-15,6.78934716854875e-15,7.29018668336924e-22,NA
