"","glmGamPoi (Pb)","edgeR (Pb)","limma (Pb)","glmGamPoi (cell)","Nebula","Devil (base)","Devil (mixed)","glmGamPoi (fixed)"
"1",0.0117322664416551,0.0218657892700807,0.0242765672416832,1.94666785115654e-07,3.51856658937636e-08,2.18291128997529e-07,5.50672843672761e-17,1.16925013629311e-08
"2",0.000116342247231762,0.000408089036318649,0.000512605218995624,1.53457912777547e-12,4.55850488973939e-12,1.93007850362895e-12,2.39462172994647e-10,6.1574085368643e-13
"3",0.0595760439751587,0.0753239621036263,0.317888676827746,1.14943129776894e-05,1.32916185281989e-05,1.17765062053407e-05,1.01672812614111e-05,1.41833768236991e-06
"4",0.00876905418118711,0.0282136582521705,0.0141572365008845,5.92223543983736e-05,1.4861234067808e-05,6.20347652977428e-05,8.34008900098428e-06,1.54577491236873e-05
"5",0.000543041712252465,0.00384844395061258,0.000674716782597804,2.35148131102306e-09,1.3809796530656e-09,2.64850563433605e-09,7.04193626825286e-06,1.70562347002315e-09
