"","glmGamPoi (Pb)","edgeR (Pb)","limma (Pb)","glmGamPoi (cell)","Nebula","Devil (base)","Devil (mixed)"
"1",0.0284262725751465,0.0580208151245269,0.0204557088242144,0.000482786846286144,0.000483278138149131,0.000500953427551612,3.61364226805125e-44
"2",0.239176065418317,0.211347076627567,0.238691805499289,0.0133798752777428,0.00723503620678146,0.0123213305578789,0.0105141037871723
"3",0.0769536630101354,0.11499818748975,0.115717621388585,6.851338441965e-10,5.92324659677085e-09,7.93919396328056e-10,2.24580170162951e-08
"4",0.21861071432525,0.263532423607619,0.250422261078209,1.60034380484915e-05,8.51479215692872e-05,1.79100588153575e-05,0.00159342517758761
"5",0.00314535839353766,0.00760783877606136,0.00337984765396079,3.55882363999413e-11,4.10804789221549e-11,5.09080984389903e-11,2.95491182119344e-10
