"","glmGamPoi (Pb)","edgeR (Pb)","limma (Pb)","glmGamPoi (cell)","Nebula","Devil (base)","Devil (mixed)"
"1",0.368235908396334,0.324416724339958,0.200042308162224,0.0268472632989123,0.0283874519826619,0.0285207142742262,0.00351268153657891
"2",0.00813294755881858,0.0126069219245983,0.00566927053376826,1.70092475046691e-09,3.04339301139287e-10,1.48285177393761e-09,2.15548878167692e-11
"3",0.0524384217424663,0.0912268326044437,0.0294856256951482,2.80521142026669e-05,2.1784889520695e-05,2.73794731160561e-05,5.6445704752073e-32
"4",0.396928039706578,0.337828483237285,0.438717449662775,0.00636459514913883,0.00979117353388959,0.00745861092924333,6.44029600895751e-21
"5",0.0325747090769531,0.0620551110974995,0.0254077562402209,2.36255165095138e-09,1.07176190042675e-09,2.48068261884876e-09,5.88342863837308e-82
