"","glmGamPoi (Pb)","edgeR (Pb)","limma (Pb)","glmGamPoi (cell)","Nebula","Devil (base)","Devil (mixed)"
"1",0.333493089317731,0.450337693825979,0.271480769698457,0.00622607921579569,0.00518765144973461,0.00664356789062655,8.89606923762016e-06
"2",0.569897078988902,0.553946484368066,0.858954489703339,0.29446584681798,0.197117209023313,0.29990087449478,0.147033128834717
"3",0.252948808192565,0.283582910472651,0.303265613884348,0.000317541925851692,6.6455111427275e-05,0.000364148877595847,1.41289047705118e-13
"4",0.335912065722654,0.402781378877642,0.51894900432956,0.185173412800181,0.193887432378974,0.189174719979027,0.0129450635547918
"5",0.34196319412692,0.409634135276269,0.342578267156,0.146624406886957,0.121754476731281,0.150347292544071,0.0396288845014321
