"","glmGamPoi (Pb)","edgeR (Pb)","limma (Pb)","glmGamPoi (cell)","Nebula","Devil (base)","Devil (mixed)","glmGamPoi (fixed)"
"1",0.0354264451218053,0.0560645747087691,0.0884312821143128,2.41237553907605e-21,2.15991948433467e-35,2.50793073499926e-21,7.83884065891637e-23,NA
"2",0.0338954900687638,0.0701471134174287,0.0404836687441063,0.0320418547295607,0.0212838194524725,0.032431045911799,0.00211068462923182,NA
"3",0.371678635138092,0.395681532564743,0.633291864704401,0.0651893351362962,0.0579990313694907,0.0660093936909571,0.00132294881104661,NA
"4",0.00199378388895648,0.0255549725047016,0.0022339425539701,4.36787623684739e-09,2.32499290671343e-09,4.92765527251123e-09,1.97889367062647e-13,NA
"5",0.0149445755902029,0.0210629065667627,0.0187750287327831,6.84673705706112e-05,4.26673576014645e-05,7.379197053583e-05,0.000161992686483237,NA
