"","glmGamPoi (Pb)","edgeR (Pb)","limma (Pb)","glmGamPoi (cell)","Nebula","Devil (base)","Devil (mixed)"
"1",0.561133967813517,0.626378320553563,0.542687609739578,1.72085434130481e-12,1.51615699978105e-37,1.53567349395381e-12,3.67101336092885e-13
"2",0.0607048450233663,0.118228649888705,0.0623561708778253,5.39044904871099e-09,9.32759326259692e-10,5.79778885253013e-09,1.7460256903546e-25
"3",0.267675051959844,0.320321639342564,0.229081415145668,1.55316593136765e-11,1.70414103945404e-12,1.64278568133219e-11,2.79225702825015e-20
"4",0.0997831003286738,0.147239383569873,0.136321242728991,1.37860853739343e-50,1.58460763703662e-51,2.43362448769996e-50,7.59557699706084e-43
"5",0.00036491980499067,0.00345696089859157,0.000828524017328172,1.43171577684105e-20,2.29242521243523e-21,2.12403651716546e-20,4.81508646209296e-36
