"","glmGamPoi (Pb)","edgeR (Pb)","limma (Pb)","glmGamPoi (cell)","Nebula","Devil (base)","Devil (mixed)"
"1",0.284268593715913,0.331739276488292,0.267719320944064,1.29059796048942e-08,2.74127762796082e-08,1.39426238907144e-08,3.17828934196074e-12
"2",0.274555900067942,0.323782675544264,0.30407030283595,2.18452721108911e-35,7.94305941118087e-41,2.57106777569887e-35,1.51505776807751e-177
"3",0.393622665426727,0.4464300059995,0.349310443165826,2.27313130420466e-27,7.56028192247662e-32,2.52490049195891e-27,8.06539489680851e-41
"4",0.350299767351989,0.402375696548617,0.474492690258272,5.21160936927331e-09,6.90939835652462e-08,4.96515068749911e-09,5.3808793542716e-10
"5",0.609234440892838,0.645092029816073,0.761607861806655,0.00010025150097506,0.00114395787259879,0.000101024611574682,0.00040465348814165
