"","glmGamPoi (Pb)","edgeR (Pb)","limma (Pb)","glmGamPoi (cell)","Nebula","Devil (base)","Devil (mixed)"
"1",0.342867455283618,0.371960922593024,0.243515606658291,0.0496085868563709,0.0553307047000647,0.0517705212425831,5.31790693084249e-05
"2",0.179619473020065,0.170091010440264,0.115799252023684,0.00320274773740789,0.00455974217163944,0.00360830690064227,1.24272060369963e-05
"3",0.115259517179703,0.151771218743629,0.399863417846644,3.21178180764183e-05,6.25905642451658e-05,4.28607720310848e-05,0.0134462662335635
"4",0.390984140832108,0.364775941177951,0.234751814738148,0.140160856606307,0.141780126124393,0.144242149976036,0.00592187353894803
"5",0.774082860669854,0.787727670799751,0.646424821238827,0.749031142270545,0.748987320372841,0.750861873387329,0.691618241534099
