"","glmGamPoi (Pb)","edgeR (Pb)","limma (Pb)","glmGamPoi (cell)","Nebula","Devil (base)","Devil (mixed)"
"1",0.0790625086834577,0.111617526666502,0.0825782212292917,5.54902416340526e-15,1.51069329762157e-17,6.14015600691569e-15,1.19006001383496e-11
"2",0.0227016186881807,0.0542486713835525,0.0181507249794444,3.41665135391438e-20,3.75318140704414e-20,4.30136186351786e-20,9.87427572481513e-16
"3",0.00462472685158715,0.0190443680799531,0.00255780768720016,3.93404911887169e-09,3.43991175588478e-09,4.45092945041566e-09,9.29061715723578e-07
"4",3.4245810167865e-07,0.000351904015111377,3.45193764911564e-07,2.02035261328299e-39,2.177022962545e-44,1.94322749003821e-39,8.30443854285507e-113
"5",0.000143512364284053,0.00217743160597296,0.00012952270366512,7.82417445328028e-17,8.90920897570164e-18,9.67100678442502e-17,5.90127624607786e-38
