"","glmGamPoi (Pb)","edgeR (Pb)","limma (Pb)","glmGamPoi (cell)","Nebula","Devil (base)","Devil (mixed)","glmGamPoi (fixed)"
"1",9.95564584436778e-05,0.00296445345326613,8.82538941145265e-05,1.87557009216902e-62,5.91250462745713e-70,1.05454450345238e-62,2.92630561415176e-99,2.24412465314685e-68
"2",0.00449430403147349,0.0187193333069469,0.00972077082279934,4.29257752097072e-21,8.30474268746251e-21,4.18036937481322e-21,5.17863210540038e-27,2.49334796938309e-21
"3",0.203611785958404,0.245866929182089,0.182568553160168,5.26920218307561e-07,7.30957315025727e-08,4.06771127407524e-07,2.46568330296015e-12,9.19205806029029e-07
"4",6.27083253709438e-06,0.00136568079719374,7.72665014102004e-06,5.1234822152049e-35,2.4432245674455e-35,6.75169169926086e-35,4.05261873261656e-54,2.65703139144867e-35
"5",1.6709105523358e-06,0.00036897496274283,1.9997949973243e-06,1.43872405113633e-47,2.06440612631021e-48,3.59370970498938e-47,1.12573649752358e-68,2.70687484621532e-48
