"","glmGamPoi (Pb)","edgeR (Pb)","limma (Pb)","glmGamPoi (cell)","Nebula","Devil (base)","Devil (mixed)"
"1",0.000218209858592554,0.00394880506345034,0.000190317867523885,1.41427210997779e-172,2.98492616221834e-184,4.16469681493566e-171,6.3412501811769e-134
"2",6.70334142542252e-08,7.72902308340141e-05,2.02990012075818e-07,3.53480505384833e-31,8.7172360051028e-32,1.29329054294259e-30,1.50405300714401e-26
"3",5.08194829415073e-06,0.000726569827296214,2.89216070749103e-06,5.61615258004466e-38,2.40550195837164e-38,1.97747194369547e-37,1.37451860843944e-46
"4",0.000136833210018689,0.00264693912782487,0.000150912627538695,1.22950156843828e-28,1.05626622304381e-28,3.19660728229852e-28,4.12734873778287e-36
"5",0.00136887046539064,0.00618801917682886,0.00127755810240682,2.53973517560552e-26,2.8758972165127e-29,4.97515476414375e-26,1.32635243402165e-30
