"","glmGamPoi (Pb)","edgeR (Pb)","limma (Pb)","glmGamPoi (cell)","Nebula","Devil (base)","Devil (mixed)"
"1",0.0117322664304325,0.0218657892700807,0.0242765672416837,1.94666786996733e-07,3.51856658937636e-08,1.9902653605133e-07,3.03790360292297e-17
"2",0.000116342246755776,0.000408089036318649,0.000512605218995598,1.53457913298884e-12,4.55850488973939e-12,2.16637171764399e-12,2.26549250496818e-10
"3",0.0595760440054345,0.0753239621036263,0.317888676827745,1.1494313009034e-05,1.32916185281989e-05,1.12651672109587e-05,9.80953099931199e-06
"4",0.00876905416316722,0.0282136582521705,0.0141572365008854,5.92223544740641e-05,1.4861234067808e-05,6.81902543669403e-05,8.18073087053274e-06
"5",0.000543041708706561,0.00384844395061258,0.000674716782597789,2.35148131742131e-09,1.3809796530656e-09,3.01082735817467e-09,7.05953243674787e-06
