"","glmGamPoi (Pb)","edgeR (Pb)","limma (Pb)","glmGamPoi (cell)","Nebula","Devil (base)","Devil (mixed)"
"1",0.0240529443424903,0.0554480555435856,0.023395552910291,6.93550779703098e-07,7.59833855355969e-07,8.0029291970158e-07,6.2732218135423e-05
"2",0.0979174785784807,0.137828460515888,0.0870684222741887,4.37440313375532e-09,3.66238329242149e-09,5.44623711352668e-09,2.5434849589139e-152
"3",0.137012166396957,0.156548786169672,0.246143556573338,1.97486154252562e-06,4.65168048897788e-06,2.33340310376535e-06,2.3009015362869e-07
"4",0.291791017976701,0.330981294659244,0.421715714039783,0.00398202658515979,0.00546217484045474,0.00422151408970978,0.00190142795985878
"5",0.0117902990530448,0.0324602744186659,0.0119399509210479,3.50616909435686e-07,3.03427065162433e-07,3.96121272488508e-07,6.05567792023781e-09
