"","glmGamPoi (Pb)","edgeR (Pb)","limma (Pb)","glmGamPoi (cell)","Nebula","Devil (base)","Devil (mixed)"
"1",0.155060222671655,0.180821033595218,0.149173487293572,3.12021911705204e-07,2.10958324491743e-08,3.47658674003814e-07,2.39298602566141e-06
"2",0.0154508086165339,0.0483408718117235,0.0161636878488905,3.86596278368495e-08,1.26436816297347e-08,4.74233558516791e-08,1.93201518746513e-05
"3",0.239631394721369,0.25327485375263,0.359721428893004,9.49429366095733e-07,1.05418186673397e-07,1.03252169184114e-06,1.53105464450817e-17
"4",0.00566855247671001,0.00821234680682831,0.00654469191792984,1.69760639786566e-06,1.74729128553095e-06,1.99769283207305e-06,4.88064031668651e-60
"5",0.167430486677729,0.212295846879172,0.215444859094535,5.47487511719464e-12,2.45443712506876e-12,6.41744919205712e-12,9.35459697324614e-11
