"","glmGamPoi (Pb)","edgeR (Pb)","limma (Pb)","glmGamPoi (cell)","Nebula","Devil (base)","Devil (mixed)"
"1",0.0642823140103941,0.116948910330832,0.0659569402966629,2.88520003294861e-07,1.9499880076125e-07,3.26595600604654e-07,0.000101860979982256
"2",0.174046556893279,0.213185140388402,0.192385530493494,1.98189345767201e-16,3.81406215884657e-17,3.07439717296983e-16,8.49408280204357e-303
"3",0.140517867450021,0.172710437276191,0.124222525890229,8.90421504271801e-05,8.53657254514638e-05,9.84166387168398e-05,6.65609365532478e-18
"4",0.101555510067305,0.143554500688238,0.122457744799703,1.79106612558601e-19,1.87073508994621e-20,2.37250939670414e-19,4.3652709891094e-14
"5",0.0491648063109669,0.0595916016856976,0.0323454325578438,9.16037148627771e-08,1.18354382875933e-07,1.09110383462246e-07,1.02623537955129e-54
