"","glmGamPoi (Pb)","edgeR (Pb)","limma (Pb)","glmGamPoi (cell)","Nebula","Devil (base)","Devil (mixed)","glmGamPoi (fixed)"
"1",2.40213127986819e-06,0.000351688495505751,1.86196108205488e-06,2.41551954895134e-59,2.6414888860318e-60,4.74524288554532e-59,1.43086632520745e-72,NA
"2",1.21518640474102e-06,0.000226340655438792,2.34236027381369e-06,6.71913458886746e-131,7.65557178964438e-149,3.50974670337399e-131,2.3513829180482e-99,NA
"3",1.04764821084787e-05,0.00152262559320299,1.3770510916504e-05,3.87819676711057e-70,2.82067426871654e-78,3.80828754466742e-70,1.40128588468019e-133,NA
"4",0.0178038296612299,0.0442744349557324,0.0238539331265697,7.14903875328557e-29,7.30373874937857e-32,6.86038205267723e-29,2.50798102153438e-66,NA
"5",3.57740200152594e-07,7.09586019369504e-05,6.50992927925012e-07,9.37403189692836e-32,5.88018882101727e-32,1.60433881290476e-31,1.17015847417308e-51,NA
