"","glmGamPoi (Pb)","edgeR (Pb)","limma (Pb)","glmGamPoi (cell)","Nebula","Devil (base)","Devil (mixed)","glmGamPoi (fixed)"
"1",0.0126337828698469,0.0797702511547152,0.0773720558788879,0.0102392983009721,0.0139031935286549,0.0107861297299783,0.000708101596693788,NA
"2",0.0026959179874401,0.00738962941255848,0.00103437137795303,0.0013037397155517,0.00109609801853399,0.00141543937656082,0.000522757646789575,NA
"3",0.000213581247942307,0.00414573392202925,0.000439621645317726,1.35781290897483e-11,2.46908105453187e-11,1.55557475596686e-11,2.34556615868274e-15,NA
"4",0.000443243755898717,0.00378030125212723,0.000289989454988192,6.5068753793803e-16,5.96821619929551e-16,7.98068773096201e-16,2.76159530665491e-19,NA
"5",0.00355387071946377,0.0108275533673461,0.02234553075791,0.000104078683671374,0.000179975779124338,0.000116054775708282,0.000160569588434319,NA
