"","glmGamPoi (Pb)","edgeR (Pb)","limma (Pb)","glmGamPoi (cell)","Nebula","Devil (base)","Devil (mixed)"
"1",0.182931412162925,0.205597721946313,0.265381846022098,0.0343950489763514,0.0170626289678942,0.0347892034781861,0.00549688358641152
"2",0.0622848366742012,0.07633655745816,0.18959248344015,3.61644336920784e-05,6.8275827093332e-05,3.67844063606052e-05,8.33974894146741e-06
"3",0.238495428573427,0.22531577818341,0.296998890730469,8.85198060646873e-07,1.20005757749499e-05,8.53791336605451e-07,2.93034856775666e-12
"4",6.2550650983379e-05,0.00965009489649372,0.00356543205465,1.96228706293195e-11,1.49546757237939e-11,2.26873089412434e-11,3.47576054608409e-14
"5",0.00859171211239992,0.0211454722849587,0.07986928747059,1.62238056409337e-29,1.11681717406569e-47,1.23118432510616e-29,1.48343619022179e-38
