"","glmGamPoi (Pb)","edgeR (Pb)","limma (Pb)","glmGamPoi (cell)","Nebula","Devil (base)","Devil (mixed)"
"1",2.40213131890476e-06,0.000351688495505751,1.86196108205478e-06,2.41551957710506e-59,2.6414888860318e-60,8.93404008697272e-59,4.75374243820248e-72
"2",1.21518642332751e-06,0.000226340655438794,2.34236027381385e-06,6.71913446883293e-131,7.65557178964438e-149,3.32960098476603e-131,2.36562490199327e-99
"3",1.0476482262982e-05,0.00152262559320299,1.37705109165031e-05,3.87819682324199e-70,2.82067426871654e-78,5.08136016771987e-70,1.73823888750762e-133
"4",0.0178038297521603,0.0442744349557324,0.0238539331265702,7.14903885543042e-29,7.30373874937857e-32,7.91375503395317e-29,3.12527130286746e-66
"5",3.57740205082058e-07,7.09586019369504e-05,6.50992927924997e-07,9.37403196981222e-32,5.88018882101727e-32,2.6444619715033e-31,1.55799341188124e-51
