"","glmGamPoi (Pb)","edgeR (Pb)","limma (Pb)","glmGamPoi (cell)","Nebula","Devil (base)","Devil (mixed)"
"1",0.107478628835581,0.156699541755833,0.114751065946442,1.42276469543295e-06,1.23428710070456e-06,1.64527925187054e-06,0.00255085862698263
"2",0.0543044398304116,0.075389595021344,0.0437496084875432,4.06398337457812e-11,1.97989822845627e-11,5.63906193636377e-11,1.33143112917285e-15
"3",0.402686786451574,0.445757108011027,0.454200164176628,0.000426963923873095,0.000832254873545748,0.000459279071617707,5.34619048316016e-06
"4",0.0401301351350417,0.077990224062217,0.0368020888832247,7.83087274977679e-05,7.75297278528784e-05,7.75414444938551e-05,7.9658429164406e-09
"5",0.107627199120658,0.150404472494554,0.127836711237399,3.66340753572353e-16,7.10565253751411e-18,5.26870404727952e-16,4.06961473073722e-64
