"","glmGamPoi (Pb)","edgeR (Pb)","limma (Pb)","glmGamPoi (cell)","Nebula","Devil (base)","Devil (mixed)"
"1",0.115203124260044,0.170251076886137,0.12610104156925,0.0033577847189498,0.00210063189712801,0.003782998277501,9.81400070545337e-05
"2",0.944602805405674,0.910087995982291,0.666328463640184,0.845122093948444,0.845292712844807,0.846216032080075,0.881624337122747
"3",0.246600296580136,0.299713172365946,0.601740624947541,0.0279698469578288,0.0195404801940106,0.0301888308137587,0.014436296050428
"4",0.364635841481739,0.340174235723551,0.222516350716981,0.652311158516577,0.403411152314466,0.655033108644252,0.60865515569739
"5",0.325123088334986,0.334645634615128,0.276749394085906,0.0824879406175092,0.0386058190864996,0.0862766478159483,0.00715724205679964
