"","glmGamPoi (Pb)","edgeR (Pb)","limma (Pb)","glmGamPoi (cell)","Nebula","Devil (base)","Devil (mixed)"
"1",0.000450322563207595,0.00492388660190535,0.00194771126365133,2.21298346305909e-09,1.77404713092847e-09,2.57608990364708e-09,5.47546932588499e-08
"2",0.134031138441587,0.138374505003539,0.238762361884071,0.000102532930860959,0.000104056388384085,0.000107499587400125,7.18452644474797e-11
"3",0.178318669139004,0.223640619351393,0.348142832817463,1.27073428639598e-10,1.12101876876463e-12,1.28942285069494e-10,3.58553124608455e-20
"4",0.618119347480942,0.674530682893634,0.437612761440589,0.0195959953061998,0.0143259053656095,0.0198490901316103,0.165063311587642
"5",0.19990439939699,0.244548969428822,0.487780590203899,6.53320425877057e-06,3.7794286973096e-18,6.59049866718973e-06,3.69204949095444e-08
