"","glmGamPoi (Pb)","edgeR (Pb)","limma (Pb)","glmGamPoi (cell)","Nebula","Devil (base)","Devil (mixed)"
"1",0.0435457392835799,0.0834019036335364,0.198647638163318,1.71847353400907e-20,3.0380671170021e-19,2.53905911484614e-20,8.20913769547955e-26
"2",0.0743114903460025,0.108243111743445,0.122216608475494,7.09654743417056e-27,1.1152503293505e-25,8.06276194818181e-27,6.31490535491546e-29
"3",0.307773719659349,0.36233565809473,0.24286060570307,5.99360147090807e-17,9.77494148448186e-24,4.45993485122745e-17,3.67987522661318e-22
"4",0.000232813796638483,0.00871915380576294,0.000471561291046767,6.0750959018478e-14,1.20937636553281e-13,9.69118682758049e-14,7.42124459024333e-21
"5",0.0168742820730941,0.0322613132939163,0.0600067257428877,3.14373577502489e-32,2.28926832699451e-35,4.90825123955194e-32,9.99300343209583e-17
