"","glmGamPoi (Pb)","edgeR (Pb)","limma (Pb)","glmGamPoi (cell)","Nebula","Devil (base)","Devil (mixed)"
"1",0.219267460070261,0.270632798213391,0.115564291842285,0.000221315656511002,0.000146312984732392,0.000251491254955882,0.00128047443601492
"2",0.466439917599109,0.441663190467684,0.279855975695387,0.0633596401855008,0.0591154895527384,0.0651632816750832,1.10842695839521e-05
"3",0.153808335457144,0.174058081755515,0.158301842960409,1.1371438205219e-09,7.75618997845017e-10,1.30493507752373e-09,9.73054194162701e-149
"4",0.14788091765889,0.188674317623187,0.109554195179077,0.00427666269342207,0.0043303044169382,0.00447958428609656,0.000388463146180183
"5",0.0116893451566957,0.032448661141399,0.00928385183434739,4.48918581536014e-21,1.54538724463235e-21,4.55996394686782e-21,7.40973125811004e-34
