"","glmGamPoi (Pb)","edgeR (Pb)","limma (Pb)","glmGamPoi (cell)","Nebula","Devil (base)","Devil (mixed)"
"1",0.0172715352947994,0.0391621750795169,0.0225787928032195,6.84526824948643e-06,9.46925989094517e-07,7.36360318393252e-06,8.70010130260004e-07
"2",0.0347154917328683,0.0635406257983247,0.0208716558313895,0.00185647339570156,0.000671097093181536,0.00200143482685202,0.00190968539447773
"3",0.167327934673008,0.275522052956226,0.692717118559094,0.559134884930852,0.48821225955241,0.560465271097949,0.501263382761199
"4",0.00313192940696064,0.00749650146280572,0.00707850465079714,0.00117038953653723,0.000369609826935154,0.00124839608870185,0.0108336944951318
"5",0.0480964726998935,0.0887661852281669,0.122992491602707,0.00234929119863108,0.00083930477343951,0.00242964932812663,0.0112590230959726
