"","glmGamPoi (Pb)","edgeR (Pb)","limma (Pb)","glmGamPoi (cell)","Nebula","Devil (base)","Devil (mixed)"
"1",0.000786170447687557,0.0236768906342441,0.00182840161074428,4.98848944273387e-07,6.82597342894288e-07,6.15641879322463e-07,7.20723685983694e-07
"2",7.0461376112341e-15,6.17282432743622e-08,5.85491334288432e-15,5.70033103266846e-87,8.75556618095936e-97,8.20810614445735e-88,1.8750393288947e-67
"3",0.000789225516754959,0.0123753042214835,0.00100662475437745,1.89789447727418e-08,3.55084434466959e-09,2.47727025228543e-08,5.92447755186535e-16
"4",0.0750932134030102,0.0750285318012522,0.046800882039339,0.00173841939422923,0.00162006999106775,0.00170418257661474,0.000484690629347591
"5",0.431793226793685,0.557324954930759,0.222886001027067,0.00111725890214246,0.000525982478975607,0.00120927911593727,0.0257237081921778
