"","glmGamPoi (Pb)","edgeR (Pb)","limma (Pb)","glmGamPoi (cell)","Nebula","Devil (base)","Devil (mixed)"
"1",0.221199173219552,0.280740673932272,0.183974958670596,1.54016828983844e-09,7.27368049285203e-11,1.5046429614919e-09,2.9482933762066e-09
"2",0.0069469072044754,0.0140883913311949,0.00788332261412763,2.05176831729985e-15,1.32814201277181e-15,2.86152107755077e-15,4.74491512373226e-30
"3",0.0206244887002756,0.044492766960162,0.0101012436009077,1.18630486670433e-11,1.01965252473947e-11,1.54650807051473e-11,2.00963807127209e-70
"4",0.0388187196102818,0.0684984755174971,0.0362808981287391,7.84536737171977e-17,6.32763947851029e-17,9.76160655015322e-17,6.24168585024604e-95
"5",0.00115154903787965,0.00487221298073937,0.00114448685920992,7.87443615455771e-14,8.73335679447292e-14,9.74903657008256e-14,1.30081038291777e-47
