"","glmGamPoi (Pb)","edgeR (Pb)","limma (Pb)","glmGamPoi (cell)","Nebula","Devil (base)","Devil (mixed)"
"1",0.00136995484169138,0.0031543062579885,0.000918523191548719,1.67674628420259e-26,1.538444254029e-26,4.34322518201431e-26,3.21152187982645e-42
"2",0.113530946761772,0.164548679718596,0.129679016715689,1.66591552159212e-07,2.02854896396257e-07,2.08849925400359e-07,4.63245897788024e-22
"3",0.320884688617273,0.362990574363468,0.280891718383263,3.79758998549729e-06,1.72220110643105e-06,3.62050871631593e-06,2.76540525580555e-09
"4",0.00316166449091066,0.0124440456517186,0.00382981999899371,6.66638518762243e-48,1.24963924139999e-49,1.61321365163161e-47,1.00447294095811e-60
"5",0.025122411947755,0.0547770258934415,0.0376094673341659,1.24811468087915e-09,1.2709316742552e-09,1.68191441588331e-09,0.00321552405185904
