"","glmGamPoi (Pb)","edgeR (Pb)","limma (Pb)","glmGamPoi (cell)","Nebula","Devil (base)","Devil (mixed)"
"1",3.00528183628297e-08,0.000395306334772472,2.24903387024191e-08,4.03710916235011e-45,6.41166896495347e-49,4.09902831298516e-45,1.29582785130782e-60
"2",0.00636599879182784,0.019231862268287,0.00382258303113112,1.2599044839477e-07,8.70312138125434e-08,1.37221400338508e-07,1.89624063286697e-11
"3",0.000354026728292715,0.00682871084179588,0.000378817368272257,9.13231006938489e-22,7.26768911137183e-24,1.1197329985219e-21,1.61439468924998e-40
"4",0.0146082719882996,0.0512471817517662,0.0499086991389827,3.85424627722261e-05,5.81358670286144e-05,4.10839714090632e-05,1.30295606798565e-13
"5",0.485616430957256,0.444131188463665,0.682553806985192,1.51102777151137e-08,2.06932306689376e-08,1.60570742178418e-08,1.36964503572353e-14
