"","glmGamPoi (Pb)","edgeR (Pb)","limma (Pb)","glmGamPoi (cell)","Nebula","Devil (base)","Devil (mixed)"
"1",0.10747862883558,0.156699541755833,0.114751065946441,1.42276469428882e-06,1.23428710070456e-06,1.51393774945105e-06,0.00247961101154228
"2",0.0543044398304113,0.0753895950213439,0.0437496084875427,4.06398336918721e-11,1.97989822845627e-11,4.8178633916029e-11,1.58810158811716e-15
"3",0.402686786451574,0.445757108011027,0.454200164176629,0.000426963923702558,0.000832254873545748,0.000436221979606954,5.12411733102066e-06
"4",0.0401301351350414,0.0779902240622171,0.0368020888832221,7.83087274611893e-05,7.75297278528784e-05,8.19781970061464e-05,9.77333830448009e-09
"5",0.107627199120658,0.150404472494554,0.1278367112374,3.66340752962836e-16,7.10565253751411e-18,4.52928163862264e-16,1.92264690035442e-65
