"","glmGamPoi (Pb)","edgeR (Pb)","limma (Pb)","glmGamPoi (cell)","Nebula","Devil (base)","Devil (mixed)"
"1",5.11301417740268e-05,0.000495017140400515,3.86076096263013e-05,9.96474432188027e-06,1.70739599948707e-05,1.26828058324585e-05,2.32888375632708e-07
"2",9.82930730980898e-08,8.1775246997111e-05,7.08799214124505e-08,2.92058091497726e-30,1.82539532933847e-31,1.29988550268699e-30,5.92106088720183e-37
"3",0.00082462853909371,0.0023692957207496,0.00170972020449428,5.81064959688605e-07,1.1978807328039e-06,6.51283656462842e-07,1.7357536432046e-09
"4",0.0044591821060945,0.013407242780819,0.00937227378551888,0.00229864836134744,0.00379737391896684,0.00238139104672131,2.40859938673502e-05
"5",2.47637877807378e-06,0.00021275474651841,0.000238422405297859,1.65290583532092e-08,2.55960905891153e-08,2.23298097890002e-08,1.93035288034944e-12
