"","glmGamPoi (Pb)","edgeR (Pb)","limma (Pb)","glmGamPoi (cell)","Nebula","Devil (base)","Devil (mixed)"
"1",0.0100884550013624,0.0223335146709321,0.00814554395863283,2.80680486591889e-05,2.45393684305795e-05,3.10006195851211e-05,2.15839283905691e-11
"2",0.0730951313107232,0.1043115193146,0.0597637173833125,3.25487273226272e-18,6.84872177404258e-19,3.33896865817207e-18,2.88371751457358e-147
"3",0.296049227758008,0.342036089194396,0.289135247293202,0.000170370020585992,0.00016191081203886,0.000174003596815198,0.000142726041793327
"4",0.133027292890697,0.167053076599567,0.173674583990483,0.0286007717140329,0.0276433287427797,0.0290652082215087,1.27175207660472e-12
"5",0.0631602580604179,0.11122785033971,0.0538498610527065,0.000221211272187712,0.000251717859164319,0.000232319183561251,1.0947677983755e-10
