"","glmGamPoi (Pb)","edgeR (Pb)","limma (Pb)","glmGamPoi (cell)","Nebula","Devil (base)","Devil (mixed)"
"1",0.210555485151024,0.256503546820324,0.164946447087302,2.07260625062092e-06,4.01314463447161e-06,2.32541908656987e-06,0.000792605032345451
"2",0.118851415690946,0.189104441488359,0.153217311015601,0.00333537337556169,0.00376752670348257,0.00351212404106586,0.0302695958691957
"3",0.0205107530161654,0.0350511020504139,0.0206204054654304,0.000487680040293396,0.00053001427469655,0.000548581520737455,2.06503917374778e-41
"4",0.021317834280145,0.0263221133097478,0.0257499281190946,1.32728377223256e-06,2.659334551312e-07,1.73428269245924e-06,1.5582861258585e-09
"5",0.374993764801318,0.422891277642155,0.323587082442519,6.20129280957392e-08,2.05261116069196e-08,7.15551111137815e-08,1.00960242441889e-35
