"","glmGamPoi (Pb)","edgeR (Pb)","limma (Pb)","glmGamPoi (cell)","Nebula","Devil (base)","Devil (mixed)","glmGamPoi (fixed)"
"1",0.507309104528245,0.547181293979673,0.538374700856229,2.92714906526839e-05,7.68166477107416e-18,3.05718298460824e-05,8.5728376433196e-08,NA
"2",0.114746311616725,0.101672671811923,0.094934179099393,0.00131160405291548,0.000548050562605887,0.0013915083657546,9.2316387963246e-12,NA
"3",0.73724095484109,0.763686363617329,0.677391576715919,0.453955466121482,0.474456870377434,0.454888767100406,0.524230266883741,NA
"4",0.14584814552042,0.190977426952266,0.159008793694727,8.00368368733911e-07,2.27338939107849e-06,8.55012234888987e-07,1.3615040213962e-21,NA
"5",0.227235969076688,0.260934184822441,0.246223787023911,0.0164449244813441,0.0164621366495929,0.0167099385261002,0.0735323249177321,NA
