"","glmGamPoi (Pb)","edgeR (Pb)","limma (Pb)","glmGamPoi (cell)","Nebula","Devil (base)","Devil (mixed)"
"1",0.168623127314943,0.151931404722671,0.402602275422123,0.00134742607279163,0.00129740684272582,0.0013650537689096,1.20565870762988e-05
"2",0.00101119841945429,0.0128236797677347,0.00177949763608333,9.40590473820435e-07,1.44639182830957e-06,1.08882481921251e-06,3.63802516334943e-14
"3",0.0810942835582869,0.118315312016563,0.155753866875686,4.89261479730676e-06,2.23994892621851e-05,5.26461222010865e-06,1.04778173344064e-07
"4",1.51729779330159e-07,4.56323025686606e-05,1.6347020056719e-07,8.75135663359448e-27,9.82864036049509e-28,1.38859927976245e-26,3.00339377176017e-24
"5",0.000740113035355971,0.0063077178554584,0.000789535164601573,1.59628592965209e-25,6.03763167795023e-29,1.75126603634266e-25,9.69590140984411e-25
