"","glmGamPoi (Pb)","edgeR (Pb)","limma (Pb)","glmGamPoi (cell)","Nebula","Devil (base)","Devil (mixed)"
"1",0.202641407069115,0.182559198322467,0.0994560941465416,4.56682748632794e-06,4.79541578846887e-06,5.05544369813917e-06,5.88303615296169e-24
"2",0.54058642740479,0.588507299162673,0.41012963073293,0.0176502944000613,0.00907190856222577,0.018028290310999,0.00140373663319984
"3",0.28106392266157,0.322139029666122,0.156719228704361,0.00106561215684281,0.000860680393546874,0.00111162883292938,2.26112412387901e-10
"4",0.240030399091198,0.241647104369078,0.149477920185459,6.97561270809902e-06,1.57533371859206e-06,7.60710174773095e-06,9.92920109007384e-43
"5",0.29418929283473,0.299981072566165,0.302367369851725,3.45408071654626e-05,1.51080091400552e-05,3.72708124935206e-05,6.48711259946349e-43
