"","glmGamPoi (Pb)","edgeR (Pb)","limma (Pb)","glmGamPoi (cell)","Nebula","Devil (base)","Devil (mixed)"
"1",0.962635960287444,0.948600427507023,0.6087591404075,0.0472035879780877,0.00894390876048375,0.0473123809353246,0.146809047151569
"2",0.656911725375041,0.682081650437004,0.417055633443403,0.0417015181611543,0.0411454896972125,0.0415347754583273,0.018743719570372
"3",0.0688067229808109,0.0760719867031842,0.225021366380984,2.49727060101873e-11,1.08260106033776e-08,1.9975150362834e-11,0.00176809945102324
"4",0.241929489234112,0.265469395301413,0.189113035492947,2.91408510738075e-07,6.92244014212105e-07,3.48409162675883e-07,4.13798487494424e-55
"5",0.46503195908233,0.536862650896741,0.462991667147518,0.0287345727143918,0.0275538424508408,0.0287919159351697,0.00697069973143693
