"","glmGamPoi (Pb)","edgeR (Pb)","limma (Pb)","glmGamPoi (cell)","Nebula","Devil (base)","Devil (mixed)"
"1",0.0394872613953862,0.151025964630377,0.0381149502055873,1.58679220579951e-06,1.28460998559508e-06,1.78395178928049e-06,3.18398239885407e-19
"2",0.176361744620094,0.271181622514685,0.161681759257576,0.000616284458636393,0.000599247447052592,0.000696873052311086,3.73263009562804e-06
"3",0.947219280733738,0.801833221406553,0.755323690781099,0.0445316114062323,0.0445169909094668,0.0465967341697476,0.22941585649305
"4",0.00862240216107868,0.0179163681049624,0.00294981386038278,2.13139565653886e-10,8.4292380839927e-11,1.96399044869268e-10,1.26950681240377e-118
"5",0.300151723623946,0.361281344435836,0.237059407921113,0.091006586809333,0.094135039886215,0.0948315298490773,0.0528523503827642
