"","glmGamPoi (Pb)","edgeR (Pb)","limma (Pb)","glmGamPoi (cell)","Nebula","Devil (base)","Devil (mixed)"
"1",0.376924563728426,0.380664095143134,0.531987847929039,0.0252349641573198,0.00586736973710002,0.02549594216618,0.0247600978924916
"2",0.00426060506472416,0.01069841571162,0.0341988380470742,3.40762778074542e-16,4.57210177229068e-19,3.24443372581954e-16,1.96528149139151e-23
"3",0.0233652048062099,0.0519807385459339,0.043099857116553,3.10925713230653e-18,7.33845144119194e-19,3.73359106739243e-18,6.48280135882534e-63
"4",0.001784518729145,0.00498614191122194,0.0119956720513737,0.000124783381362097,6.01108110577154e-05,0.000132313852987687,0.000131321111172683
"5",0.300906280371652,0.321729735131498,0.546754473917317,0.0168914711286505,0.01489984053456,0.0171314277979077,0.0601301222119297
