"","glmGamPoi (Pb)","edgeR (Pb)","limma (Pb)","glmGamPoi (cell)","Nebula","Devil (base)","Devil (mixed)"
"1",0.516268039805055,0.548247008225175,0.581963401866855,0.0583407547786445,0.0456636642221042,0.0631273852283477,0.00930041489995916
"2",0.202264915425913,0.281428604557088,0.150044229802565,0.000551314414136828,0.000522323126439785,0.000597132955233963,2.46216314180195e-05
"3",0.467548622621823,0.459413080082687,0.56649827622697,0.0363688514362774,0.0259957469387996,0.0393710258627831,9.7079630892028e-05
"4",0.0172383058184861,0.0266566597611135,0.0110473889847692,1.1769370639249e-12,1.354159436107e-13,1.08583327871985e-12,4.35967063217963e-07
"5",0.164450990282167,0.206959331595922,0.124288788525881,2.3498226109113e-06,8.97914774636265e-07,2.47134495324989e-06,4.71443440233085e-12
