"","glmGamPoi (Pb)","edgeR (Pb)","limma (Pb)","glmGamPoi (cell)","Nebula","Devil (base)","Devil (mixed)"
"1",0.0631075913103388,0.0931731419934436,0.0517058916100977,1.39939430786394e-05,3.43091290652908e-05,1.47621776210642e-05,3.06525336934621e-08
"2",0.1027501809306,0.13961154804691,0.152538668664685,8.6543961188434e-18,4.97869520106616e-18,1.11766870533424e-17,7.82302742329691e-13
"3",0.0106154459728423,0.0275355314657537,0.0107659406092276,1.12451350642321e-07,1.06594116945249e-07,1.4052701764695e-07,3.15713874071516e-33
"4",0.0482512153578906,0.0807730755669645,0.0591412696350509,2.02115450387266e-17,6.62751341339006e-18,2.48771092527073e-17,4.86840537994131e-09
"5",0.153561651603771,0.188334105770558,0.255821544887701,1.77928299193798e-05,9.38624242017172e-06,1.83617066146397e-05,1.46816864936755e-08
