"","glmGamPoi (Pb)","edgeR (Pb)","limma (Pb)","glmGamPoi (cell)","Nebula","Devil (base)","Devil (mixed)"
"1",0.0106783924914308,0.0240466521100501,0.0138762169627047,7.80566510586969e-08,2.86407801157438e-07,8.81151355247038e-08,3.94472212595625e-08
"2",0.0374587479136543,0.0341245588283789,0.318518023327839,0.000594749695227647,0.00158969711590632,0.000634136491695027,0.000733497623493956
"3",0.131671234700021,0.194958938212052,0.24226796859353,0.0012496372169359,0.00150663048738598,0.00129049468495337,0.000511363301221913
"4",0.243703151741011,0.322459050387001,0.122991593677787,0.15889428147224,0.153820441822295,0.160192465772084,0.176532116116828
"5",0.00589167221604206,0.023070469977169,0.0101697062041682,0.000171542321174951,0.000198958650951912,0.000183402066628865,0.000304678137965781
