"","glmGamPoi (Pb)","edgeR (Pb)","limma (Pb)","glmGamPoi (cell)","Nebula","Devil (base)","Devil (mixed)","glmGamPoi (fixed)"
"1",0.962635960287444,0.948600427507024,0.608759140407495,0.0472035878834122,0.00894390876048375,0.0478117342317187,0.148016592600188,0.024487137738434
"2",0.656911725375041,0.682081650437004,0.41705563344341,0.0417015180948768,0.0411454896972125,0.0421606814965601,0.0190923450170533,0.0443009625358364
"3",0.068806722980811,0.0760719867031842,0.225021366380981,2.49727053507799e-11,1.08260106033776e-08,1.98459454687916e-11,0.00176866934136695,3.03976799724363e-09
"4",0.241929489234113,0.265469395301413,0.189113035492947,2.91408510562561e-07,6.92244014212105e-07,3.20991332355056e-07,1.12525879577903e-55,7.87889521471028e-07
"5",0.46503195908233,0.536862650896741,0.462991667147518,0.0287345726630392,0.0275538424508408,0.0292111321800411,0.00711608762505379,0.0197408383049154
