"","glmGamPoi (Pb)","edgeR (Pb)","limma (Pb)","glmGamPoi (cell)","Nebula","Devil (base)","Devil (mixed)"
"1",0.035426442063146,0.0560645747087691,0.0884312821143081,2.41237549170222e-21,2.15991948433467e-35,2.51209766343937e-21,7.90113489010698e-23
"2",0.0338954898751698,0.0701471134174289,0.0404836687441048,0.0320418547051842,0.0212838194524725,0.0332926287107922,0.00218323314711281
"3",0.371678630071401,0.395681532564743,0.633291864704404,0.0651893350780454,0.0579990313694907,0.064875316898412,0.00124867921254794
"4",0.00199378384008554,0.0255549725047017,0.00223394255397011,4.36787622858458e-09,2.32499290671343e-09,5.48940866070247e-09,2.55212979211544e-13
"5",0.0149445749057524,0.0210629065667627,0.0187750287327827,6.8467370364784e-05,4.26673576014645e-05,7.80003875847084e-05,0.000170161209050552
