"","glmGamPoi (Pb)","edgeR (Pb)","limma (Pb)","glmGamPoi (cell)","Nebula","Devil (base)","Devil (mixed)","glmGamPoi (fixed)"
"1",0.0631075913103407,0.0931731419934435,0.0517058916101004,1.3993943230689e-05,3.43091290652908e-05,1.56683904518478e-05,3.48319756171903e-08,NA
"2",0.102750180930603,0.13961154804691,0.152538668664686,8.65439655297512e-18,4.97869520106616e-18,1.02469366012976e-17,7.07060520335598e-13,NA
"3",0.0106154459728432,0.0275355314657537,0.0107659406092274,1.12451352901542e-07,1.06594116945249e-07,1.28910306607987e-07,2.27921899811465e-33,NA
"4",0.0482512153578926,0.0807730755669645,0.0591412696350518,2.02115463035191e-17,6.62751341339006e-18,2.36268917482214e-17,4.67156019572444e-09,NA
"5",0.153561651603772,0.188334105770558,0.2558215448877,1.77928301586304e-05,9.38624242017172e-06,1.94333127843242e-05,1.65362607750167e-08,NA
