"","glmGamPoi (Pb)","edgeR (Pb)","limma (Pb)","glmGamPoi (cell)","Nebula","Devil (base)","Devil (mixed)"
"1",0.00241022405989419,0.00956619597329639,0.00513571915866863,2.95618166654362e-05,8.50879970053591e-05,3.42053511269414e-05,3.73106667548042e-06
"2",5.88486222963043e-06,0.00851658896225365,2.25822156796624e-05,5.21919398078006e-11,1.70333505397528e-11,6.23969659684343e-11,1.09505913843232e-13
"3",0.00583744640977073,0.0094161395713973,0.00320452077232906,1.33241045240152e-05,1.27620569568187e-06,1.41814175841992e-05,0.00161112585448554
"4",2.47403988910062e-06,0.000731528454708882,1.67329318728551e-05,6.0512805951245e-36,2.04209965925857e-40,3.1970199564939e-36,4.85072692964326e-112
"5",0.00056853137855273,0.00744308418916292,0.000396169471436822,2.46516806083635e-17,7.03148354393397e-19,2.74492466400837e-17,1.73877343011906e-25
