"","glmGamPoi (Pb)","edgeR (Pb)","limma (Pb)","glmGamPoi (cell)","Nebula","Devil (base)","Devil (mixed)"
"1",0.521013306487839,0.555884292388307,0.37559451728886,0.32412762518323,0.377537882826975,0.33429002238651,2.4720572200835e-13
"2",0.550356967516252,0.562389213546586,0.696741517698503,0.266514719787309,0.25387533092405,0.27000191076176,0.187241437871674
"3",0.321259201306288,0.356468517880153,0.371507462169261,2.6187887236762e-05,5.26815048158523e-07,2.58892515605195e-05,3.20111634989335e-31
"4",0.924219406808227,0.894546706198794,0.929967866901971,0.512938188532559,0.437483538205065,0.516821592470076,0.47850554842023
"5",0.0703464388837267,0.0817773585296675,0.0668772124199546,0.0347926833970847,0.0398184013429778,0.0381650999744186,3.66495759010586e-28
