"","glmGamPoi (Pb)","edgeR (Pb)","limma (Pb)","glmGamPoi (cell)","Nebula","Devil (base)","Devil (mixed)"
"1",0.0244854952256162,0.0436234194020627,0.0312500018722158,1.63504796002411e-06,4.74635390805938e-07,2.09134393445764e-06,2.62847936930936e-32
"2",0.0577752764926718,0.0722920415440761,0.0708495318316489,0.00497172406249309,0.00495293651000952,0.00572935713271058,0.0385735688446582
"3",0.963835002578334,0.949466898467633,0.864386938380182,0.969083484796023,0.968541661490329,0.99999999951896,1
"4",0.00207500142805736,0.00792056420674501,0.00269393302937077,2.46687323915576e-11,3.97013094141944e-12,3.31324642782497e-11,2.13333484988027e-17
"5",0.0170587581406412,0.0357288066186263,0.0203541023651139,0.000187121169362818,0.000175280079470898,0.000234590215922015,0.000481080032388752
