"","glmGamPoi (Pb)","edgeR (Pb)","limma (Pb)","glmGamPoi (cell)","Nebula","Devil (base)","Devil (mixed)"
"1",0.801667125144466,0.859699905847958,0.757781048748727,0.805282652102946,0.761884825725053,0.806090406517778,0.882187635997261
"2",0.38313183444384,0.425491620497421,0.37594390208044,0.191767192436917,0.150829060068651,0.194964224780883,0.0160992727573875
"3",0.518117221650737,0.602691762322294,0.278391991503194,0.0496144616404495,0.0604301780037125,0.0528982658839095,0.24972879327521
"4",0.88141425494271,0.923759392550568,0.943430076005677,0.604758002389704,0.582468467300153,0.60829809985238,0.487427864328973
"5",0.194202281179848,0.210475133368679,0.178982573773905,0.0112742467078773,0.0118715220662636,0.0123294100676273,3.61005980226557e-08
