"","glmGamPoi (Pb)","edgeR (Pb)","limma (Pb)","glmGamPoi (cell)","Nebula","Devil (base)","Devil (mixed)"
"1",0.39220311555229,0.386729601174709,0.770609073065678,0.174486452974286,0.467195046238976,0.17734403518629,0.244048736358145
"2",6.39127254383737e-05,0.00100228810624664,0.000102718532712395,1.98845080883153e-10,5.3018460476107e-11,2.56600683619148e-10,5.27297443588445e-14
"3",0.00772110983402687,0.017428180776132,0.0421806768427677,0.000209794024681713,0.000385814068716608,0.000230427582393399,5.80168309559661e-05
"4",2.45823245632516e-07,0.000494627521178852,9.9281800701018e-07,2.60972978560286e-21,1.24775434312384e-23,2.52179658391963e-21,1.68753413264486e-19
"5",0.16228965403768,0.212232090955739,0.351768672344073,3.24738079958022e-07,1.00390767696635e-07,3.72108308248356e-07,1.8668755816938e-06
