"","glmGamPoi (Pb)","edgeR (Pb)","limma (Pb)","glmGamPoi (cell)","Nebula","Devil (base)","Devil (mixed)"
"1",0.0394872613953875,0.151025964630377,0.0381149502055869,1.58679218306628e-06,1.28460998559508e-06,1.71616765412931e-06,1.41578299515723e-19
"2",0.176361744620097,0.271181622514685,0.161681759257574,0.000616284455877743,0.000599247447052592,0.000665610991456375,2.95310247654233e-06
"3",0.947219280733738,0.801833221406553,0.755323690781089,0.0445316112350787,0.0445169909094668,0.0459027091670702,0.227119938844222
"4",0.00862240216107896,0.0179163681049624,0.00294981386038276,2.13139565583457e-10,8.4292380839927e-11,1.9066586195277e-10,3.74804117753679e-120
"5",0.300151723623945,0.361281344435836,0.237059407921113,0.0910065864966898,0.094135039886215,0.0934431432678871,0.0527763330387894
