"","glmGamPoi (Pb)","edgeR (Pb)","limma (Pb)","glmGamPoi (cell)","Nebula","Devil (base)","Devil (mixed)","glmGamPoi (fixed)"
"1",2.92656253242393e-07,0.000159740409298652,4.12030884750521e-07,4.91100242316295e-43,8.68013197023358e-45,8.83947017325028e-43,4.01367004086628e-32,NA
"2",9.38014583396327e-05,0.0026629127290222,8.62185209770219e-05,3.07503919700261e-56,4.92519718924835e-62,5.25326014634228e-56,1.00692630133256e-84,NA
"3",0.00369175302143999,0.0130714359349168,0.00193955981324592,3.39860913582412e-15,3.49780400624937e-15,4.44842295495349e-15,2.3007861862169e-11,NA
"4",0.000920236270927279,0.00462910757441996,0.0029838778142637,7.98100764121597e-24,2.83181845235364e-25,1.05934899794221e-23,7.34480363989054e-32,NA
"5",4.74681177877091e-06,0.000412102212146161,4.2844058958457e-06,4.00814471513418e-48,2.28536961735768e-49,9.40068208334512e-48,1.01386623291255e-49,NA
