"","glmGamPoi (Pb)","edgeR (Pb)","limma (Pb)","glmGamPoi (cell)","Nebula","Devil (base)","Devil (mixed)"
"1",0.0244854952256155,0.0436234194020627,0.0312500018722158,1.63504791872452e-06,4.74635390805938e-07,2.04701134572805e-06,2.3657410742933e-32
"2",0.0577752764926743,0.0722920415440762,0.0708495318316488,0.00497172403084637,0.00495293651000952,0.00559009139043096,0.0380451683424194
"3",0.963835002578337,0.949466898467633,0.864386938380181,0.969083484846613,0.968541661490329,0.999764247391916,0.999999980338497
"4",0.0020750014280574,0.007920564206745,0.00269393302937073,2.46687320555454e-11,3.97013094141944e-12,3.07589050867312e-11,1.99500495368328e-17
"5",0.0170587581406428,0.0357288066186263,0.0203541023651141,0.000187121168025339,0.000175280079470898,0.000226490509806586,0.000470512998769017
