"","glmGamPoi (Pb)","edgeR (Pb)","limma (Pb)","glmGamPoi (cell)","Nebula","Devil (base)","Devil (mixed)"
"1",0.0994678367262211,0.128125476300908,0.0936635603370677,0.0266434978896463,0.0161186659559064,0.0293321548973198,2.52518172906939e-07
"2",0.140962177928913,0.211467501706784,0.29020071204156,0.156015685422077,0.139911965413815,0.16411251088129,0.0324830958820817
"3",0.104001262362166,0.150206805958309,0.122087898807888,0.0164669495151916,0.00640492645828168,0.0180809077809261,0.0524153250245973
"4",0.0112023172661313,0.0209068263675253,0.00533240231918939,2.18906588949483e-07,1.46147665488602e-07,2.79639111423875e-07,3.76591384757684e-07
"5",0.280732269919861,0.334313332495803,0.215141940484839,0.123521200636691,0.09581940162754,0.128380165399047,0.00931078432694377
