"","glmGamPoi (Pb)","edgeR (Pb)","limma (Pb)","glmGamPoi (cell)","Nebula","Devil (base)","Devil (mixed)","glmGamPoi (fixed)"
"1",0.0054322437355124,0.0414851721889754,0.0124514191313981,1.19328768924541e-08,1.38447472487404e-08,1.33083998381685e-08,3.06058874646623e-06,NA
"2",0.000819965025030747,0.0407064417373819,0.00816221002539023,5.0600024387555e-06,3.70071496295117e-06,5.38319107410962e-06,9.26944909314404e-09,NA
"3",0.00380765778621289,0.0109838657717968,0.00412933426670438,2.43769074510533e-12,1.27558112943961e-11,3.24776158389954e-12,5.65342418447725e-14,NA
"4",3.19687148880977e-05,0.00034664486661955,6.64917240271728e-06,9.26310434411216e-07,1.66555256586148e-07,1.00278764275949e-06,3.02502223210609e-05,NA
"5",0.00198351993959187,0.0122332433187541,0.0596544043868388,3.29192885858889e-17,2.46510478112351e-17,4.28152894678512e-17,1.0172813942696e-24,NA
