"","glmGamPoi (Pb)","edgeR (Pb)","limma (Pb)","glmGamPoi (cell)","Nebula","Devil (base)","Devil (mixed)"
"1",0.507309104528243,0.547181293979673,0.538374700856226,2.92714905185353e-05,7.68166477107416e-18,3.05290893046913e-05,8.60420535568211e-08
"2",0.114746311616724,0.101672671811923,0.0949341790993931,0.00131160405210886,0.000548050562605887,0.00146928853155381,1.40611782047267e-11
"3",0.737240954841089,0.763686363617329,0.677391576715913,0.453955466106949,0.474456870377434,0.451087494586412,0.520792796247363
"4",0.145848145520419,0.190977426952266,0.159008793694726,8.0036836831087e-07,2.27338939107849e-06,9.38533388222548e-07,5.90553769926449e-22
"5",0.227235969076688,0.260934184822441,0.246223787023914,0.0164449244734795,0.0164621366495929,0.0172664323945258,0.0745535049473689
