"","glmGamPoi (Pb)","edgeR (Pb)","limma (Pb)","glmGamPoi (cell)","Nebula","Devil (base)","Devil (mixed)"
"1",0.00879248327426143,0.0285639231225416,0.0130364919158773,2.36799179356058e-15,1.38179191726956e-16,2.61083319787165e-15,1.91073372849416e-71
"2",0.0048441599640301,0.0255458264955744,0.00825430065745998,6.30450131539595e-31,7.93998365759844e-34,8.84691292600916e-31,5.76013645644917e-20
"3",0.0707920734906443,0.106453096121961,0.115049580075436,5.42222474161652e-14,1.1797116442523e-14,6.17429634165899e-14,1.1988105526356e-10
"4",0.0390586635974085,0.0718217049693962,0.0265332646224667,2.13055440715623e-33,1.93851615121004e-40,2.53686463194857e-33,9.59692845172872e-67
"5",0.000295618018511753,0.0105641626511049,0.000208216206179476,1.80555942958106e-15,1.79715785225144e-16,2.1269444464448e-15,2.9604381112772e-15
