"","glmGamPoi (Pb)","edgeR (Pb)","limma (Pb)","glmGamPoi (cell)","Nebula","Devil (base)","Devil (mixed)","glmGamPoi (fixed)"
"1",0.00414905244667907,0.024284415613666,0.00776177354857066,3.65780309400696e-14,6.38052346648267e-16,4.01878996378735e-14,5.48682693957303e-22,NA
"2",0.00176693563865578,0.00602541041562338,0.00311044530895693,9.84789829262558e-18,1.58554654012189e-18,1.30484209798887e-17,4.9594821919803e-18,NA
"3",0.00166581814262741,0.00560177942047216,0.00225681210536951,1.96591193592302e-10,2.22284711406658e-11,2.25653790706989e-10,1.31439212888019e-09,NA
"4",0.0620812758995352,0.0931450407287535,0.183387601529513,3.69615859320719e-09,2.94912557946422e-19,3.49548067629958e-09,4.03412231477425e-06,NA
"5",0.000598487702852739,0.00750852401014376,0.000666581449873639,3.43998823313542e-12,5.34254997832966e-12,4.12351450545231e-12,1.84566526650299e-26,NA
