"","glmGamPoi (Pb)","edgeR (Pb)","limma (Pb)","glmGamPoi (cell)","Nebula","Devil (base)","Devil (mixed)"
"1",0.167440669088177,0.214799404405611,0.147444661542593,3.40090640816558e-213,6.98542012378422e-309,1.75075982544011e-214,0
"2",0.155410830751607,0.158088425981415,0.154841880939543,1.06107897069761e-14,2.22696967942273e-14,1.88301354644311e-14,2.49338353521654e-34
"3",0.302385153640445,0.312220656669602,0.330224981752476,1.01037767925623e-15,3.03697353543685e-17,1.02082356779291e-15,1.25976717266791e-24
"4",0.400555407960278,0.4486280633237,0.529226509142943,1.42269420845641e-17,7.31263258357127e-19,1.36150750413232e-17,1.12298816513963e-35
"5",0.254462099910037,0.292333839121681,0.273303446422196,2.49173278238819e-37,9.69105957956861e-39,8.47019834450013e-37,2.59631839052581e-57
