"","glmGamPoi (Pb)","edgeR (Pb)","limma (Pb)","glmGamPoi (cell)","Nebula","Devil (base)","Devil (mixed)"
"1",0.0473789093554336,0.0652857286179665,0.0368250633896541,2.95618063213497e-05,2.47941169527858e-05,3.2265477101986e-05,0.000366855520189105
"2",0.0102657456344457,0.0202207500690823,0.00722552358724505,2.52487152285562e-07,2.51985023057159e-07,2.71830423820322e-07,5.81491408112649e-21
"3",0.00396904750661025,0.00557463873532242,0.000938734067503783,9.15455415947446e-41,3.57947360635938e-42,1.02086892014394e-40,5.7836861574693e-69
"4",0.0914629829209004,0.127003769113467,0.0978272780022568,0.000118003374310888,0.000114357822728998,0.000124696069183215,8.57691284963618e-12
"5",0.00850473643346999,0.0247844088097077,0.00941790233381949,1.18013781130348e-17,6.40824694060255e-17,1.16129856420365e-17,5.38508387423497e-18
