"","glmGamPoi (Pb)","edgeR (Pb)","limma (Pb)","glmGamPoi (cell)","Nebula","Devil (base)","Devil (mixed)"
"1",0.0174298381179973,0.0401696794331893,0.0286360171892521,0.00492025204235636,0.00502563940375878,0.00516209500074697,0.0535888947239032
"2",0.150235440353833,0.182745305119815,0.211626869834642,0.0488771336836519,0.0606244985845397,0.050134339838774,0.0135161426719677
"3",6.11443820492319e-05,0.00254174603817238,0.000493125522564384,2.36401849638313e-28,2.66021594251776e-33,1.31948571685829e-28,9.63495599578548e-24
"4",0.00613037876485214,0.0212267825989044,0.0168936484624225,0.00181217769865114,0.00240005445971586,0.00192307210627744,0.0004469801773771
"5",0.00876718790444552,0.0221645324003855,0.013058213823377,0.000300884246763551,0.000150335006525785,0.000326349149868657,9.20094502318698e-09
