"","glmGamPoi (Pb)","edgeR (Pb)","limma (Pb)","glmGamPoi (cell)","Nebula","Devil (base)","Devil (mixed)"
"1",0.00443149487682045,0.00943015149588988,0.00313732024716002,2.04079832529131e-06,1.20345429294713e-07,2.13929540547075e-06,4.83191792406941e-11
"2",0.00222895392946024,0.00639621008918463,0.00827841322423986,2.55174226612539e-05,2.27895973679878e-05,3.02369263731519e-05,1.56503187289748e-12
"3",0.00137030326142825,0.00868130294773018,0.00239253937849837,5.61381044960233e-08,3.97831217252781e-08,6.9214791253931e-08,1.18589942158547e-11
"4",0.0224694595947237,0.0368408568347101,0.0293820293909155,1.72972420344598e-06,1.2301541451533e-06,1.81691600004986e-06,2.70609972846656e-06
"5",0.0322677312744739,0.056804997674336,0.12884295347147,8.1270366646973e-05,0.000223090128930988,8.5099632851332e-05,0.00322537325273538
