"","glmGamPoi (Pb)","edgeR (Pb)","limma (Pb)","glmGamPoi (cell)","Nebula","Devil (base)","Devil (mixed)"
"1",1.83127881403349e-10,1.238750639651e-05,4.82924130195116e-11,1.60821014094191e-55,2.07672675889612e-59,4.40214746195967e-57,1.64809134545979e-67
"2",0.0443081253749363,0.0565086546760157,0.078105757907649,0.0120979157737651,0.0134721082393828,0.0135322789037372,0.00290805817862963
"3",0.107437855511157,0.145758471337062,0.343141972525889,0.0188708636806978,0.0425012968327277,0.0216258360665709,0.00988208936718628
"4",0.177393526263481,0.247449439303951,0.599301899514278,0.0320379567002338,0.0660015436437119,0.0356005587379973,0.0625240508741628
"5",0.000744543809945694,0.00395104115277363,0.00387860370360514,5.023282256054e-06,8.64408548267502e-06,7.94256856910109e-06,2.16948979601845e-06
