"","glmGamPoi (Pb)","edgeR (Pb)","limma (Pb)","glmGamPoi (cell)","Nebula","Devil (base)","Devil (mixed)"
"1",0.00127484978959811,0.00761682334097822,0.00073268774120244,4.40934438695991e-05,4.18239426401343e-05,6.73294175817153e-05,1.3353549610998e-11
"2",0.00179228637155892,0.00993740610551836,0.000947806913328846,5.46107588688672e-07,1.93802485263421e-07,7.66461184520913e-07,1.62409801338654e-15
"3",0.0118517205951609,0.0225075392491974,0.00732554720549161,0.00659529856371474,0.00551777088803111,0.00816915068679312,0.0402388764590735
"4",0.0987592380978685,0.127417192280649,0.0559257825889891,0.0812772384099656,0.0661490609532946,0.0894075661860716,0.105536565193796
"5",0.0894977861112944,0.133131930270364,0.211584945729287,0.0304902301754332,0.0359863720129893,0.0341409612286519,0.1115704684883
