"","glmGamPoi (Pb)","edgeR (Pb)","limma (Pb)","glmGamPoi (cell)","Nebula","Devil (base)","Devil (mixed)"
"1",0.150381557093775,0.16791385962373,0.1022216427484,0.0744303715633724,0.083415616984377,0.0885048225467502,0.117715608583704
"2",0.132059498873313,0.153007020286188,0.111613725310235,0.193965660724192,0.222365863757521,0.228851052626534,0.151132688751801
"3",0.286045567334295,0.31645323628056,0.43423136314144,0.326472863116488,0.348278898647494,0.351851498457654,0.32744999815964
"4",0.103582884212014,0.147071997933414,0.069702187949747,0.0778109084503624,0.0876744073222086,0.089995525132633,6.01973147127065e-05
"5",0.126506340921191,0.143484369596386,0.289687776257972,0.194910488652607,0.228683172085379,0.234715495115482,0.0759944300487041
