"","glmGamPoi (Pb)","edgeR (Pb)","limma (Pb)","glmGamPoi (cell)","Nebula","Devil (base)","Devil (mixed)","glmGamPoi (fixed)"
"1",0.000722014547584913,0.00318082997940623,0.00162952635695374,0.000751567013185727,0.000884816903310289,0.000901366474459127,2.25509603196997e-08,0.000642029861544445
"2",0.00646784688949533,0.0387072344679082,0.00803785822103746,0.00962639417777879,0.0115568230334285,0.0103857708425041,8.47163878630548e-05,0.0102828595763736
"3",0.0449773997427601,0.163673092927927,0.0506650490053502,0.0367737551474821,0.03349072002733,0.0384423946816648,0.00539394106477309,0.026555671835761
"4",0.00129176596925741,0.019864820319524,0.00137349866046747,0.00170511195821503,0.00198785308399709,0.00192178952444005,0.00269570690672044,0.00121606789033221
"5",0.000707783613170949,0.00280514743024227,0.000953869247501206,0.00147052253369055,0.0016749541027079,0.00173682445083488,0.000177938736297526,0.00154110474565665
