"","glmGamPoi (Pb)","edgeR (Pb)","limma (Pb)","glmGamPoi (cell)","Nebula","Devil (base)","Devil (mixed)"
"1",0.021575395829719,0.0367723216517254,0.0337954551385804,0.0347808448424316,0.0544107022048287,0.0570102922281794,0.0802104248724557
"2",0.131760961862941,0.145822790071495,0.0831285713025833,0.0990613419885548,0.114935308206901,0.117245257921395,0.0789062579959283
"3",0.0246597739498571,0.0423652675675565,0.0249243556023131,0.0150230554972357,0.0230818177726763,0.0244588147946186,0.00879490245856136
"4",0.00134701856187884,0.0016973872010932,0.000806403387487432,0.00133101433297372,0.00296424845980426,0.00334490041155113,0.000277720089911168
"5",0.0324488960996406,0.0340470169526682,0.0127640917969593,0.0216165284668233,0.0301772385113199,0.0319196704453616,0.000761579599803705
