"","glmGamPoi (Pb)","edgeR (Pb)","limma (Pb)","glmGamPoi (cell)","Nebula","Devil (base)","Devil (mixed)","glmGamPoi (fixed)"
"1",0.006406161394742,0.0173874642067314,0.00753685472701721,1.1964582490425e-05,2.24815310266492e-05,2.68454406616656e-05,1.82311188724007e-11,NA
"2",0.299297562135519,0.347097699251046,0.220577192325652,0.146447264104568,0.138225968725416,0.16298189684035,0.0905866414434529,NA
"3",0.846530183707278,0.863117329292992,0.992475749207119,0.572794421812872,0.585477549782786,0.587386618768541,0.747944782174636,NA
"4",0.517041420907771,0.499619184111897,0.392379003381466,0.276323218600324,0.337142582418065,0.296686860164974,0.183517408335033,NA
"5",0.0902858945145901,0.169959601512393,0.0991145242205147,0.00223655646800377,0.00614596681416797,0.0033842176667971,2.71789803981499e-05,NA
