"","glmGamPoi (Pb)","edgeR (Pb)","limma (Pb)","glmGamPoi (cell)","Nebula","Devil (base)","Devil (mixed)"
"1",0.0112866269799025,0.022721078450352,0.0341425668224471,0.0109369638977675,0.013414107122644,0.0127065127952477,0.000401984774903619
"2",1.00486571335054e-22,1.11274933807751e-11,7.3593642008105e-24,6.84624831981494e-49,1.96541658920919e-56,8.43830984694592e-49,4.8023892749844e-24
"3",0.00103005670469142,0.0157899061271887,0.00100949969020882,0.000228716489863445,0.000369597508529795,0.000314293750819998,0.000496006816743426
"4",0.0734099618913103,0.112077998011633,0.145058742686341,0.0197677896428627,0.013540109699159,0.0228078519515637,4.61326577632367e-05
"5",0.000384236042561211,0.00140245922588838,0.00203808743323019,1.77352815083286e-05,2.99155723574e-05,2.92970603935743e-05,1.88121311556651e-08
