"","glmGamPoi (Pb)","edgeR (Pb)","limma (Pb)","glmGamPoi (cell)","Nebula","Devil (base)","Devil (mixed)","glmGamPoi (fixed)"
"1",0.520419954473353,0.51338650231572,0.50733593846213,0.600096414316636,0.603982885933285,0.609448760059919,0.687177039179908,0.624103758926707
"2",0.516891519994581,0.5445010901865,0.552475846654965,0.406305347651592,0.457448270875673,0.412319576923128,0.19534166341412,0.464389120776106
"3",0.104602520893656,0.0770541635735162,0.0395827368882809,0.0701427750009857,0.0773994695708346,0.0806063936109721,0.0697354528039314,0.0708958378015954
"4",0.00729538135778915,0.025889670466196,0.00697389602801954,0.00155913890695315,0.00151791015803164,0.00187812408326622,0.000438987749999185,0.001574366458602
"5",4.42087936362579e-05,0.00132306456424429,1.27873797838163e-05,3.52104293845197e-12,2.64752427037539e-13,1.96279163218429e-12,1.15151107827137e-08,1.87121165697315e-12
