"","glmGamPoi (Pb)","edgeR (Pb)","limma (Pb)","glmGamPoi (cell)","Nebula","Devil (base)","Devil (mixed)"
"1",0.00412711962658534,0.0123494554928845,0.00319043212011367,0.000121960364947791,0.000191682187849223,0.000186209249244339,1.86380565610745e-06
"2",0.000441870942705456,0.00206334375799428,0.000228023972844907,4.07301096014062e-10,2.09644765980218e-11,6.02082523842796e-10,1.06467116428407e-15
"3",0.235579107307527,0.245261911183321,0.143330235068519,0.228630993383679,0.2350902247653,0.238136082012382,0.299732274573215
"4",0.658218841485385,0.633813341050651,0.727171191999481,0.67066074484745,0.609495571731145,0.675723795719808,0.74092528245507
"5",0.0127925053844126,0.0257438839517736,0.029011505847406,0.000579737043413501,0.00109008297825102,0.00078381413145033,0.0263298427794039
