"","glmGamPoi (Pb)","edgeR (Pb)","limma (Pb)","glmGamPoi (cell)","Nebula","Devil (base)","Devil (mixed)"
"1",0.000112331365949796,0.00688569589646281,0.00013718901320883,4.34102331019991e-07,8.66376699704018e-08,7.13435291826224e-07,3.0467747489336e-07
"2",0.000108877425397359,0.00102327680881512,0.000848265440419801,1.39069436594948e-05,9.21804147527117e-06,1.97565241483818e-05,1.1312199990042e-07
"3",0.0111657851022734,0.0512982935592131,0.00524823058281921,0.0145205904666921,0.0101372721515824,0.016203572376494,0.00448846351453592
"4",9.15991606101842e-07,0.000294500305804393,1.16013866129246e-06,1.38422632832909e-20,5.29494028430888e-24,3.37086057676666e-20,2.37851028059726e-14
"5",0.0646939525588435,0.100220764936685,0.0265761333476885,0.0107542121269455,0.00615736245192051,0.0118968741415573,0.000376912927737948
