"","glmGamPoi (Pb)","edgeR (Pb)","limma (Pb)","glmGamPoi (cell)","Nebula","Devil (base)","Devil (mixed)"
"1",0.0140838359802574,0.047537562279538,0.039874383251387,0.00452993022501069,0.00799286022405622,0.0049819740176023,0.00338831762124274
"2",0.000502125356640712,0.00703225725095663,0.00448259333040562,8.6617447199908e-05,0.000140177642547183,0.000104936561070107,1.82533741610691e-06
"3",0.000469017608669499,0.00415561600668852,0.00110959221752916,0.000302097342745949,0.000441916767277309,0.000360693957107508,7.75171925727328e-05
"4",1.80828477695784e-09,9.28535675598787e-06,1.20195649008112e-09,6.95522540585319e-14,1.03066398591604e-13,1.23623403892423e-13,3.09273566634656e-14
"5",8.03089547926936e-08,0.000216809317330507,1.85094594379305e-06,7.15136000963161e-10,6.37826124323128e-10,1.10875290281262e-09,1.09006097675882e-10
