"","glmGamPoi (Pb)","edgeR (Pb)","limma (Pb)","glmGamPoi (cell)","Nebula","Devil (base)","Devil (mixed)"
"1",0.000112331489447109,0.00739381731049321,0.000137189013208842,4.34072982863854e-07,8.66376691644123e-08,6.9999751611349e-07,2.98673391795691e-07
"2",0.000108877477455297,0.00131957875608868,0.000848265440419767,1.39068989792604e-05,9.21804147597058e-06,1.84349541151118e-05,1.03177262064824e-07
"3",0.0111657854784066,0.0504867044382752,0.00524823058281899,0.0145206129396238,0.0101372722269239,0.0155836860743644,0.00433042265587183
"4",9.15993145557549e-07,0.000369302609579606,1.16013866129235e-06,1.38395768788601e-20,5.29495813466438e-24,3.2666400304286e-20,2.33403620412881e-14
"5",0.0646939685617539,0.116399791164627,0.0265761333476894,0.0107541332408418,0.00615736245200518,0.0120645245385829,0.000387408751509919
