"","glmGamPoi (Pb)","edgeR (Pb)","limma (Pb)","glmGamPoi (cell)","Nebula","Devil (base)","Devil (mixed)"
"1",0.0623816338378655,0.0660995510970218,0.208995555522066,0.00833169167610861,0.00925633003387854,0.013339116202099,0.0263639881641187
"2",0.720163256540932,0.719440790223585,0.887077323903417,0.586415518248538,0.590468282738137,0.593880657444103,0.520336878941213
"3",0.00121363821398482,0.00132651825866693,0.00263573848871269,0.000296533132619181,0.00087675797387206,0.00110784694405565,4.34800630947659e-05
"4",5.27581659983587e-07,4.64371786279658e-05,1.96697475006309e-06,5.72724556872046e-11,7.06012722238494e-12,2.35588566617939e-10,8.26724012395487e-09
"5",0.0464090760974705,0.044623440302293,0.0232060082696218,0.0154299217577942,0.015975311225358,0.0171300782179007,5.56739368475901e-06
