"","glmGamPoi (Pb)","edgeR (Pb)","limma (Pb)","glmGamPoi (cell)","Nebula","Devil (base)","Devil (mixed)"
"1",1.49830548751634e-08,1.78328269112226e-05,3.71429551758304e-08,5.81239667625336e-12,1.48123514024502e-12,9.23782115447529e-12,6.79086235562153e-11
"2",2.7776855626251e-08,0.00019611176603406,1.41735629775049e-08,2.66881920761768e-11,8.108863599173e-12,3.43201119978631e-11,1.18727282385706e-07
"3",1.09257188579543e-06,0.00010982700625981,1.13000986230657e-05,6.71557312405353e-10,4.78195228621043e-10,1.00780105659607e-09,2.5673209903662e-10
"4",0.00238438682909578,0.0473739109407422,0.00421631260323869,0.00127803926460284,0.00186157283993141,0.00137621960300736,0.00356950079099022
"5",0.000109513195355718,0.00170719494410372,0.000183933258868054,5.82203149787479e-05,0.000119301011632962,6.94467071955721e-05,2.28550066264894e-09
