"","glmGamPoi (Pb)","edgeR (Pb)","limma (Pb)","glmGamPoi (cell)","Nebula","Devil (base)","Devil (mixed)"
"1",0.0937192169650763,0.157157564242654,0.182445682284787,0.121924704706017,0.124026296347743,0.12513982175747,0.112452564903995
"2",0.00680820151308505,0.0272844387369311,0.0102192321059626,7.53311853896515e-07,1.81802022832943e-08,9.50385880605996e-07,4.89264632102354e-09
"3",0.000740409633807734,0.00254701599317654,0.00325731697795399,0.000581304009358808,0.00111124555564741,0.000670376013589456,0.00414143664878932
"4",3.17147613543581e-07,0.00030371190052759,1.63832318807573e-06,2.50924654695328e-08,2.54095919410908e-08,3.36084656884874e-08,3.86600775203099e-08
"5",2.28787230376526e-15,2.06348986535198e-08,3.57897012746748e-15,1.15488045111241e-48,1.48852361489977e-57,5.22265290380857e-49,2.3937669425353e-53
