"","glmGamPoi (Pb)","edgeR (Pb)","limma (Pb)","glmGamPoi (cell)","Nebula","Devil (base)","Devil (mixed)"
"1",0.000244338152921607,0.00133233811757843,0.00176146623582636,3.74233534042565e-06,4.76537382172374e-06,4.5471437408953e-06,5.03449972816975e-07
"2",0.00171456364715301,0.00828457110533955,0.00424582856890503,3.32999000122204e-13,6.30221575669316e-14,5.7343377059847e-13,3.42475256125902e-11
"3",0.00212180414829019,0.0352856151756208,0.00271636647170896,0.000205452593207278,0.000146585526300605,0.00025589877159313,0.00418689540609959
"4",0.000478207538399574,0.00604527214292039,0.00093482496475637,6.0271329385779e-05,7.30451906145071e-05,7.77774266289246e-05,7.69140743172972e-07
"5",0.0310761888001653,0.118733604532449,0.0308475768924255,0.0140462983119322,0.0153268152669985,0.0152856255834614,0.0318034709387404
