"","glmGamPoi (Pb)","edgeR (Pb)","limma (Pb)","glmGamPoi (cell)","Nebula","Devil (base)","Devil (mixed)"
"1",0.0112866273123163,0.0292693768122826,0.0341425668224457,0.0109369638309912,0.0134141060392022,0.0129756360986114,0.000416195907559065
"2",1.00487045398311e-22,1.25068535393594e-11,7.35936420080966e-24,6.84624792753966e-49,2.0692663176042e-56,1.37291635648583e-48,4.80623738049071e-24
"3",0.00103005683736542,0.0170486958580986,0.00100949969020882,0.00022871648810911,0.000369597508540853,0.000287205047829758,0.000468099607518145
"4",0.0734099757367776,0.121395346899168,0.145058742686346,0.0197677895654347,0.0135401097011223,0.0220931628975488,4.26483140120474e-05
"5",0.00038423630362018,0.00135324122456642,0.00203808743323034,1.7735281522513e-05,2.99155722245482e-05,2.69974688326507e-05,1.65412421577902e-08
