"","glmGamPoi (Pb)","edgeR (Pb)","limma (Pb)","glmGamPoi (cell)","Nebula","Devil (base)","Devil (mixed)"
"1",0.0140832820936231,0.046216252154447,0.0398743832513865,0.00452993042635135,0.00799286011141247,0.00533517317963812,0.00362400097957773
"2",0.000502108454827604,0.00711823915988407,0.00448259333040571,8.66174550993458e-05,0.000140177642451692,0.000115586201413164,2.04013347426946e-06
"3",0.000468954927665068,0.0042700300739534,0.00110959221752921,0.000302097366346502,0.000441916766905274,0.000388804384089512,8.41172954654849e-05
"4",1.80909587704376e-09,1.04910420537468e-05,1.20195649008106e-09,6.95522756809609e-14,1.03066398591493e-13,1.47055048485807e-13,3.50898122970647e-14
"5",8.03274262617804e-08,0.000222265208699426,1.85094594379329e-06,7.15136180859595e-10,6.3782612432278e-10,1.25852334725992e-09,1.21433507340673e-10
