"","glmGamPoi (Pb)","edgeR (Pb)","limma (Pb)","glmGamPoi (cell)","Nebula","Devil (base)","Devil (mixed)","glmGamPoi (fixed)"
"1",0.00275884511981888,0.0134684453197488,0.00421472409293556,1.60087815191003e-07,2.71117410022727e-07,3.91084260418174e-07,7.33603696202216e-30,1.25287505397152e-07
"2",0.000828783354991819,0.00440063398742627,0.00120776640779262,1.23232235655061e-07,2.22777983020204e-07,2.91219935615605e-07,4.38532023263686e-27,1.11025039256182e-07
"3",0.0446306715707005,0.0889380774464314,0.16275649508864,4.57270632495403e-05,8.48982639473354e-05,8.40940389606667e-05,0.0107434238234315,3.10258860966929e-05
"4",0.233918995556765,0.338309780450795,0.380696192221012,0.119346406982885,0.151986634506146,0.127962367448116,0.0634608445529104,0.136643284544129
"5",0.00763482833781526,0.00401089992809783,0.00410028324936261,0.00331411602063799,0.00449049213394132,0.0047652336863316,2.75584107898173e-15,0.00336896360931195
