"","glmGamPoi (Pb)","edgeR (Pb)","limma (Pb)","glmGamPoi (cell)","Nebula","Devil (base)","Devil (mixed)","glmGamPoi (fixed)"
"1",1.2166639797502e-07,0.000638263432435431,3.50810914342925e-08,5.98202616142513e-20,1.36374545669156e-20,1.20203021987162e-19,6.12972355383363e-18,8.32764724948372e-21
"2",2.88878301794121e-17,1.74244663228792e-09,3.43992316147481e-17,1.34231998631191e-82,4.26581145373788e-103,6.13773451353847e-82,1.75375751687746e-98,1.78486270543095e-98
"3",4.95919265679625e-07,0.000197414203762218,3.91868964567346e-06,8.41170731567211e-36,6.82369909405268e-39,3.14176222869842e-35,1.17681160686056e-30,4.06494398608822e-39
"4",3.38326666572547e-05,0.00283791555196396,5.55970963226789e-05,4.27504328475795e-11,3.29873581794564e-11,7.05685763974727e-11,1.02731951634518e-12,9.83588201759568e-12
"5",5.85111818730995e-08,1.51416902348077e-05,2.35107155836625e-08,1.62623743389447e-13,3.52726308863174e-13,3.3640125574476e-13,3.12583710911172e-15,1.54357862341875e-13
