"","glmGamPoi (Pb)","edgeR (Pb)","limma (Pb)","glmGamPoi (cell)","Nebula","Devil (base)","Devil (mixed)","glmGamPoi (fixed)"
"1",0.00052475227403306,0.00227805010787487,0.000783372497581009,4.24996930957881e-05,0.000103552070195427,0.000131402663591322,3.12456177528887e-33,NA
"2",0.00562915504391225,0.0133462447026876,0.00456210767965423,0.000965415497534348,0.00154767968054832,0.00177888790603567,0.00123441891986414,NA
"3",0.0225748359598841,0.0277708325005934,0.042483609435615,0.00741427316988679,0.0114317784745668,0.0121887943999704,0.0389896238897031,NA
"4",0.0867630044139337,0.100303673001618,0.0638542629637841,0.0400323615024645,0.0496359123778825,0.0520839559077086,0.0559920757544329,NA
"5",0.282462351731095,0.223075556805164,0.177008047609574,0.162650304008243,0.179369650931833,0.183626609079613,6.41531663672181e-07,NA
