"","glmGamPoi (Pb)","edgeR (Pb)","limma (Pb)","glmGamPoi (cell)","Nebula","Devil (base)","Devil (mixed)"
"1",0.0203305207844275,0.0307890804694311,0.0725359680203239,0.00343315780587057,0.0219582895947495,0.00536758486476194,0.0415858927897849
"2",0.0343551029655547,0.0796050720157759,0.0875625118376816,0.00516144359750783,0.0113083162320293,0.00703102755438616,5.35421156068914e-06
"3",0.0520418923910921,0.0808125609649111,0.0672885996811139,0.0223137285708991,0.0543228300565031,0.0266752005779737,0.0220885543400339
"4",2.04967917778558e-06,0.000124868442283869,1.76575066538985e-06,7.18886729508378e-12,2.35521067742741e-11,4.35861078813032e-11,3.24419713727741e-18
"5",0.0187687201502289,0.0340136873896,0.0108505620287575,4.04758393082647e-07,2.53969404650919e-06,5.49176025081398e-07,1.92456224066287e-18
