"","glmGamPoi (Pb)","edgeR (Pb)","limma (Pb)","glmGamPoi (cell)","Nebula","Devil (base)","Devil (mixed)"
"1",0.0887400673233307,0.0950523993730179,0.102958438568611,0.168339478681882,0.190651804435626,0.192615646987236,0.0793391779571707
"2",0.0279625350301886,0.0321465727703623,0.0160871727948521,0.020637563775098,0.0263105262174777,0.0281550301309438,0.00502328375203071
"3",0.0238080542600023,0.0231253744170412,0.0302052174091412,0.0109556595325863,0.0145845217189469,0.0158054266164615,6.12972576503354e-05
"4",0.0402083801365801,0.0281644611300457,0.0135946941347054,0.0413457674494129,0.048465417663827,0.0514707661843714,5.63675117710099e-05
"5",0.0665464446752134,0.0490903368621073,0.0594844263009956,0.0325776947772273,0.041724189930925,0.0438128613858896,0.110320503818288
