"","glmGamPoi (Pb)","edgeR (Pb)","limma (Pb)","glmGamPoi (cell)","Nebula","Devil (base)","Devil (mixed)","glmGamPoi (fixed)"
"1",0.00265069294016724,0.0202292245122242,0.0258145235725099,0.00274552318235599,0.00478597686030573,0.00324212923038208,1.81057377670611e-06,0.00125435483470271
"2",2.79485403926155e-06,0.000903537679928821,1.02679512750814e-05,1.52995320817185e-05,1.91050150470061e-05,2.03274024727059e-05,5.21053436373963e-07,6.78934299329154e-06
"3",1.22547648726429e-05,0.00109983441128862,1.18871811711189e-05,4.81765118535065e-06,5.86624212624517e-06,7.00240598949054e-06,1.24716618253688e-07,2.18171458072711e-06
"4",0.00446760978917215,0.0159858074468171,0.0094438583629667,0.00518084505476284,0.00505390761507076,0.00599301442878177,0.00292944073177651,0.00291813086840994
"5",0.0016871059544419,0.00829829959530151,0.00519100813994208,1.17977528442914e-05,1.16251826409994e-05,1.70068703728616e-05,1.32562591739073e-05,5.36349530267083e-06
