"","glmGamPoi (Pb)","edgeR (Pb)","limma (Pb)","glmGamPoi (cell)","Nebula","Devil (base)","Devil (mixed)"
"1",0.63002681209273,0.618731039327728,0.635325723783878,0.769796398738359,0.776022058014983,0.778905555474193,0.751291117217458
"2",0.16945531259221,0.233738262374973,0.242626320460817,0.132286965412261,0.117630672495634,0.152315448972841,0.0832721355053828
"3",0.694522480216774,0.662537556362433,0.65427598361096,0.824923153886603,0.828440278879975,0.829667998222089,0.608295923209895
"4",0.593713729746915,0.674343589105953,0.542860742189467,0.62606454844393,0.684247557297019,0.635364791255271,0.384370945717774
"5",5.47931019901427e-05,0.00246656942109375,2.41030738847922e-05,1.90800684718666e-08,2.54895216966535e-09,1.52453332441016e-08,1.05483371762932e-22
