"","glmGamPoi (Pb)","edgeR (Pb)","limma (Pb)","glmGamPoi (cell)","Nebula","Devil (base)","Devil (mixed)"
"1",0.0116738311136987,0.0183587246187518,0.0300641298447724,0.00743804327207652,0.0153719033724313,0.0135193056392907,0.0103484642008981
"2",0.294532319825446,0.296042308521002,0.352139160772616,0.364942192099768,0.377496337714334,0.382210024323172,0.518473469032492
"3",0.0590437716269435,0.0652521687192859,0.0422753220502654,0.0248545108743707,0.0225791164097123,0.034091986804534,0.00237753692787198
"4",0.174506305881406,0.180627636788137,0.155323503117363,0.0842759797778468,0.100994924908833,0.105346147340607,0.0224743042241333
"5",0.0502976205103083,0.0433656317321078,0.0345906733814315,0.0222632692311918,0.0300303147321612,0.0320535726952992,0.00667602305254705
