"","glmGamPoi (Pb)","edgeR (Pb)","limma (Pb)","glmGamPoi (cell)","Nebula","Devil (base)","Devil (mixed)","glmGamPoi (fixed)"
"1",0.00221539645467545,0.0103527828904366,0.00334935567573774,1.17156988593504e-05,3.29808312392274e-05,4.50888967185682e-05,2.15153364049652e-25,6.47266697419764e-06
"2",0.197563393197068,0.199741952688298,0.203404614605344,0.132483103974789,0.161366520702098,0.162450097289229,0.00460697385962706,0.147263028086616
"3",0.184362710108449,0.222344246678586,0.251315077920008,0.0823456555888875,0.127214499963908,0.101882850809038,0.0668011791161399,0.0998791025880158
"4",0.257155365743169,0.274503069103768,0.251836431589283,0.131776946637447,0.144762512306013,0.155589600901579,4.72379010625037e-06,0.10697494327096
"5",0.0570434191436444,0.0450907784897185,0.0300047389180362,0.0192815329013155,0.0265304353873024,0.0282744492495016,0.0067819258691275,0.0218358426372896
