"","glmGamPoi (Pb)","edgeR (Pb)","limma (Pb)","glmGamPoi (cell)","Nebula","Devil (base)","Devil (mixed)"
"1",4.39033078556968e-06,0.00186802234699683,3.14700747926684e-06,2.54878567727917e-08,2.74358920517693e-08,4.11254253248811e-08,1.7597863971856e-09
"2",2.07251631631582e-06,0.00021202997703061,2.91076862129154e-06,1.68418976176466e-10,3.24418831571069e-10,3.36434254715639e-10,1.36453731865393e-07
"3",0.000278757095355081,0.00489599084237154,0.000590164910091288,1.77182233083787e-05,2.6123058648971e-05,2.31117445569842e-05,2.03023564458655e-07
"4",0.0088917982484444,0.0236665327726208,0.0104430422456468,0.000189053490770942,0.000365136676373024,0.000231650727726249,0.0007145176591858
"5",7.0098167087903e-10,4.31674879511966e-06,4.1422422114105e-09,3.48211448672481e-17,2.99580183607906e-17,9.69908350886526e-17,1.41177226080557e-20
