"","glmGamPoi (Pb)","edgeR (Pb)","limma (Pb)","glmGamPoi (cell)","Nebula","Devil (base)","Devil (mixed)"
"1",0.000417629396871865,0.00186260765872133,0.0017177233487619,0.000190431281404446,0.000262687893060662,0.000273027388461676,0.000142129381262012
"2",3.22361788876916e-10,1.01480566607565e-05,3.7687397133733e-10,1.36491184412582e-26,7.98628297927453e-27,4.62363808209055e-26,2.01666261032647e-16
"3",0.0100689042843846,0.0224051033492494,0.128860469560227,0.00272662875660136,0.00600026042847855,0.00317478867189068,0.00192877939831873
"4",2.50906612100108e-05,0.000640203539019846,1.37877226260098e-05,8.23328033577737e-06,1.29777179993073e-05,1.28575081665291e-05,9.30311964113874e-07
"5",0.000120829405315965,0.000242350140280981,0.000306706500491858,0.000313920700801802,0.000397501967118752,0.000409897966138432,5.79877674673163e-08
