"","glmGamPoi (Pb)","edgeR (Pb)","limma (Pb)","glmGamPoi (cell)","Nebula","Devil (base)","Devil (mixed)"
"1",0.0257006297389696,0.0179290036043014,0.0396263356825818,0.00159500150657499,0.00390171576038215,0.00218342981790728,0.035823032752997
"2",0.0401258850056257,0.0850731898102251,0.0108029116105652,3.0416467891789e-09,3.85517600684443e-09,4.2962111836751e-09,0.000659102700884201
"3",0.0145300750262433,0.035496228805686,0.00829687962756796,3.92662001752044e-05,3.64171324831598e-05,5.78590937484978e-05,6.15397772603643e-14
"4",0.262918887812794,0.312364571165133,0.377885581772583,0.10609025316779,0.120893262451683,0.113897788210672,0.320403118256462
"5",0.0667754649668924,0.128556776882003,0.0610604343231196,0.000289440586075327,0.000211972485621711,0.000350767219505678,8.30627315097208e-09
