"","glmGamPoi (Pb)","edgeR (Pb)","limma (Pb)","glmGamPoi (cell)","Nebula","Devil (base)","Devil (mixed)"
"1",1.83127288612548e-10,1.28193710165095e-05,4.82924130195167e-11,1.60820966753149e-55,2.0767265907454e-59,4.10669029429644e-56,1.66048578363172e-67
"2",0.0443081197881611,0.071701361907709,0.0781057579076484,0.012097916078679,0.0134721111799018,0.0139061167972061,0.00300870245610389
"3",0.107437847550039,0.17210247182076,0.343141972525903,0.0188708640173493,0.0425012968270392,0.0207566979109168,0.00938436167681163
"4",0.177393505147314,0.287189092675098,0.599301899514288,0.032037957185591,0.0660015436437088,0.0345446337846493,0.0609980303675145
"5",0.000744543418243337,0.00391469418765884,0.00387860370360514,5.0232827802913e-06,8.64408548654885e-06,7.55880811659288e-06,2.08574012060006e-06
