"","glmGamPoi (Pb)","edgeR (Pb)","limma (Pb)","glmGamPoi (cell)","Nebula","Devil (base)","Devil (mixed)"
"1",0.00445059365733258,0.0109739137117718,0.00481711611360274,4.38538154860976e-05,2.50427456211444e-05,6.60090113516837e-05,1.26433555133889e-11
"2",0.0829543704086602,0.114050869229132,0.0512511571955546,0.044887685952418,0.029885882983712,0.0517472131443313,0.0188584646407253
"3",0.00465033509141983,0.00360055782231697,0.00154056343542561,0.00042515809710693,0.000354087521650435,0.000668721391606701,2.61185254506546e-33
"4",0.0356961084090047,0.0496828063253031,0.030194445102356,0.0219479331214425,0.0201657472963367,0.0267113499172709,0.00954934426183265
"5",6.59825563846422e-07,8.30773789019648e-05,1.0311504098942e-06,7.74073189671765e-22,3.01802270437414e-32,4.69423826196547e-22,2.29196753227835e-49
