"","glmGamPoi (Pb)","edgeR (Pb)","limma (Pb)","glmGamPoi (cell)","Nebula","Devil (base)","Devil (mixed)"
"1",0.0623961416805589,0.0483174799646473,0.208995555522063,0.00833169160527536,0.00925633003416075,0.0131599696614915,0.0259289539212605
"2",0.720166195897507,0.715607926626627,0.887077323903421,0.586415517992688,0.590468282738137,0.597987200130483,0.524672584614867
"3",0.00121437715341739,0.0010621856380155,0.00263573848871283,0.000296533130795888,0.00087675743248927,0.00109248057842376,4.55044608377337e-05
"4",5.28917099914157e-07,5.47739007076005e-05,1.96697475006311e-06,5.72724506803022e-11,1.91950494545549e-11,2.36134364700489e-10,8.27663459306011e-09
"5",0.0463991671710937,0.0499539999051475,0.0232060082696216,0.0154299216363196,0.0159753112253589,0.017851912761685,5.49536008420953e-06
