"","glmGamPoi (Pb)","edgeR (Pb)","limma (Pb)","glmGamPoi (cell)","Nebula","Devil (base)","Devil (mixed)"
"1",0.0102369568871952,0.0269879139081849,0.0356319162710334,0.00487816860031649,0.00328754868823324,0.00642643903156628,0.00135804631052782
"2",0.00118121888502934,0.00396438690227822,0.00312138163510693,0.00160083969065161,0.00194322098422977,0.00201515621960277,0.00754621181635301
"3",0.0979455993866222,0.18569190985156,0.139917007641754,0.139021627236462,0.138299303500718,0.149014336725976,0.0135915021563893
"4",0.000128737149486615,0.000923100654632604,0.000460899727172663,9.13863653434553e-05,6.60699896095624e-05,0.000148129980162686,1.2388804887683e-05
"5",0.138355464070717,0.252468466000994,0.229310089171271,0.0756817902592438,0.0750994312889027,0.0827776898761935,0.0238796011918812
