"","glmGamPoi (Pb)","edgeR (Pb)","limma (Pb)","glmGamPoi (cell)","Nebula","Devil (base)","Devil (mixed)"
"1",0.000490708713323358,0.0135151425726087,0.00157786975828935,0.00137467647916567,0.000888204924229542,0.00154259437146034,0.00037242425835011
"2",0.00245280628731285,0.0234908185258275,0.00723345669219955,0.00018568199186744,8.82358764244088e-05,0.000215522413070226,0.000194388817106051
"3",4.04481924327009e-21,2.45387545989184e-11,1.34302607280697e-21,1.02423345208007e-45,5.75591424059764e-73,3.13269297033684e-46,2.78325744337611e-22
"4",2.49087139375557e-18,8.09798829656372e-12,1.8999395545249e-18,1.33944388053224e-43,1.53330109224503e-59,2.56227157798141e-43,7.00139271493329e-37
"5",0.00121258049400843,0.0573236903625833,0.000942175824422391,7.11214301135594e-07,1.66819766161945e-07,7.92983145882202e-07,1.37677710630771e-06
