"","glmGamPoi (Pb)","edgeR (Pb)","limma (Pb)","glmGamPoi (cell)","Nebula","Devil (base)","Devil (mixed)"
"1",0.0044131311293132,0.0139028801695049,0.0150213090952515,0.00149999107364244,0.00116946363081047,0.00190932988210672,0.00230410022521193
"2",0.0832738042489789,0.134295061542979,0.0955645736931761,0.0951586107904988,0.0563998581856656,0.102018985411187,0.0423783821908766
"3",0.00380239834017504,0.0141682034066029,0.0043880842060636,0.00210972626889356,0.00241352425900549,0.00261171777954561,0.00125617128508561
"4",5.44711520012945e-11,1.34482820016363e-06,1.93168070011787e-10,9.66078750788307e-19,2.70425518165725e-28,3.12500484809887e-18,5.16245635742639e-22
"5",4.09253758349863e-06,0.000366396996553255,4.23891080288628e-06,2.98331279315719e-11,3.26851007628257e-14,6.10025328170297e-11,6.65159399327183e-08
