"","glmGamPoi (Pb)","edgeR (Pb)","limma (Pb)","glmGamPoi (cell)","Nebula","Devil (base)","Devil (mixed)","glmGamPoi (fixed)"
"1",0.188070516605622,0.285032850115347,0.426819410689358,0.00462873973978069,0.0159658639138247,0.0077205465934502,0.0152110325699071,NA
"2",0.135814279124938,0.193417590547835,0.476188540256447,0.02651656401037,0.0545767224693866,0.0400236621725587,0.109625468644356,NA
"3",0.25972970832515,0.275205676140804,0.501442325953063,0.106829344540992,0.138966637611988,0.127832577650454,0.00950574766729908,NA
"4",0.0512282907046028,0.061644796668548,0.0550373267784201,0.00372491568113424,0.00598909920166008,0.00674418434725252,4.75350713225536e-11,NA
"5",0.201947876950321,0.213584370473966,0.231821649362888,0.0934734958640799,0.108062994256984,0.111243097541117,0.124639934774139,NA
