"","glmGamPoi (Pb)","edgeR (Pb)","limma (Pb)","glmGamPoi (cell)","Nebula","Devil (base)","Devil (mixed)"
"1",0.032849466433337,0.0418399304771872,0.0494118949806391,0.0260010121447368,0.0462944245961692,0.0318997919314121,0.02183604564837
"2",2.05581071047236e-05,0.000881350888974714,0.000156391020605427,2.08927765561142e-11,8.18688069328347e-12,9.6313242581345e-11,1.10864145488983e-12
"3",0.0446774091426519,0.0794536121697145,0.110272595675752,0.0467220375755851,0.054737012084328,0.0571925158163474,0.0259818780318641
"4",0.164860003437487,0.217850373774779,0.203289183427644,0.155101505146023,0.199242794508069,0.168820755240686,0.257719925646291
"5",0.0326180900832241,0.0377051824979053,0.0389578626616236,0.0549513669359151,0.0642333810687193,0.0671827066609057,0.0769395437170516
