"","glmGamPoi (Pb)","edgeR (Pb)","limma (Pb)","glmGamPoi (cell)","Nebula","Devil (base)","Devil (mixed)"
"1",0.12957812014542,0.178390301665739,0.111199508891647,0.0334645163998752,0.0313980196805342,0.0419960602906401,0.092197269080383
"2",0.838051743287298,0.860374227330781,0.878271623425374,0.962223256157445,0.865318666630553,0.963004223118752,0.873580346541436
"3",0.0235127719279018,0.0468698994770245,0.0138536596895635,0.000162893063542583,0.000188287875830606,0.000222510474106133,1.14431029556761e-21
"4",0.0177914161468499,0.015636009972067,0.0142622568918912,0.0208514559058274,0.025095505440899,0.0261490504944298,0.0229684165861019
"5",0.20223820348959,0.26588416554252,0.339623624259335,0.146840379025873,0.113299605020824,0.159916418920975,7.62165278387847e-05
