"","glmGamPoi (Pb)","edgeR (Pb)","limma (Pb)","glmGamPoi (cell)","Nebula","Devil (base)","Devil (mixed)"
"1",0.166528836882399,0.178130613235544,0.170272870342554,0.0966899804344524,0.09671594420868,0.115315069380167,0.00772134544027376
"2",0.00216540058575166,0.00169970556037155,0.00191571770992308,0.00104535021222718,0.00246488376598264,0.00290002778995148,1.49902800888781e-11
"3",0.906696730030039,0.845442254731419,0.673463278392447,0.787998722795643,0.791530826184344,0.793494686149959,0.732184323468609
"4",0.0467994610770101,0.0369465449085732,0.0450505327753452,0.0217559251204842,0.0301705381960398,0.0320320936148049,0.00741559660047864
"5",0.343225919601696,0.224932569439867,0.0867667122673441,0.208949362650929,0.237231856267793,0.246647746553761,0.312660307363193
