"","glmGamPoi (Pb)","edgeR (Pb)","limma (Pb)","glmGamPoi (cell)","Nebula","Devil (base)","Devil (mixed)"
"1",0.00941345421157247,0.00846068152733112,0.00403925323678032,0.00104385500518792,0.00211734998328343,0.00165128997992835,0.0929486653006791
"2",0.51301868664611,0.432315366885557,0.378712035497876,0.343956917575341,0.366288017335644,0.360060035027671,0.15912189518587
"3",0.507966524865559,0.482880661614279,0.171986562680309,0.216262498903173,0.235537377437094,0.229260111637584,0.553189164035026
"4",0.217481882484831,0.170699149866575,0.519487534090509,0.0844371682156588,0.114859211975004,0.100275306568299,0.00314055887800271
"5",0.482268227696828,0.498154674684236,0.353553336735361,0.231898795727551,0.149536609255634,0.239921959205705,0.17191948435032
