"","glmGamPoi (Pb)","edgeR (Pb)","limma (Pb)","glmGamPoi (cell)","Nebula","Devil (base)","Devil (mixed)"
"1",3.58621702709798e-05,0.0032767366539865,7.35128153602344e-05,8.09876873726615e-08,3.21014218765589e-07,1.21818734455373e-07,4.2503469608732e-07
"2",5.60820706590364e-10,1.44140320255372e-06,2.62507836260766e-09,9.8618391527831e-21,1.08719849210101e-21,2.78674072028314e-20,1.33426269544924e-24
"3",8.70782443065257e-07,0.000491733452479836,5.2090908303292e-07,6.70918348737774e-14,3.15095575374067e-14,1.30172603043895e-13,5.57501192007183e-18
"4",3.22953027437693e-09,8.81609475581563e-06,1.55721133787009e-09,7.27133216394286e-16,1.425305010387e-15,1.54897140475837e-15,3.70872635246767e-35
"5",0.00191256964891248,0.022651777187411,0.00176529770631437,9.90473981793198e-08,7.90864112062985e-08,1.44464697742208e-07,1.73781454823113e-05
