"","glmGamPoi (Pb)","edgeR (Pb)","limma (Pb)","glmGamPoi (cell)","Nebula","Devil (base)","Devil (mixed)"
"1",0.337524948526061,0.411479013663457,0.969200802299695,0.319073969397395,0.323874968051457,0.325276574137748,0.191484891316156
"2",0.707851554988682,0.731269658644504,0.862524043250516,0.790244716439491,0.791737436068469,0.792287826333418,0.813324950629031
"3",0.101726299224204,0.155949041040556,0.328793153800482,0.0508225518169292,0.0660802053930142,0.0543100822849526,0.0770343623349955
"4",0.000339704959306661,0.000918104283253962,0.00517946312539738,0.000180304421020065,0.000230248011577775,0.000248759130986513,4.48313371537734e-05
"5",0.0131264857404932,0.0461455655638568,0.0247598186869342,0.000983120257271916,0.00129695824572403,0.00116242810080017,0.0020403286061366
