"","glmGamPoi (Pb)","edgeR (Pb)","limma (Pb)","glmGamPoi (cell)","Nebula","Devil (base)","Devil (mixed)"
"1",0.000805870665910437,0.018423331777169,0.00439511315654342,0.0107917322293764,0.0127844238570462,0.0124450797120454,0.000109703971377431
"2",0.15022915866894,0.214867270884014,0.406822308848628,0.143353975887026,0.119852193778265,0.149736426878467,0.0543547919315741
"3",0.00183439796925198,0.0227987490513703,0.0163176588295852,0.0151509579402171,0.0171603122573579,0.0174841766405208,0.00575083282337945
"4",0.0863798653038105,0.211736006359199,0.138158653421925,0.13530890555284,0.146589467160375,0.142816898883706,0.283447483980072
"5",0.0332956325156015,0.108961851642191,0.117338832043711,0.144106687420889,0.155861830810327,0.154823571643181,0.0441213530357692
