"","glmGamPoi (Pb)","edgeR (Pb)","limma (Pb)","glmGamPoi (cell)","Nebula","Devil (base)","Devil (mixed)"
"1",0.0979199099282088,0.11163258471528,0.063044077854692,0.102972320337677,0.110023577661533,0.114381756075506,0.00841183670241715
"2",0.179810260999768,0.218609282901812,0.169057573007712,0.0691147436720116,0.0454479061177448,0.0785999465257906,0.000326152177635522
"3",0.00210495285875315,0.00313434448214884,0.00140311593783871,0.000204530908165232,0.00016231275893221,0.000340529880842954,0.017249009625982
"4",0.0624661883474154,0.0794407543537517,0.0456350640629157,0.00234956518505031,0.0019049332113579,0.003406987599838,7.35592673449458e-05
"5",0.0245053475449775,0.0303316893845482,0.0271668277140755,0.00133776933981526,0.000688435003323099,0.00200487222084939,0.000586857934148511
