"","glmGamPoi (Pb)","edgeR (Pb)","limma (Pb)","glmGamPoi (cell)","Nebula","Devil (base)","Devil (mixed)","glmGamPoi (fixed)"
"1",9.53001790511811e-08,0.00020147778667714,2.95661877183264e-07,7.43885526757985e-10,2.4640421544955e-10,1.01586598430252e-09,1.46771331832709e-08,NA
"2",0.000362119377351545,0.00377451620309792,0.000577067225452414,1.08468457662662e-05,1.38899264015293e-05,1.33012666129747e-05,4.95666767138363e-07,NA
"3",4.13756414289553e-07,4.5141548214535e-05,2.22582011164157e-07,2.48976374904976e-09,8.32587582541465e-10,3.79086181872985e-09,1.34978047952485e-13,NA
"4",3.0011482465777e-11,2.3993975681449e-06,7.45371148395888e-12,7.42721271869924e-19,2.65403304681301e-21,1.10313873967256e-18,2.11762418862214e-13,NA
"5",4.07979322005117e-05,0.00703392272446385,4.67215802279579e-05,2.85192367474344e-13,1.4060783227373e-13,3.85560280634221e-13,2.72797864572978e-19,NA
