"","glmGamPoi (Pb)","edgeR (Pb)","limma (Pb)","glmGamPoi (cell)","Nebula","Devil (base)","Devil (mixed)"
"1",0.00903880261367819,0.0357850507631397,0.0465805402406442,0.00188432777082481,0.000861619653697104,0.00202776829137927,0.000657845295952287
"2",4.09131192254067e-07,0.000140553406934353,1.1165185163876e-06,3.8417357282186e-09,7.82149865924683e-10,7.05205826388857e-09,1.69191257267241e-14
"3",0.00118945745353934,0.0284664875372106,0.00130417546597806,4.2301416239677e-10,6.83138087016603e-10,7.22173599062261e-10,3.98714674531187e-08
"4",0.00668934493255531,0.0333093947871708,0.0141257519541262,0.000259863699238161,0.000412791325574186,0.000333084981962403,0.000115240303780885
"5",2.221597823693e-05,0.000475364195067822,0.000120659323538666,4.19681287677712e-13,6.66641082204889e-12,1.00105438965666e-12,1.93057937147496e-10
