"","glmGamPoi (Pb)","edgeR (Pb)","limma (Pb)","glmGamPoi (cell)","Nebula","Devil (base)","Devil (mixed)"
"1",1.72909158195676e-05,0.00523815594481845,7.13082622995338e-06,5.19797927830831e-12,2.81492708425059e-14,6.07137874115482e-12,5.26683736033813e-11
"2",0.21629106901083,0.190303601599121,0.244481832325382,0.17860144467677,0.204692234419447,0.21485641539633,0.0302773492325921
"3",0.586509648417598,0.581095394091245,0.945140359031549,0.494433684141735,0.575367851198024,0.522920156628958,0.514671674208267
"4",0.864614570782636,0.854126257085571,0.836866029937667,0.755471649988439,0.7796625537057,0.766849498168058,0.791161253299778
"5",0.0429956408799786,0.05904862174205,0.0307033969842639,0.0265420809441944,0.0450581963638621,0.0453132439895336,0.0409508472803803
