"","glmGamPoi (Pb)","edgeR (Pb)","limma (Pb)","glmGamPoi (cell)","Nebula","Devil (base)","Devil (mixed)"
"1",0.00242231730665381,0.016335130558928,0.00610875844655958,0.000636497951616339,0.000256433034105511,0.000787525473920191,0.000296317197218998
"2",0.166110286063449,0.257505700063722,0.176808707875594,0.154421085981986,0.179010693446335,0.160473052983594,0.331178479554027
"3",0.000182002581701097,0.0100023420395862,0.000253609881057491,8.66336705181855e-07,8.77533298070329e-07,1.14507082845945e-06,1.56981285202526e-08
"4",0.000658514272705218,0.00519164254673213,0.00223539302830256,0.00398025362961806,0.00432353409310299,0.00475412251405251,2.14772631267479e-06
"5",0.233578328036936,0.301471972073115,0.485332178113677,0.366494914157611,0.379262681339791,0.374115945125983,0.37762767795847
