"","glmGamPoi (Pb)","edgeR (Pb)","limma (Pb)","glmGamPoi (cell)","Nebula","Devil (base)","Devil (mixed)"
"1",0.00080587202192459,0.0169053482390876,0.00439511315654341,0.0107917329710471,0.0127844238617764,0.0128769664421168,0.000116596511909352
"2",0.150229153817592,0.202822531859211,0.406822308848627,0.143353978594614,0.119852193778254,0.154930482813321,0.0575151576580942
"3",0.00183439781399203,0.0209582113608879,0.0163176588295849,0.0151509590623952,0.0171603122573576,0.0183127330891356,0.00609802793533752
"4",0.0863798611189338,0.20584245085693,0.138158653421923,0.135308909363465,0.146589469563456,0.146513477137879,0.286406941304782
"5",0.0332956319174391,0.101034322019374,0.117338832043707,0.144106693691859,0.155861805237531,0.157545274863027,0.0455199688865877
