"","glmGamPoi (Pb)","edgeR (Pb)","limma (Pb)","glmGamPoi (cell)","Nebula","Devil (base)","Devil (mixed)"
"1",0.123634164229642,0.181000999815098,0.102448910986275,0.0244718234617272,0.0342429028765277,0.0289587095192909,0.00125760649227955
"2",0.570239064850526,0.56652788136817,0.557213185915133,0.424916213293489,0.512454773168574,0.43685771660705,0.0141305139409624
"3",0.0460748754094746,0.0830221678971576,0.0486018593806937,0.000839730184976377,0.00111258139036929,0.00135962811516501,1.42545159266248e-39
"4",0.0614151465718169,0.0945001597980655,0.115278105329597,0.00677676694776655,0.0114358029671813,0.00965233583822746,0.00099980113307494
"5",0.0531579727775408,0.0556040409481352,0.0559596592411498,0.0205597038916429,0.0330880960154935,0.0270146400881726,0.0494355156841095
