"","glmGamPoi (Pb)","edgeR (Pb)","limma (Pb)","glmGamPoi (cell)","Nebula","Devil (base)","Devil (mixed)"
"1",0.159110702548133,0.170411662756395,0.158085698009635,0.0681124884935829,0.0744776360418904,0.0772273905064378,0.00692532845854607
"2",0.130024848669254,0.141526289598616,0.0575366351465228,0.049363351622864,0.0546751508813235,0.0547246631752965,0.0235501245897523
"3",0.017718425201915,0.0514924515791795,0.0141755750134893,4.03388438970476e-09,7.32669147350574e-09,1.03137800135235e-08,5.58293041736886e-16
"4",0.0207749918739203,0.0219655325248409,0.00678365109826994,0.00104893790673408,0.0020326232101098,0.00158202137475714,2.94147083740671e-05
"5",0.111303832303744,0.134943313807566,0.118674081395568,0.0325838889332043,0.056753154114395,0.0371015683213653,2.19402157428687e-12
