"","glmGamPoi (Pb)","edgeR (Pb)","limma (Pb)","glmGamPoi (cell)","Nebula","Devil (base)","Devil (mixed)"
"1",0.192821568702799,0.223067642946726,0.205261685300597,0.157181201758617,0.186967394807084,0.186209579708,0.0309227133880113
"2",0.0133402666193618,0.0222176359031809,0.00951634609713195,0.0118233756474314,0.0162744020352235,0.0171421335134286,1.84751323572723e-11
"3",0.11317133950853,0.10825408430202,0.077114912460369,0.122011629871994,0.141134295301123,0.144300493758589,0.00126293051302123
"4",0.132588421772383,0.116503614093305,0.105826273923779,0.159838529353313,0.1731906522654,0.176211699265148,0.0465674774303746
"5",0.000249196039320044,0.00167606157602026,0.000414628726635539,4.87327685251725e-06,9.25744057088686e-06,1.19972564974239e-05,5.43108761676576e-24
