"","glmGamPoi (Pb)","edgeR (Pb)","limma (Pb)","glmGamPoi (cell)","Nebula","Devil (base)","Devil (mixed)","glmGamPoi (fixed)"
"1",9.23681618999892e-08,2.18460281748006e-05,1.00430951567574e-07,6.62428235047551e-41,5.05538596436487e-49,1.9969087175093e-40,1.30791775962202e-103,NA
"2",0.0713625495292905,0.124478374464756,0.0480935967394394,0.00390064865530408,0.00848134660812414,0.00527844134116253,3.54717492524862e-11,NA
"3",0.00224732696034272,0.00288800151261082,0.00134917654191763,7.76182689031404e-05,0.000169339210894052,0.000142452219412579,3.76134735550745e-17,NA
"4",7.00825246044538e-07,0.000105955690673946,1.02741976669091e-06,1.80535040551666e-33,8.71968085660622e-37,2.6050664121914e-32,4.17607512872755e-55,NA
"5",0.000375855908722952,0.000358651047375098,0.000257681370105562,1.0082318189727e-05,2.5603454376988e-05,2.64009343646055e-05,8.12095439485451e-23,NA
