"","glmGamPoi (Pb)","edgeR (Pb)","limma (Pb)","glmGamPoi (cell)","Nebula","Devil (base)","Devil (mixed)"
"1",0.000198468158042947,0.0027432088011823,0.00016762495460613,6.41106076915914e-05,7.61759811778e-05,8.1048171676868e-05,8.86317502901217e-07
"2",0.00260731146069231,0.0106856353125554,0.0028147974698853,8.95026463646207e-05,0.000112357179735658,0.000111881285400697,0.000108911227584163
"3",1.11451325192999e-08,4.52168280938416e-06,2.29950031808617e-08,3.89223092610535e-23,2.17075197842355e-28,1.12147201189546e-22,4.68826296519116e-17
"4",0.00275965512776317,0.0295605269260244,0.00306720988514177,0.000492733349191596,0.000320302784367227,0.000574677453177613,5.63102065401939e-06
"5",0.0104997718882627,0.023256390000868,0.043947138297999,6.07687842515737e-05,2.62123039933154e-05,7.66494216408902e-05,0.000213362266643035
