"","glmGamPoi (Pb)","edgeR (Pb)","limma (Pb)","glmGamPoi (cell)","Nebula","Devil (base)","Devil (mixed)"
"1",0.106442304156828,0.144812808850135,0.214461576674144,0.102518342329304,0.112705176317452,0.112988904486903,0.0545548503759788
"2",0.00727618999617065,0.0197788537346635,0.0296118275682887,0.00263182595360667,0.00705606243143816,0.00378764939858744,0.000533012613784444
"3",0.0054742485567183,0.0108795203390043,0.0236631173456342,0.00263811458706277,0.00403534527776437,0.0035887587122928,0.000290177322600731
"4",0.522827497498649,0.546872407132496,0.895183052515372,0.368402817141517,0.549857129155367,0.385143017306754,0.293181383070508
"5",0.00066756773291165,0.00163681947216565,0.00336884297348994,0.00120315852032842,0.00175738746206461,0.00179258049145183,0.000349720275343603
