"","glmGamPoi (Pb)","edgeR (Pb)","limma (Pb)","glmGamPoi (cell)","Nebula","Devil (base)","Devil (mixed)"
"1",0.0562422807755188,0.0634599753037619,0.0456025038567018,0.0265089151714952,0.0306498726330979,0.0329934159600301,0.0142268423142896
"2",0.0180541032413119,0.0207287174713369,0.013493122788056,0.00747780078382449,0.0099245244461808,0.0110618183121039,0.0157399701930936
"3",0.104669295688104,0.125990574236861,0.295113439078343,0.0935286953189456,0.0927510056176086,0.107994474677635,0.0058901906692109
"4",7.12725149410864e-05,0.00135039910929288,0.000163171903037066,8.98216547008728e-10,8.79393903213193e-13,1.25883519523528e-09,6.90510546009202e-17
"5",0.141204572358784,0.167176975196857,0.134344886657346,0.109947477882586,0.130544554991757,0.128461004333737,0.0294668988078006
