"","glmGamPoi (Pb)","edgeR (Pb)","limma (Pb)","glmGamPoi (cell)","Nebula","Devil (base)","Devil (mixed)"
"1",0.136748333477012,0.100312495687854,0.0431824655358793,0.0309671465930786,0.0354595911394802,0.0377441529624544,0.0556840389186661
"2",0.00518312626444109,0.00471280270931217,0.00708248836666002,0.00291900103676796,0.00425495873915402,0.00472906020577849,2.91276711188103e-10
"3",0.0473883208900937,0.111096631931543,0.0297557119863723,0.0125100233119629,0.0132997224221327,0.0149739796724189,2.7037814719356e-08
"4",0.134000873238232,0.125807344802656,0.131935306605295,0.060865506353825,0.0668238193770019,0.0703377269091837,0.00190560239114626
"5",0.000352721617054599,0.000310311575810604,6.71433282144718e-05,3.62278939039119e-06,5.19395832218286e-06,9.62798026238747e-06,5.29840440214206e-15
