"","glmGamPoi (Pb)","edgeR (Pb)","limma (Pb)","glmGamPoi (cell)","Nebula","Devil (base)","Devil (mixed)"
"1",0.000102223340271495,0.00242132413766941,0.00016810489339969,5.61629435986171e-06,5.74687736230242e-06,7.97106174361293e-06,8.48365486531037e-06
"2",4.0376302475566e-06,0.000844413587531665,8.01427504953546e-06,2.80360303034291e-08,2.18559706343043e-08,4.9431098637867e-08,4.30246306222157e-07
"3",0.00048838069190919,0.0124523627800903,0.000319985960266226,6.98298828221788e-06,1.63460464980385e-05,1.00659302667606e-05,5.06678825346481e-08
"4",2.35542086667141e-06,4.11201349146498e-05,3.29215309229756e-05,1.20536379278982e-07,1.98602607714031e-07,2.1450474297413e-07,2.34118602644768e-07
"5",0.000326048528854745,0.00545868837966159,0.000704270343906482,5.44924461152957e-05,7.61350749336102e-05,7.30317406164226e-05,1.62794970236052e-05
