"","glmGamPoi (Pb)","edgeR (Pb)","limma (Pb)","glmGamPoi (cell)","Nebula","Devil (base)","Devil (mixed)"
"1",4.08745612955407e-09,2.39776620640365e-05,7.71540005338154e-09,2.6135243339597e-16,2.82186469048892e-18,5.97856546354318e-16,6.41801747469588e-25
"2",0.0131030459994601,0.0540494326001769,0.0757008907025655,0.00264530905420705,0.00189575083168762,0.00306436252487657,0.0025157313602069
"3",5.7739994187614e-07,1.05718974758514e-05,9.09547849005967e-07,1.72018682303307e-09,8.18271669172381e-10,3.32459546485879e-09,1.82831105631256e-15
"4",0.00070932645323189,0.00927107096822612,0.00229398077554845,0.00110131208250258,0.000778732240159853,0.00132241280897955,0.000414645605609999
"5",6.1160945759281e-26,1.18550725633693e-15,1.18215150826304e-25,3.35622036355647e-105,5.47750816946083e-171,1.06562216784699e-106,4.33111574805567e-156
