"","glmGamPoi (Pb)","edgeR (Pb)","limma (Pb)","glmGamPoi (cell)","Nebula","Devil (base)","Devil (mixed)","glmGamPoi (fixed)"
"1",0.0354730944247331,0.126073447273419,0.165783358517596,0.0748537020545919,0.0558489623034595,0.077489081014518,0.0110668964133967,0.0341904938901136
"2",3.03427796000374e-06,0.000201866691086482,2.34776219774745e-05,1.2844752233913e-12,5.43883385820897e-14,2.14348610785748e-12,1.01290903736826e-20,1.72097451328325e-14
"3",0.126444082934186,0.250451040780612,0.179419330075122,0.217663382629116,0.220635641501637,0.221573330813958,0.112127626379804,0.226539301565044
"4",0.00256839744927576,0.0161798579793303,0.00218801740185987,0.00520753221151509,0.00318440710943179,0.0057644704615181,0.00148994483783866,0.00213357303408621
"5",0.0717298580316547,0.11166314222989,0.0687586604349347,0.0818554825956877,0.0840980483853635,0.084847919335095,0.0322438026682282,0.0621357887551115
