"","glmGamPoi (Pb)","edgeR (Pb)","limma (Pb)","glmGamPoi (cell)","Nebula","Devil (base)","Devil (mixed)"
"1",0.000418763816888574,0.001662406628713,0.000409618353811632,0.00013459045870894,0.000157420999811818,0.000172373168442435,2.02430812954559e-18
"2",0.556027357647591,0.562514450309988,0.342727736520997,0.49384715417266,0.447489696470652,0.495469796139969,0.533146846699032
"3",0.520986946692242,0.545927868735846,0.361704727200361,0.532524411304057,0.534787278780883,0.540004610227224,0.566027908208115
"4",0.000884725505026837,0.00712297784973218,0.00199934382570095,1.24625798469704e-07,6.45719169148593e-08,1.66842230679962e-07,7.78394027180509e-11
"5",0.00039851201510586,0.000610864311169344,0.000172861576674521,1.67011369300547e-06,2.0017334513051e-06,2.56084858614826e-06,1.75962658569677e-05
