"","glmGamPoi (Pb)","edgeR (Pb)","limma (Pb)","glmGamPoi (cell)","Nebula","Devil (base)","Devil (mixed)"
"1",0.00401511874828067,0.0111117679787361,0.00285016600011205,8.84013539557972e-08,1.08555069328901e-08,1.51699903960916e-07,8.30069939355914e-09
"2",0.000129869977998941,0.00456137691904137,0.000969794023409738,2.30634719691829e-05,2.84560131450869e-05,3.12152894306385e-05,1.18642433368485e-06
"3",0.0420424785253773,0.160764878137552,0.0459389166280854,0.0579654092172368,0.0565089411236109,0.0619565966224255,0.00696606811909755
"4",0.0229211754448785,0.100004980469655,0.0718879643812248,0.0226526252560286,0.0242317208847213,0.0245691157702338,0.0056549848786151
"5",1.5081136235102e-07,0.000469843715720621,4.79473843507648e-07,9.74585427866933e-16,1.53919992742066e-15,1.79537248423091e-15,2.04899204664619e-16
