"","glmGamPoi (Pb)","edgeR (Pb)","limma (Pb)","glmGamPoi (cell)","Nebula","Devil (base)","Devil (mixed)"
"1",0.246190381739786,0.304129938809112,0.131933057719632,0.18044797508712,0.191754433887205,0.195942197634171,0.0704803775512436
"2",0.715164690777444,0.883383714146353,0.902694642493909,0.404891115367828,0.541099335787171,0.415920745804269,0.560391078270043
"3",0.0449674798722755,0.0529876446386976,0.040934874045902,0.0115402369309825,0.013994366223829,0.0150648836641752,0.0527847660957208
"4",0.0166255793763415,0.0198256847150958,0.0139127367419929,0.00340511650695453,0.00437851837050006,0.0046994050170164,0.00196111997773523
"5",0.523270831924285,0.544493449299334,0.587608270198103,0.388269258562114,0.399343567130337,0.404318537861993,0.446499280431355
