"","glmGamPoi (Pb)","edgeR (Pb)","limma (Pb)","glmGamPoi (cell)","Nebula","Devil (base)","Devil (mixed)","glmGamPoi (fixed)"
"1",0.00162245320362359,0.00290376464197562,0.00114979365443686,0.000121632728284706,0.000167695891089284,0.000180088614269198,2.6347336196973e-06,9.95466063045074e-05
"2",0.0158687554116551,0.0436072247182455,0.0174125991871826,0.000832834074208461,0.000872973572208822,0.00106030043474042,0.00725081562878164,0.000613051023920362
"3",0.0268245557594475,0.0528484077366371,0.0215873864853434,0.0032873631976647,0.00394224805155228,0.00410362309174159,0.0583674194484296,0.00326227152461103
"4",0.00430269882349154,0.0219209518944026,0.00543071198541365,2.99682054601875e-06,2.41085854926389e-06,4.90922084190732e-06,0.0070381082009536,1.61668730846386e-06
"5",2.0003454232847e-06,0.000197445322177102,1.69331986951016e-05,5.51087805513991e-21,6.96907334682157e-22,8.93072130061593e-21,8.13284494741824e-75,3.57717884507363e-21
