"","glmGamPoi (Pb)","edgeR (Pb)","limma (Pb)","glmGamPoi (cell)","Nebula","Devil (base)","Devil (mixed)","glmGamPoi (fixed)"
"1",2.58163637926828e-07,9.78331634481648e-05,2.50990478196987e-07,8.97632533202554e-09,9.66078626162024e-09,1.36051275969252e-08,1.76242709014722e-08,NA
"2",4.11272901748881e-10,9.89871440707428e-06,6.1314593867689e-10,1.12109056178722e-16,1.02650043424992e-16,2.51529004828044e-16,2.56864076465742e-21,NA
"3",0.00116236751444147,0.00723507889303659,0.00200539268791801,2.26365174692551e-08,1.0813124006575e-07,3.50812625807697e-08,3.82633447866031e-07,NA
"4",4.36361949981548e-08,1.0874187636626e-05,4.60046906766453e-07,2.60841023405038e-09,4.79022865203308e-09,4.79732946163947e-09,1.16552975185269e-13,NA
"5",0.000247424575006371,0.00211730490679934,0.000166470343936754,8.76586997923371e-05,0.000107674116171459,0.000111718120000368,7.61595524084088e-05,NA
