"","glmGamPoi (Pb)","edgeR (Pb)","limma (Pb)","glmGamPoi (cell)","Nebula","Devil (base)","Devil (mixed)","glmGamPoi (fixed)"
"1",4.82561964431937e-08,1.23385208407883e-05,2.28191269752438e-07,1.15911598799152e-12,3.78150328700557e-12,2.5640966456535e-12,8.17343493196893e-13,NA
"2",0.00900536607524602,0.0592570489041243,0.00681294490013852,0.0012395484937232,0.00103427053785042,0.0014670669212223,0.00263906333716131,NA
"3",8.21350581705608e-06,0.000120593151853416,1.27769254098341e-05,3.17125273458407e-05,5.52399371782433e-05,4.46140428898045e-05,2.10433937683072e-06,NA
"4",0.0392996420166064,0.107099152067427,0.0878249262916515,0.0507148080340459,0.0530953637667559,0.0536146009876928,0.0565325228186006,NA
"5",0.0491729759463884,0.0933909727273213,0.144503002043511,0.0363506417083653,0.0387228341856654,0.0393405773829388,0.0326783017954563,NA
