"","glmGamPoi (Pb)","edgeR (Pb)","limma (Pb)","glmGamPoi (cell)","Nebula","Devil (base)","Devil (mixed)"
"1",6.37600831483615e-09,0.000150466334614203,1.85762467877754e-08,8.41253318713892e-12,5.89741426208687e-12,1.21778108905596e-11,5.81207925795487e-31
"2",0.000119842522076813,0.000381514367121396,0.000304528222200149,4.81765888188435e-05,7.23306407022481e-05,6.93689532791054e-05,1.03957582202078e-07
"3",0.000816855712505285,0.0113930834034252,0.00159838312071959,1.3870733494727e-05,1.30014228700075e-05,1.86159960318499e-05,1.52943836527197e-06
"4",0.0253928122264529,0.0660671336195389,0.0376435298026298,0.0518694568473963,0.0561131528705648,0.0566532087032991,0.0124226128502536
"5",0.00390928692026332,0.0178440199245488,0.00177656470449234,0.000138667427495065,0.000226881253076429,0.000179197278685605,5.05240961724784e-06
