"","glmGamPoi (Pb)","edgeR (Pb)","limma (Pb)","glmGamPoi (cell)","Nebula","Devil (base)","Devil (mixed)"
"1",4.03838259380225e-07,8.78448018712639e-05,6.15816026108696e-07,4.56061492264109e-13,1.38450147004611e-12,1.02160722628408e-12,2.98312172793713e-16
"2",0.0489399081116025,0.160799810577857,0.164684470745966,0.0469429004310384,0.0709386082386937,0.0512725298357142,0.0556314924261315
"3",0.00491072246572866,0.0126544001856073,0.0539025162694679,0.00267993237253825,0.00396220385819644,0.00332970902851648,0.00366494523043005
"4",0.00528247201737873,0.032330553040558,0.00759226877627818,0.00406070117604137,0.00649655905791934,0.00475822501377265,0.000566102142654155
"5",0.00209945228173304,0.00938431376432998,0.034264774644192,0.000556104558121753,0.000717372105482571,0.000691463038270706,0.00102708143795314
