"","glmGamPoi (Pb)","edgeR (Pb)","limma (Pb)","glmGamPoi (cell)","Nebula","Devil (base)","Devil (mixed)"
"1",0.0102364270927114,0.0198144357749237,0.0356319162710353,0.0048781652453754,0.00328754868698731,0.00664945156757436,0.00142416436607299
"2",0.00118166443182177,0.00646889651223048,0.00312138163510693,0.0016008388505755,0.00194322098422974,0.00216462628893938,0.00775888623766125
"3",0.0979524994513338,0.17744601004495,0.139917007641753,0.139021602591526,0.138299303582808,0.151977616230372,0.0141722993252726
"4",0.00012879319762452,0.00103074323207947,0.000460899727172667,9.13862566215162e-05,6.60699896472672e-05,0.000155552236286495,1.27739232215545e-05
"5",0.138366156132984,0.193587700808844,0.229310089171266,0.0756817729018338,0.0750994312895267,0.0847146100983505,0.0249341514615532
