"","glmGamPoi (Pb)","edgeR (Pb)","limma (Pb)","glmGamPoi (cell)","Nebula","Devil (base)","Devil (mixed)"
"1",0.00711197296884731,0.017701768579501,0.0116565809634066,0.00131681863400121,0.00238979170846779,0.00183123185874284,0.00107716975595617
"2",0.0420541735795264,0.0625040040372327,0.0281300645602198,0.0128106976603121,0.0257033034961007,0.0157247001611969,0.010790269155123
"3",0.211651425701949,0.236851407767566,0.183239022207706,0.197181051705107,0.206911657816279,0.208548297910268,1.02805513492825e-10
"4",0.0133295105941874,0.0386233755154788,0.0118672954336924,3.65984409691543e-05,3.61195012582192e-05,4.84150511401716e-05,0.00209645292649829
"5",0.000145515222338844,0.00112087486380651,0.000104329857943595,7.81443356951713e-08,1.62703928101385e-07,1.46070311484361e-07,3.93995368590797e-17
