"","glmGamPoi (Pb)","edgeR (Pb)","limma (Pb)","glmGamPoi (cell)","Nebula","Devil (base)","Devil (mixed)"
"1",0.326519425845568,0.324176815813691,0.502810285525382,0.315273838973872,0.332820275518612,0.338745851507358,0.0482650189233461
"2",0.0578232515780296,0.10543696428027,0.0641611454113476,0.00469498167188773,0.0069713990477439,0.00691679064081175,0.000908233486700531
"3",0.092860908329014,0.109944554707051,0.0522265093745262,0.0319446898424188,0.0234491826306284,0.0393938823603011,0.0151848743188178
"4",0.016995383093248,0.0377342827850131,0.0139597071813684,0.00243749461586039,0.0013596024651185,0.00370074545595747,3.40694534060407e-07
"5",0.0199091302614244,0.0220282276608944,0.00378922519804464,0.0114475848940749,0.0151966776756855,0.0166752665180704,0.0194663907726139
