"","glmGamPoi (Pb)","edgeR (Pb)","limma (Pb)","glmGamPoi (cell)","Nebula","Devil (base)","Devil (mixed)"
"1",0.000418760213152424,0.0019434464777305,0.000409618353811642,0.000134590457192981,0.000157420999811804,0.000174431183070042,2.12422584586804e-18
"2",0.556027330693896,0.571704516225566,0.342727736520997,0.493847153954709,0.447489696497264,0.498088483001378,0.535350915152337
"3",0.520986957281257,0.537419475616811,0.361704727200357,0.532524410578561,0.534787278780881,0.536533110901986,0.563314879927553
"4",0.000884718674110076,0.00773272693308971,0.00199934382570102,1.24625796505406e-07,6.45718832828982e-08,1.60156860507406e-07,7.60830717082494e-11
"5",0.000398508528037594,0.000679818518390188,0.000172861576674522,1.6701124556867e-06,2.00173345130514e-06,2.45673572075644e-06,1.71761614454429e-05
