"","glmGamPoi (Pb)","edgeR (Pb)","limma (Pb)","glmGamPoi (cell)","Nebula","Devil (base)","Devil (mixed)"
"1",0.000198468177642124,0.00221259040603264,0.00016762495460614,6.41106259095769e-05,7.61759811844967e-05,7.7322175181366e-05,8.43201078616637e-07
"2",0.00260730935968924,0.00846557659742726,0.00281479746988575,8.95026683191278e-05,0.000112357181123642,0.000121760167606693,0.000119238179678969
"3",1.11451347267718e-08,5.20211003316293e-06,2.29950031808599e-08,3.8922369418314e-23,2.17075197839296e-28,1.41602625584239e-22,5.01714020466313e-17
"4",0.0027596520136309,0.0233195446277304,0.00306720988514237,0.00049273342910038,0.000320302784405606,0.000620205191132966,6.44027747425106e-06
"5",0.0104997733896347,0.0183238132748571,0.0439471382980019,6.07688008597359e-05,2.62123039933132e-05,7.34007504107782e-05,0.000203183983022862
