"","glmGamPoi (Pb)","edgeR (Pb)","limma (Pb)","glmGamPoi (cell)","Nebula","Devil (base)","Devil (mixed)","glmGamPoi (fixed)"
"1",0.000344476906232672,0.00615613564363596,0.0031983823420467,3.64474354931179e-05,5.13425826467138e-05,4.44774556478801e-05,1.18126139290645e-06,NA
"2",0.000356342039662325,0.00154491221015876,0.000225696444042163,0.000484335956191592,0.000535815938125755,0.000580277591868184,9.13585744468876e-07,NA
"3",0.0470883435294843,0.0869405518238053,0.125656019390748,0.00778686415459995,0.00468557949173144,0.00834198498009573,0.0138275200385141,NA
"4",0.0280096129413175,0.114062527162375,0.0505127752750151,0.0188460557053693,0.0202123067955444,0.0199706937317951,7.40889008423168e-05,NA
"5",0.0244893167218644,0.0498956435120314,0.0605312651603111,0.0179142540019141,0.0228760821666436,0.0193800217713518,0.0407978879513846,NA
