"","glmGamPoi (Pb)","edgeR (Pb)","limma (Pb)","glmGamPoi (cell)","Nebula","Devil (base)","Devil (mixed)","glmGamPoi (fixed)"
"1",2.46038653121135e-11,1.17089450725057e-06,6.18021681372807e-11,5.19511818711217e-19,1.18481351610228e-20,9.29364348935902e-19,6.91537258947602e-21,1.21261599289277e-20
"2",0.000369368231788174,0.00573524726110802,0.00102617794362094,2.54176742079108e-07,2.8179037532483e-07,3.16964440665374e-07,1.50876771225822e-05,1.58326578562901e-07
"3",4.53286574074105e-05,0.00444834334910386,6.4711268154297e-05,1.68588206793211e-06,1.80163153361879e-06,2.02360662729775e-06,2.67049420006841e-08,9.86418611290051e-07
"4",5.7782578441864e-07,2.0989137122462e-05,7.21485042222002e-07,1.52806501766201e-11,2.04012631321381e-11,2.67630369472439e-11,2.80018485953275e-18,6.53684003015556e-12
"5",4.8299654519639e-06,0.000813581911862207,1.15400025419791e-05,7.81991178771641e-14,1.64557304025442e-14,1.31495764283847e-13,2.66571614058414e-15,5.52654819454782e-15
