"","glmGamPoi (Pb)","edgeR (Pb)","limma (Pb)","glmGamPoi (cell)","Nebula","Devil (base)","Devil (mixed)"
"1",0.0101804314556845,0.0278909900677417,0.0448354686975298,0.000992392546889654,0.000855936914854049,0.00123635467813593,0.00317369428142165
"2",0.00062486974057151,0.00479251703786651,0.00277008499677714,0.000155955627536115,0.00021475409468297,0.000206754505441803,3.71347477839418e-05
"3",0.0332529634912328,0.0821646799925994,0.160546686878287,0.0167395031153445,0.0117268626167351,0.0190265880924982,0.0011533744026153
"4",6.33820602959572e-12,1.648655971904e-06,2.96066740048092e-12,3.75275673640502e-40,2.3835197601418e-50,3.07523829641421e-40,6.92669333878691e-45
"5",0.000164049262393233,0.00164087145609272,0.0002794597008773,1.49860210943559e-06,1.44821943825649e-06,2.43094826968206e-06,4.54263201437305e-06
