"","glmGamPoi (Pb)","edgeR (Pb)","limma (Pb)","glmGamPoi (cell)","Nebula","Devil (base)","Devil (mixed)"
"1",0.000417629355116748,0.0025677682688679,0.001717723348762,0.000190431282027943,0.00026268789281175,0.000255244854507263,0.000133096021337136
"2",3.22361377641692e-10,1.00973312863379e-05,3.76873971337342e-10,1.36491189623906e-26,7.98628233352931e-27,4.85130728519556e-26,2.0393884383684e-16
"3",0.0100689030849609,0.027173649593214,0.12886046956023,0.00272662876433603,0.00600026046963958,0.00325484629406122,0.00200836583322805
"4",2.50906567518262e-05,0.000684494545223122,1.37877226260095e-05,8.23328036554944e-06,1.29777179102306e-05,1.18430763502897e-05,8.43338546526594e-07
"5",0.000120829395604414,0.000394457205969362,0.000306706500491852,0.000313920703131207,0.00039750227787033,0.000427061158911404,6.17559086722971e-08
