"","glmGamPoi (Pb)","edgeR (Pb)","limma (Pb)","glmGamPoi (cell)","Nebula","Devil (base)","Devil (mixed)"
"1",0.0979364961613304,0.114942636361309,0.0630440778546932,0.102972329905199,0.110023577660232,0.111533226131506,0.00830312892024139
"2",0.179827284448148,0.21930130912061,0.169057573007702,0.0691147516159621,0.0454479061177488,0.0762088163140589,0.000300011338314569
"3",0.00210578386460055,0.00314837812587167,0.00140311593783879,0.000204531010557841,0.000162312758805685,0.000322099221789058,0.017161224933775
"4",0.0624738661858416,0.0835236638552043,0.0456350640629119,0.0023495660188564,0.00190493321135795,0.00329450925736139,6.72521448991541e-05
"5",0.0245097877826229,0.0319925154304211,0.027166827714071,0.00133776983577722,0.000688435003323094,0.00191921820315995,0.000582904023655301
