"","glmGamPoi (Pb)","edgeR (Pb)","limma (Pb)","glmGamPoi (cell)","Nebula","Devil (base)","Devil (mixed)"
"1",0.00445062229379804,0.0115049814278345,0.00481711611360268,4.38540864385477e-05,2.50427456211655e-05,6.3334017306612e-05,1.4936056366042e-11
"2",0.0829543527753284,0.125811649050911,0.0512511571955495,0.0448878547755417,0.0298858829837115,0.0507495208647774,0.0185815218553359
"3",0.00465033854554055,0.00418792469097426,0.00154056343542568,0.000425162005093542,0.000354087521614411,0.000644671330754812,8.72013588046432e-34
"4",0.0356961177008747,0.0540039238747188,0.0301944451023583,0.0219480387359361,0.0201657472961489,0.0259386938479665,0.0092638689199546
"5",6.59815404297288e-07,8.05172003663959e-05,1.03115040989414e-06,7.73652175962513e-22,3.0180124251213e-32,6.15164038062381e-22,2.26472151199177e-49
