"","glmGamPoi (Pb)","edgeR (Pb)","limma (Pb)","glmGamPoi (cell)","Nebula","Devil (base)","Devil (mixed)"
"1",6.37602753791003e-09,0.000180297763705299,1.85762467877753e-08,8.40991109576749e-12,5.89741395070008e-12,1.04114197459404e-11,3.3544053319906e-31
"2",0.000119842446512396,0.000484067354740644,0.000304528222200177,4.81713879891664e-05,7.23306409447735e-05,6.55767576486457e-05,9.49577466632401e-08
"3",0.000816854927556743,0.0115303806154194,0.0015983831207196,1.38678553436433e-05,1.30014228700055e-05,1.76999754742908e-05,1.46086265580013e-06
"4",0.0253928096723115,0.0723306036692727,0.0376435298026294,0.051867854638598,0.0561131528304534,0.0551277327935156,0.0120154431867466
"5",0.00390928439408673,0.0188068002586271,0.00177656470449221,0.000138648430489927,0.000226881252888814,0.000171977734714973,4.74897400449391e-06
