"","glmGamPoi (Pb)","edgeR (Pb)","limma (Pb)","glmGamPoi (cell)","Nebula","Devil (base)","Devil (mixed)"
"1",0.464377305538306,0.464816516124091,0.511464293804754,0.451879755356971,0.46319514084629,0.468512113508294,0.116091193950779
"2",0.902937456592957,0.919114403956873,0.6946933686295,0.891699924626683,0.88059879086445,0.894476278434804,0.91894816691131
"3",0.556072590860895,0.560004341706734,0.493359197808154,0.510303274914134,0.525601831241321,0.521522921085437,0.227330694415484
"4",0.68366331598374,0.686797576401437,0.536391085951605,0.673826606838551,0.675492290424587,0.68080508329526,0.659721906120781
"5",0.126999651322673,0.168055764542363,0.213714405323409,0.0779854305027836,0.0847176724822882,0.087016207884007,0.069729265426938
