"","glmGamPoi (Pb)","edgeR (Pb)","limma (Pb)","glmGamPoi (cell)","Nebula","Devil (base)","Devil (mixed)"
"1",5.59532477945252e-08,1.59015893645162e-05,3.99729432556908e-07,6.9758909798678e-09,3.92283842127395e-09,1.30159321281241e-08,2.39759812402284e-11
"2",0.00104970490995913,0.00381177754753197,0.0282541452991636,0.000346401748917319,0.000785727306286334,0.00040976834991305,5.86887419734353e-05
"3",2.87715142514714e-10,3.45788311030916e-06,2.42666437930252e-10,4.00815901438665e-19,8.13618861894766e-20,8.53196750186862e-19,4.31331976600894e-20
"4",0.000517615569031965,0.00566587346197482,0.0023984329819897,5.27220998744136e-05,5.65375855586632e-05,6.98894509249217e-05,3.56131398054073e-10
"5",7.23927028794948e-07,0.000167929127874502,2.06764420056269e-06,1.34334013845816e-15,1.87684046517453e-15,3.21761190621053e-15,4.94287322272556e-18
