"","glmGamPoi (Pb)","edgeR (Pb)","limma (Pb)","glmGamPoi (cell)","Nebula","Devil (base)","Devil (mixed)"
"1",0.0887400713798128,0.0987881784051328,0.102958438568614,0.16833948339116,0.190651785782455,0.194346182029714,0.0802290948836498
"2",0.0279625362722632,0.0344438224087596,0.0160871727948528,0.0206375646121741,0.0263105262070087,0.0272925340893194,0.00481155676075687
"3",0.023808056660173,0.026210515633444,0.0302052174091412,0.0109556601209461,0.0145845187684977,0.0151208270102669,5.6487984924801e-05
"4",0.040208380523326,0.0360111577136505,0.0135946941347051,0.041345768687445,0.0484654176638274,0.0498644244404376,4.39224685824622e-05
"5",0.0665464474166594,0.0615579342230551,0.0594844263009956,0.0325777032988451,0.0417241899309247,0.0432154124858621,0.109165925715512
