"","glmGamPoi (Pb)","edgeR (Pb)","limma (Pb)","glmGamPoi (cell)","Nebula","Devil (base)","Devil (mixed)"
"1",1.72907833369167e-05,0.00533421642124205,7.1308262299532e-06,5.19798126776524e-12,2.81492734518145e-14,7.69377352389023e-12,5.2906390370409e-11
"2",0.216291069939307,0.201257338256985,0.244481832325383,0.178601463784749,0.204692234419443,0.211830904133514,0.0290080268610348
"3",0.58650962799155,0.593646043865971,0.94514035903155,0.494433696805891,0.575367851160082,0.518071925767535,0.509931766291336
"4",0.864614576695137,0.85687932715066,0.836866029937663,0.755471652662341,0.779662554428492,0.761104653316283,0.786737883916624
"5",0.0429957263252479,0.0624412858983189,0.0307033969842637,0.0265420924070455,0.0450581963815923,0.0446320567276637,0.0405366362748772
