"","glmGamPoi (Pb)","edgeR (Pb)","limma (Pb)","glmGamPoi (cell)","Nebula","Devil (base)","Devil (mixed)"
"1",0.13674833109215,0.120600150571086,0.0431824655358803,0.0309672489110236,0.0354595911394812,0.03678016724749,0.0543138755137154
"2",0.00518312948702002,0.00803000180701469,0.00708248836666034,0.00291894436327871,0.00425495874448601,0.00481656298136845,3.70415124060159e-10
"3",0.0473883684089062,0.11171657225404,0.0297557119863713,0.0125102928891726,0.0132997225686656,0.0145421306182638,2.69634263230347e-08
"4",0.134000897715006,0.129324429476226,0.131935306605298,0.0608651678834434,0.0668238193769986,0.068700141834954,0.00181637081133486
"5",0.000352721551145154,0.000378272973433627,6.71433282144712e-05,3.62308199788683e-06,5.19398883241027e-06,9.34447158147403e-06,4.72508360833778e-15
