"","glmGamPoi (Pb)","edgeR (Pb)","limma (Pb)","glmGamPoi (cell)","Nebula","Devil (base)","Devil (mixed)"
"1",0.115219267772032,0.0934594042384439,0.0556959658303165,0.117154183075034,0.131789266636227,0.137425899573504,0.0101622898075889
"2",2.34629975002963e-05,0.0027424921010352,9.88263639654023e-06,4.72150811133878e-07,3.24917511755235e-08,5.00502388386716e-07,3.99217004299127e-07
"3",0.00189423306031016,0.00184743501984185,0.000529720775603898,0.00010978035744809,0.00012177935178203,0.000203691773174845,1.38430489802531e-05
"4",0.788540884343606,0.797211632638422,0.865592756602096,0.798410713588109,0.799983883805919,0.802813578843568,0.733548871398728
"5",0.0480667836802163,0.0519392787761991,0.118161570327661,0.0356845058745437,0.0422896954161639,0.0445616621926193,0.0913168864657098
