"","glmGamPoi (Pb)","edgeR (Pb)","limma (Pb)","glmGamPoi (cell)","Nebula","Devil (base)","Devil (mixed)"
"1",0.166521269137175,0.167686005529558,0.170272870342556,0.0966899741034025,0.096715944222432,0.117460538130396,0.00828006735060876
"2",0.00216844160292665,0.00107997249141408,0.00191571770992304,0.0010453497785274,0.00246488376598263,0.00285467237367385,1.55102549575658e-11
"3",0.906691722571229,0.814951239566113,0.673463278392449,0.787998719589254,0.791530826184047,0.797373459073483,0.737256443667922
"4",0.0468098614422989,0.0379731070403206,0.0450505327753451,0.0217559222839863,0.0301705305277217,0.0329140508539745,0.00754516077458677
"5",0.343224223120868,0.173193835088747,0.086766712267345,0.208949343439587,0.237231986429541,0.245220417841627,0.310893121863348
