"","glmGamPoi (Pb)","edgeR (Pb)","limma (Pb)","glmGamPoi (cell)","Nebula","Devil (base)","Devil (mixed)","glmGamPoi (fixed)"
"1",0.0481357989860377,0.101327559042552,0.0985736855430262,0.00724232998413829,0.00769543414780419,0.00864001509549747,0.163144503385442,NA
"2",0.194225686939774,0.280141389519051,0.250950629205587,0.169415753206521,0.206040022436935,0.178431643111494,0.13690556292541,NA
"3",0.0257235170932005,0.0294587702241609,0.0160682936051097,0.0290340678817338,0.0312772861105291,0.0329105979805703,2.45035923518937e-05,NA
"4",0.022089152761474,0.0511306883399365,0.0185722363928728,0.0184858891759334,0.0204321789857512,0.0210461629449468,0.0091295113077643,NA
"5",0.000486424370954588,0.00277095149002102,0.000704505904069728,4.99347612305776e-06,2.90669677710441e-06,8.06377387024038e-06,1.21654454735875e-26,NA
