"","glmGamPoi (Pb)","edgeR (Pb)","limma (Pb)","glmGamPoi (cell)","Nebula","Devil (base)","Devil (mixed)"
"1",0.000746433784272965,0.0012384336622409,0.00014589560957823,2.31039220028049e-06,3.1404942635964e-06,3.79821989227758e-06,1.21881226679689e-41
"2",0.0203121962039782,0.0157417597862211,0.0120993398410646,0.0163202991192609,0.0226571026817501,0.0247313334573582,1.69616968074781e-05
"3",0.0322697594666633,0.0373021993215494,0.010209344781455,0.0126233823212363,0.0161468890246865,0.0172830449277968,1.72929081806573e-22
"4",0.838998722945241,0.835676509122492,0.770936484296805,0.663911933495119,0.698878696447166,0.671315598802341,0.702862929532286
"5",0.298712516045365,0.270035160968065,0.396143148222549,0.153457012974209,0.20814697260462,0.175533366933912,0.084701920929767
