"","glmGamPoi (Pb)","edgeR (Pb)","limma (Pb)","glmGamPoi (cell)","Nebula","Devil (base)","Devil (mixed)","glmGamPoi (fixed)"
"1",0.376186747142579,0.403186301286859,0.271228037561222,0.384987331022824,0.402096760598069,0.405108190202125,0.297633410190245,NA
"2",0.346232519685774,0.354541473372872,0.550620492796728,0.319441390237723,0.334378333929474,0.338081205938152,0.335784928109557,NA
"3",0.00432434832090851,0.00439746412754603,0.00364283013011653,0.000198955133278808,0.000318400306030738,0.000379988637906409,4.68266974460323e-08,NA
"4",0.171688167990481,0.214316038763029,0.151777767607997,0.112637979659725,0.0828312593742053,0.128581291935619,0.160099002799667,NA
"5",0.0874875908032199,0.123340420988042,0.0444314223092547,0.0839966219791434,0.0938221392557861,0.0970617637666886,0.11191955427197,NA
