"","glmGamPoi (Pb)","edgeR (Pb)","limma (Pb)","glmGamPoi (cell)","Nebula","Devil (base)","Devil (mixed)"
"1",0.00941676344350746,0.00987777213762217,0.00403925323678036,0.00104386858952137,0.00211734998330952,0.00170719585890148,0.0937618047226229
"2",0.513041223125251,0.438367556438274,0.378712035497881,0.34395700161354,0.366288017296671,0.362887589559671,0.162185433766933
"3",0.508007001101983,0.440045522309302,0.171986562680307,0.216262238703072,0.23553737744424,0.232977672213532,0.556300095987343
"4",0.21752579958341,0.150466425562329,0.519487534090501,0.0844375338876693,0.114859212202188,0.0993232507111218,0.00295793909827578
"5",0.482273834503259,0.493591676858738,0.353553336735359,0.231900725809993,0.149536609255627,0.246249606241901,0.176280713938301
