"","glmGamPoi (Pb)","edgeR (Pb)","limma (Pb)","glmGamPoi (cell)","Nebula","Devil (base)","Devil (mixed)"
"1",2.13973569710688e-06,0.000313497676634008,2.17893400411569e-06,6.4837329601641e-09,4.10594000833858e-09,8.59009896663728e-09,2.63894717797463e-09
"2",1.32557877431817e-08,6.27830291707695e-05,2.93196468918651e-08,1.11287066072433e-16,9.05725964934842e-17,1.82517272251802e-16,2.02164920938647e-19
"3",3.54156369172399e-05,0.00233746675108285,8.3733677959292e-05,2.19030882317601e-08,1.27009180134021e-08,2.73202594850701e-08,4.70752548466837e-09
"4",3.82621798620531e-06,0.00189935853704616,4.42462053192107e-06,3.44528612054263e-15,9.50361247445921e-16,5.18302451634273e-15,1.54043972524026e-14
"5",1.93935021008097e-16,1.06105678446299e-09,8.96989518858635e-16,2.77720515546096e-53,2.96332024666518e-64,7.02018839124512e-53,2.45548754583572e-92
