"","glmGamPoi (Pb)","edgeR (Pb)","limma (Pb)","glmGamPoi (cell)","Nebula","Devil (base)","Devil (mixed)","glmGamPoi (fixed)"
"1",0.11998161198649,0.129104638609361,0.0854366245292647,0.111479011338563,0.119566488422509,0.123157989492456,0.0956504182154543,NA
"2",0.00108477417104442,0.00835356343118933,0.000662750257391087,4.53575801085283e-07,2.04689042599631e-09,8.95846494170031e-07,3.92564603928678e-12,NA
"3",0.371981512267135,0.389951163976458,0.313422022507215,0.319638021352706,0.351246261963172,0.336296744064686,0.288344069694846,NA
"4",0.311099687122321,0.325857099359857,0.253708487864627,0.327536533266668,0.342426525552998,0.345954944904247,0.320809118773683,NA
"5",0.0199461962151636,0.0167927232419103,0.0194925717571899,0.0202217210994892,0.0290996198158232,0.0279442976622964,0.00421705456125014,NA
