"","glmGamPoi (Pb)","edgeR (Pb)","limma (Pb)","glmGamPoi (cell)","Nebula","Devil (base)","Devil (mixed)","glmGamPoi (fixed)"
"1",3.25573937067522e-05,0.00053396679704286,7.31249705880098e-05,1.88723375462335e-05,2.08858226969473e-05,2.45002604915179e-05,5.95583689559522e-09,1.18741059897385e-05
"2",0.00720264669570671,0.0555463625235522,0.0246672204615778,0.00172218635077246,0.00134663950554624,0.00192383633292785,4.33236390075839e-05,0.000856315151615187
"3",0.0179499784303565,0.0699280178564177,0.0897332157688923,0.00675468180354685,0.00636951768975704,0.00725373300884095,0.0106510925418807,0.00538737186171077
"4",0.000303899385709523,0.00117093872887123,0.000306524931903948,3.23016111054037e-05,5.72687596595389e-05,4.16101144458589e-05,1.61535489729106e-05,1.21024677593063e-05
"5",9.83267548943688e-16,1.99498054095027e-08,3.26640008980517e-16,5.02059318249795e-35,1.24541491656741e-44,8.09702184762814e-35,1.07217608553082e-55,8.79020914846206e-43
