"","glmGamPoi (Pb)","edgeR (Pb)","limma (Pb)","glmGamPoi (cell)","Nebula","Devil (base)","Devil (mixed)"
"1",0.368978943461351,0.342253887570722,0.314716447183115,0.121638022757804,0.109269670148949,0.130726610299817,2.07923241921234e-06
"2",0.163933707116051,0.150973710380073,0.058939678462049,0.00116356116981509,0.00111698321221474,0.0015489604901265,2.66499352372708e-09
"3",3.45013989010824e-07,4.8874732660734e-06,2.47439525350457e-07,4.22920139719414e-20,3.60432139440053e-21,1.09764017021632e-19,7.97182843555079e-35
"4",0.0173869196259248,0.0190552681211206,0.000691674871486521,3.63988535595557e-08,4.96810428773279e-08,7.88633010452231e-08,6.68077343081251e-11
"5",0.182782830384245,0.170180292674724,0.162479412104893,0.134683527887755,0.142873597001616,0.14549269154334,0.0329980921339562
