"","glmGamPoi (Pb)","edgeR (Pb)","limma (Pb)","glmGamPoi (cell)","Nebula","Devil (base)","Devil (mixed)","glmGamPoi (fixed)"
"1",0.000337308854978049,0.00531557604669808,0.000447650192112731,0.000101135871918596,6.11643031757229e-05,0.000113577271163788,0.00076605227965755,NA
"2",1.16189877311116e-13,6.09784479426846e-08,1.34448248832786e-13,3.91893763140701e-35,4.64939291022146e-39,7.65189760693589e-35,1.73468179266355e-40,NA
"3",4.7069780091048e-07,0.000316872023892422,2.08350555669379e-07,3.38673093902388e-14,8.30859763612045e-17,4.82747868225683e-14,1.3889167715674e-24,NA
"4",1.33792358741332e-06,0.000484130777504618,1.71491095331685e-06,7.89222693479858e-09,1.96287331013603e-09,1.0476256859297e-08,1.05124781826147e-09,NA
"5",2.72270776225733e-13,3.24358512183104e-08,6.5378327981275e-14,1.38047069150592e-21,4.30883559543427e-24,2.42604813148666e-21,1.73841195261369e-37,NA
