"","glmGamPoi (Pb)","edgeR (Pb)","limma (Pb)","glmGamPoi (cell)","Nebula","Devil (base)","Devil (mixed)"
"1",0.0671005091563299,0.0748844801298478,0.0320522014769506,0.066476025283531,0.0416138564026682,0.0732652396241824,0.0883711329805855
"2",0.18016740725605,0.242022318921556,0.246944846156799,0.0184710662163338,0.00491974715361328,0.0234865349328486,0.000545249003684469
"3",0.0159059427762385,0.0308287685896581,0.0277335684583205,0.0117756022410734,0.0106379695791744,0.0148959134201416,0.00629937201602569
"4",0.00200140609683679,0.00330430935528696,0.00203956301954563,0.000510556710533457,0.000671031010397534,0.000828287931668641,0.0113320149678014
"5",0.17224191798805,0.23146420030567,0.25909351272377,0.230994729532557,0.25678951791166,0.243937274707977,0.0724789439263524
