"","glmGamPoi (Pb)","edgeR (Pb)","limma (Pb)","glmGamPoi (cell)","Nebula","Devil (base)","Devil (mixed)"
"1",0.0116738346441987,0.0195168272508453,0.0300641298447721,0.00743804310666863,0.0153719033694964,0.0134153825819364,0.0102740845788863
"2",0.294532319724823,0.283236259925611,0.352139160772613,0.364942191915844,0.377496337714331,0.389940535490746,0.524358302874133
"3",0.059043772335365,0.0573377710893612,0.0422753220502654,0.0248545107764493,0.0225791164120854,0.0349477183894461,0.00245096611240296
"4",0.174506312916113,0.170220863545567,0.155323503117368,0.0842759793283881,0.100994924908833,0.104629167884473,0.02222803342588
"5",0.0502976196519273,0.0431803165999357,0.0345906733814313,0.0222632693845699,0.0300303147321617,0.0326003861053037,0.00674276802893997
