"","glmGamPoi (Pb)","edgeR (Pb)","limma (Pb)","glmGamPoi (cell)","Nebula","Devil (base)","Devil (mixed)"
"1",0.059492121132392,0.0327665547079839,0.0166177374718575,0.0178022539869407,0.0213197958673924,0.0226537739609372,0.0226400475584515
"2",0.0119456785762256,0.0229331178774566,0.0151329616365165,4.95770891298443e-05,6.54096143535317e-05,8.68889604417532e-05,0.000177782528095651
"3",0.0708005131860881,0.0631483383659263,0.0868370162833046,0.0623889736830105,0.0691070900954999,0.0719696992078604,0.209888094189232
"4",0.022345620955185,0.0346677262685273,0.147926879834095,0.0123054774212635,0.013695589559616,0.0172600140939317,6.23632386742026e-05
"5",0.896625560496506,0.886606063417198,0.837233227700392,0.905869788435379,0.906458518596991,0.907132480154969,0.823589864475401
