"","glmGamPoi (Pb)","edgeR (Pb)","limma (Pb)","glmGamPoi (cell)","Nebula","Devil (base)","Devil (mixed)"
"1",0.000167189779524062,0.00211574153824981,0.000402965682578469,3.01441176827379e-06,9.90732045383921e-06,8.84243505226031e-06,5.70337401503807e-13
"2",0.0209216908533288,0.0661717083615299,0.0614337345808167,0.00337271711926545,0.00448288218401475,0.00474709250620757,0.172349306214654
"3",0.0665641082478072,0.0866899042619522,0.0355911267411725,0.0385650704952891,0.049901714171884,0.0448849108434172,0.00087078094551032
"4",0.00121753993903899,0.00915893095834615,0.00173176703293389,2.25713390410811e-07,2.08697713119034e-07,4.16433119906006e-07,3.37806714919984e-08
"5",0.067413421000695,0.0728372881031663,0.0533284671224058,0.0314909820770554,0.0319868125476117,0.0373633181046106,7.52541873879173e-07
