"","glmGamPoi (Pb)","edgeR (Pb)","limma (Pb)","glmGamPoi (cell)","Nebula","Devil (base)","Devil (mixed)"
"1",0.368978481788062,0.331694155762943,0.314716447183114,0.121638019662792,0.10926967005431,0.133222419390237,1.93432570258655e-06
"2",0.163933827025593,0.153567431537497,0.058939678462049,0.00116356105630795,0.001116983212215,0.00165258985120474,5.83394388714753e-09
"3",3.44997357989893e-07,5.44819097455228e-06,2.47439525350435e-07,4.22919972988042e-20,3.60432139318255e-21,1.08409640814494e-19,9.19680759418918e-35
"4",0.0173870716961487,0.0144868221322969,0.000691674871486518,3.63988488915233e-08,4.96810428773077e-08,9.25118392875088e-08,1.2429346349916e-10
"5",0.182782374972018,0.16033984815818,0.16247941210489,0.13468351204194,0.142873593303899,0.147817743821475,0.0322111548932808
