"","glmGamPoi (Pb)","edgeR (Pb)","limma (Pb)","glmGamPoi (cell)","Nebula","Devil (base)","Devil (mixed)"
"1",1.49829780012219e-08,1.55663544599587e-05,3.71429551758291e-08,5.81238901467171e-12,1.48123514024611e-12,1.15656954471573e-11,7.5793600040443e-11
"2",2.77900339605501e-08,0.000175775892486697,1.41735629775036e-08,2.66881739006877e-11,8.10886359914877e-12,4.11491404335346e-11,1.29859730643957e-07
"3",1.09242881319513e-06,0.0001048459395741,1.13000986230659e-05,6.71556707062076e-10,4.78195212797057e-10,1.17810221657381e-09,2.92849863678e-10
"4",0.00238437382105654,0.0478990841875979,0.00421631260323867,0.0012780389910852,0.00186157283993102,0.00149718262341754,0.00377378162919973
"5",0.000109491570005528,0.00141916082143439,0.00018393325886805,5.82202919413623e-05,0.000119301011644383,7.56966414288237e-05,2.71800066308197e-09
