"","glmGamPoi (Pb)","edgeR (Pb)","limma (Pb)","glmGamPoi (cell)","Nebula","Devil (base)","Devil (mixed)"
"1",0.15911133552265,0.169381800188901,0.158085698009641,0.0681125387120565,0.0744776360418846,0.0756556581920334,0.00672700867885602
"2",0.130025310747803,0.147397437549752,0.0575366351465318,0.0493633949018254,0.0546751508813174,0.05574899773047,0.0240905059985912
"3",0.0177185885236292,0.0510855279769246,0.0141755750134896,4.03390777710903e-09,7.32669147350038e-09,9.29267289917795e-09,2.94041325625232e-16
"4",0.0207750457739877,0.0249218638484889,0.00678365109827034,0.00104894047889426,0.00203262322139308,0.00152099400869002,2.52548810021903e-05
"5",0.111304163485264,0.146018962035879,0.118674081395564,0.0325839224325499,0.0567531541143963,0.0377487901071958,2.22723100447012e-12
