"","glmGamPoi (Pb)","edgeR (Pb)","limma (Pb)","glmGamPoi (cell)","Nebula","Devil (base)","Devil (mixed)"
"1",0.00903880473728505,0.0354084389517157,0.0465805402406474,0.00188432745773619,0.000861619646522696,0.00211820741080775,0.000686977950663489
"2",4.09131357722124e-07,0.000153084498055634,1.11651851638757e-06,3.84173382874854e-09,7.82149865924964e-10,5.92850830784302e-09,1.35916890017138e-14
"3",0.00118945787668557,0.0281690887627673,0.00130417546597804,4.23014001602727e-10,6.83138134593607e-10,5.76990648817883e-10,3.36163685834427e-08
"4",0.00668934691283684,0.0344931679932088,0.014125751954126,0.000259863639759357,0.0004127913255742,0.000303335526037498,0.000106160560506019
"5",2.22159958564906e-05,0.000499394714391399,0.000120659323538663,4.19680963231424e-13,6.66641082205547e-12,8.51821219492767e-13,1.71236364933396e-10
