"","glmGamPoi (Pb)","edgeR (Pb)","limma (Pb)","glmGamPoi (cell)","Nebula","Devil (base)","Devil (mixed)"
"1",0.123634141702542,0.17571994971789,0.102448910986275,0.0244718149720904,0.0342429028765257,0.0297435077520832,0.0013102920037359
"2",0.570239067632093,0.565657950615398,0.557213185915135,0.424916195568634,0.512454773255677,0.440109125161967,0.014844157774561
"3",0.0460748672306307,0.0815449680176716,0.0486018593806937,0.000839729275952949,0.00111258139036929,0.00138938767363445,1.67741894089884e-39
"4",0.0614151347158406,0.0849595207634241,0.115278105329599,0.00677676278961162,0.0114358029802263,0.00988572537654652,0.0010232767457244
"5",0.0531580134782518,0.0481974486907128,0.0559596592411514,0.0205596933925681,0.0330880977639488,0.0274608078640236,0.0501466156830133
