"","glmGamPoi (Pb)","edgeR (Pb)","limma (Pb)","glmGamPoi (cell)","Nebula","Devil (base)","Devil (mixed)","glmGamPoi (fixed)"
"1",0.000869851671656066,0.00640451226371002,0.000652466950787777,2.61817169118556e-05,1.44549468614805e-05,3.38576891383208e-05,5.2777895198911e-09,1.02706135908014e-05
"2",0.00314967474362136,0.0167165416403969,0.00770795957427607,0.0019121294572642,0.00224470872055741,0.0021919795197656,5.98406681640068e-05,0.00129055809792857
"3",0.00076319654311483,0.00811027045615463,0.0010795470420076,6.30965765316097e-05,9.14568345257039e-05,7.93403584192089e-05,5.35698872365516e-05,6.58465545690752e-05
"4",0.000680223776273906,0.0143277095128558,0.000413365714357795,1.87331834491949e-05,2.93817599741502e-05,2.41750314025325e-05,2.94117676498679e-06,2.79202210346471e-05
"5",0.0164221954566905,0.0460071234272968,0.041358227193302,0.00498299273383241,0.00401466986336524,0.00559013758481733,0.000247056654867436,0.00237691101609328
