"","glmGamPoi (Pb)","edgeR (Pb)","limma (Pb)","glmGamPoi (cell)","Nebula","Devil (base)","Devil (mixed)"
"1",0.0278655297632303,0.0452192117866214,0.028105077218888,0.0425646392116873,0.0530624215510112,0.0576162615826126,0.000513534910402681
"2",0.104630902929488,0.0626635991011397,0.0442228472063008,0.0891179524008256,0.0972592669482276,0.100716488187876,0.0112583918403714
"3",0.00596137244884285,0.00627269712388322,0.00446659261381315,0.00665681389819802,0.009178078156153,0.0101286101230289,0.000124519269446882
"4",0.573764371057709,0.575528525176493,0.405050429995737,0.59584023098951,0.523399041161386,0.60324517679881,0.649753416567713
"5",0.181517154883544,0.191527609943405,0.250896545988653,0.184863031375324,0.197295932680489,0.20169459442588,0.16880837641727
