"","glmGamPoi (Pb)","edgeR (Pb)","limma (Pb)","glmGamPoi (cell)","Nebula","Devil (base)","Devil (mixed)"
"1",0.000120270494442721,0.00126645733255074,0.000197814184155906,3.83683642462907e-05,1.82196300221259e-05,5.09812167951454e-05,0.000161242427613871
"2",0.164530804705965,0.234474368223916,0.44648249502275,0.107562567341597,0.100703603936755,0.111165516018274,0.179900614895706
"3",0.087778807624669,0.16205913554245,0.21543808456138,0.124479996516818,0.151875355747338,0.128943643106273,0.0552789725288353
"4",0.0062168829536943,0.0173145740225359,0.0614008739720867,0.00348612134514935,0.00602827512396619,0.00396815342088769,0.000602782528370227
"5",0.0266257812479491,0.108702677866354,0.035785986895932,0.034104295829345,0.04253702517636,0.0358980193641455,0.0235528688108947
