"","glmGamPoi (Pb)","edgeR (Pb)","limma (Pb)","glmGamPoi (cell)","Nebula","Devil (base)","Devil (mixed)"
"1",0.000323118652221404,0.00168384342641821,0.00104953285357718,0.000244142458820125,0.00045529613856066,0.000434865209126349,6.30068890339601e-05
"2",9.59298223275427e-05,0.00371897979836915,0.000169218584894579,8.75287373689798e-07,1.89231177710302e-06,1.75175016920844e-06,2.39936435030648e-10
"3",0.00247627789940015,0.0124833036805428,0.0131230376160951,0.00070697902191624,0.00119058809618232,0.00109410081512344,0.00023868489376568
"4",0.553746717069946,0.621439332682829,0.366645090024448,0.433431415931625,0.444764345973473,0.449811225597417,0.259263394246815
"5",0.000810259354826874,0.00643397732690574,0.00240828356654175,3.39300664479868e-06,7.99783716655431e-06,7.4232539015843e-06,1.89599840699174e-05
