"","glmGamPoi (Pb)","edgeR (Pb)","limma (Pb)","glmGamPoi (cell)","Nebula","Devil (base)","Devil (mixed)"
"1",0.0328491159354471,0.0356842572742821,0.0494118949806391,0.0260010111137481,0.0462944247242871,0.0313446049117424,0.0213703699012424
"2",2.05010105063589e-05,0.000933730817262203,0.000156391020605436,2.0892767015395e-11,8.18688089146992e-12,9.6159166596688e-11,1.12115192193038e-12
"3",0.0446710373594403,0.0688195078298487,0.110272595675748,0.0467220353900274,0.0547370055268862,0.0567107669396074,0.0256688323776223
"4",0.164849670041747,0.224301236529016,0.203289183427644,0.155101499047271,0.199242794521028,0.171362203670866,0.260082629736344
"5",0.0326157601181245,0.0369468539340153,0.0389578626616256,0.0549513642301623,0.0642333810687165,0.0665758261002209,0.0764766328125774
