"","glmGamPoi (Pb)","edgeR (Pb)","limma (Pb)","glmGamPoi (cell)","Nebula","Devil (base)","Devil (mixed)"
"1",0.119973289654892,0.0906618990794496,0.157882219875876,0.0898918805407491,0.117293893471854,0.120130068212511,0.0544987944858748
"2",0.0383986503844364,0.02547870221002,0.0201959979692348,0.0148710811736294,0.0264893961098097,0.0288884770380756,0.000220577672921538
"3",0.0942155732845024,0.0889799920905735,0.197637133693172,0.104094428694815,0.145058356890788,0.15046392075061,5.47658218028585e-09
"4",0.898019273302042,0.905582983319444,0.75050029445219,0.873135570222833,0.877425082770741,0.881227113444248,0.931895058207382
"5",0.665376359799265,0.625113991603223,0.625031095354064,0.606825159269385,0.620827525601514,0.631017975778663,0.0853340780762789
