"","glmGamPoi (Pb)","edgeR (Pb)","limma (Pb)","glmGamPoi (cell)","Nebula","Devil (base)","Devil (mixed)","glmGamPoi (fixed)"
"1",0.0278133809254264,0.0363261629910298,0.0321666065395582,0.0132896612384347,0.0161437602810523,0.0173215945774979,0.193490236659278,NA
"2",0.00874872342851167,0.0165346846460299,0.0380926268985274,0.00131613107451554,0.000955178734017065,0.00195398876369989,8.20811872442522e-05,NA
"3",0.0855834327876375,0.0983861854686721,0.0653200617963093,0.0773870052205241,0.0845980858965195,0.0896797257573445,0.169343681833043,NA
"4",0.0565316415571719,0.0638766578864346,0.083323514258575,0.0803252534976939,0.09494761335615,0.0986467686888407,0.0636535115636883,NA
"5",3.13912891243712e-05,0.000507372028001675,2.66272833424866e-05,2.24025072345983e-08,4.51143343274923e-10,2.94374182413663e-08,2.97497135979915e-30,NA
