"","glmGamPoi (Pb)","edgeR (Pb)","limma (Pb)","glmGamPoi (cell)","Nebula","Devil (base)","Devil (mixed)"
"1",3.58621951345469e-05,0.00332207027656094,7.35128153602324e-05,8.09876813133541e-08,3.21014031955721e-07,1.02622939347893e-07,3.82266277735288e-07
"2",5.60821980788985e-10,1.47552195742287e-06,2.62507836260753e-09,9.86183726565134e-21,1.08719849210047e-21,1.98627026032172e-20,1.06249471995328e-24
"3",8.70783807196486e-07,0.000519839081568339,5.20909083032946e-07,6.70918243349071e-14,3.1509557537458e-14,1.04222367359751e-13,4.59554509824389e-18
"4",3.2295343786767e-09,9.99695548153455e-06,1.5572113378701e-09,7.27133072126242e-16,1.42530522791483e-15,1.27180122339922e-15,2.34866548362753e-35
"5",0.00191257133668835,0.0231965547413012,0.00176529770631445,9.9047390769062e-08,7.9086411205795e-08,1.23435402837581e-07,1.57392686032057e-05
