"","glmGamPoi (Pb)","edgeR (Pb)","limma (Pb)","glmGamPoi (cell)","Nebula","Devil (base)","Devil (mixed)","glmGamPoi (fixed)"
"1",0.00426423605916504,0.0159670960546121,0.00691998426360903,1.81357335261597e-06,1.98639382799382e-06,3.26440232266614e-06,0.000198950428949805,NA
"2",1.22758475729594e-06,8.21896284812056e-05,2.43119208360159e-06,2.99476135616923e-23,2.12782126556591e-30,2.06203534351405e-22,1.03979735215366e-14,NA
"3",0.00292726856198318,0.0134806704800111,0.0026942740582721,4.05402519216578e-10,8.22990595370617e-10,1.21735159046418e-09,1.94326395170024e-12,NA
"4",0.326877901087301,0.410110931617568,0.341242086834895,0.162907142488011,0.185558500367999,0.177513445975032,0.00258693960303322,NA
"5",0.00172459297830471,0.00268318475486399,0.000710991807930909,0.000114274951503277,0.000208356260776991,0.000226504506739833,2.94955645076399e-24,NA
