"","glmGamPoi (Pb)","edgeR (Pb)","limma (Pb)","glmGamPoi (cell)","Nebula","Devil (base)","Devil (mixed)"
"1",0.0671005006215941,0.0769263822149813,0.0320522014769524,0.0664760253698086,0.0416138564026658,0.074798460614684,0.0898280551783668
"2",0.180167346223883,0.243099582471984,0.246944846156797,0.0184710664147239,0.00491974715361175,0.0231102186187848,0.000524057071349405
"3",0.0159059370186126,0.0306148907273926,0.0277335684583208,0.0117756022485788,0.0106379695791751,0.0141804387165121,0.00597652673040459
"4",0.00200140497912066,0.00354212203266914,0.00203956301954576,0.000510556709623721,0.00067103085364443,0.000857834349594893,0.0116328150377692
"5",0.172241897899295,0.23513193535361,0.259093512723777,0.230994729583064,0.256789517819822,0.244998525720847,0.072980088864878
