"","glmGamPoi (Pb)","edgeR (Pb)","limma (Pb)","glmGamPoi (cell)","Nebula","Devil (base)","Devil (mixed)"
"1",0.326556845454101,0.332823122590249,0.502810285525373,0.315273843582106,0.332820276837993,0.336539929705345,0.047566910999614
"2",0.0577687811827576,0.0919331959296543,0.0641611454113475,0.00469498204264199,0.00697139904774275,0.0070175701813112,0.000935828806104787
"3",0.0929261401427116,0.101332902933289,0.0522265093745274,0.0319446910806819,0.0234491826465721,0.0401985647238396,0.0154836484049535
"4",0.0169907910383013,0.0383250299969015,0.0139597071813687,0.00243749480381154,0.00135960246523143,0.00381074733663122,3.54205911314753e-07
"5",0.0199340520736532,0.0149697344103284,0.00378922519804461,0.0114475856343284,0.0151966520847123,0.0164712953679821,0.0192505634025738
