"","glmGamPoi (Pb)","edgeR (Pb)","limma (Pb)","glmGamPoi (cell)","Nebula","Devil (base)","Devil (mixed)","glmGamPoi (fixed)"
"1",1.07732859486503e-08,2.68962603181055e-05,1.83308450605617e-08,3.88391894836749e-23,5.53810194511448e-23,7.67304473081368e-23,3.58299476938988e-24,2.17205769278063e-23
"2",1.13934714600131e-10,4.0927292309175e-06,7.97673047862648e-10,2.00516820120562e-21,9.92816451785727e-22,3.93299199572026e-21,1.00438379700721e-28,6.55105327542683e-22
"3",0.00167316555610469,0.0120134343908995,0.00148049872634754,2.76953951733988e-16,5.0926168967026e-17,4.76610071510123e-16,6.16347687999226e-27,5.33746972591417e-17
"4",1.07718656795742e-05,0.000747656015319808,8.18479627222221e-06,7.64516669470649e-07,1.09486612775737e-06,9.72905399829154e-07,2.03374586638666e-06,6.68977199929611e-07
"5",3.08415420631459e-06,0.000101231511827652,5.86955712375184e-06,3.21521673981983e-07,7.12217292870122e-07,4.29897616452757e-07,2.65705923511664e-11,3.34213484545245e-07
