"","glmGamPoi (Pb)","edgeR (Pb)","limma (Pb)","glmGamPoi (cell)","Nebula","Devil (base)","Devil (mixed)"
"1",0.00993499519458109,0.0893062207172213,0.0127350780153897,0.00713169682150361,0.00925815279244651,0.00778112767494366,0.00249629836794179
"2",0.000851855707262492,0.0100495701662451,0.000738876313487437,0.00103672711880529,0.00169594212175319,0.001183901292679,0.010310682641901
"3",0.00303749753289055,0.0151151180878739,0.0463819946051944,0.00298246953633058,0.00335116010276856,0.00338274162436158,0.011641641602739
"4",0.0115523657539901,0.0330788952302167,0.0262603582513707,0.0240044733143191,0.0255302153979018,0.0260152777772127,0.0139849082632679
"5",4.06127880764843e-06,0.000699275740348827,6.90834446507013e-06,3.32261208746376e-07,3.33659130522172e-07,4.56709266651727e-07,3.08804774209348e-10
