"","glmGamPoi (Pb)","edgeR (Pb)","limma (Pb)","glmGamPoi (cell)","Nebula","Devil (base)","Devil (mixed)"
"1",0.00242228885374951,0.0164993543906744,0.00610875844655965,0.000636498166134095,0.000256433034212543,0.000832794579448743,0.000309012818390501
"2",0.166110004958653,0.230712430601263,0.176808707875595,0.154421095236838,0.179010693349147,0.164161508426537,0.335067557874581
"3",0.00018200074905954,0.00856550517216583,0.00025360988105749,8.66337043861593e-07,8.7753329538338e-07,1.25075946777889e-06,1.71828624054109e-08
"4",0.00065851413758799,0.00432895346958181,0.00223539302830262,0.00398025462650484,0.00432353409217536,0.00492084638092642,2.27418087198286e-06
"5",0.233578202684588,0.290748750165346,0.485332178113671,0.366494923771698,0.379262681337237,0.377911557827265,0.381081391512261
