"","glmGamPoi (Pb)","edgeR (Pb)","limma (Pb)","glmGamPoi (cell)","Nebula","Devil (base)","Devil (mixed)"
"1",0.00127523606522608,0.00458150394837836,0.000732687741202429,4.40934923322138e-05,4.18239426401341e-05,5.94632975410765e-05,5.61011224645414e-12
"2",0.00179316807886209,0.00935029532216238,0.000947806913328846,5.46108100513921e-07,1.93802485263379e-07,7.05308558727055e-07,8.23675568060817e-16
"3",0.0118534243587654,0.0242022326085938,0.00732554720549161,0.0065953038723225,0.00551777088803281,0.00788228712102674,0.0397750098390974
"4",0.0987650766150809,0.15483113249223,0.055925782588988,0.0812772620634094,0.0661490609532867,0.0867720836977681,0.103974674457257
"5",0.0895010145344017,0.112152661318343,0.211584945729286,0.0304902461456835,0.035986372012939,0.0347099324915677,0.112571642408797
