"","glmGamPoi (Pb)","edgeR (Pb)","limma (Pb)","glmGamPoi (cell)","Nebula","Devil (base)","Devil (mixed)"
"1",2.3960069313462e-06,0.00045674754361163,1.16788432136539e-05,2.08920162473962e-09,1.47726859750364e-09,3.73721969774835e-09,3.65785952212247e-09
"2",0.0678176948439651,0.083593270518134,0.767375058406886,0.00879147129477942,0.0447986035884958,0.010318774103125,0.0506823854596929
"3",0.00210578211137467,0.00676460834155139,0.00692625132131566,0.00158190115809011,0.00291100747041122,0.00197023727807365,0.000487669563487637
"4",0.0221796689089336,0.0898233665146556,0.0464430473526002,0.0204975545573163,0.0222516882532217,0.0226236183756386,0.00144019777676247
"5",0.0142525013536117,0.042730398285161,0.0196792272593767,0.0168444750794788,0.0230990336289783,0.0188039453116184,6.01278901334535e-05
