"","glmGamPoi (Pb)","edgeR (Pb)","limma (Pb)","glmGamPoi (cell)","Nebula","Devil (base)","Devil (mixed)"
"1",0.000440757805164734,0.00334599552681516,0.00343745861093393,0.0014081564908175,0.00158859030530114,0.00166682705554324,3.3564831471847e-05
"2",1.08555515959329e-05,0.00039255416667762,8.16543643828736e-05,7.04421036439791e-06,1.37646151687803e-05,9.61152633674624e-06,3.90679247269316e-06
"3",0.00923511947198641,0.0327287090288429,0.015087985160425,0.0128131951790366,0.0202180420276856,0.0139578872726622,0.00211558751429441
"4",3.71700863206108e-05,0.0015146911196391,4.21510251199685e-05,1.6225616868126e-06,1.20121798067011e-06,2.18549994174586e-06,3.61876244866842e-06
"5",0.0118393825305173,0.0426375064850949,0.0223919579340572,0.0191393900798769,0.0216380437144951,0.0205788173901687,0.0097527673453118
