"","glmGamPoi (Pb)","edgeR (Pb)","limma (Pb)","glmGamPoi (cell)","Nebula","Devil (base)","Devil (mixed)"
"1",0.00331112862804064,0.0114479064175516,0.0013206870167878,3.05547588677106e-06,1.52949517594047e-05,7.75511896235728e-06,2.43324482471094e-15
"2",0.0939881030033326,0.0942038472626976,0.0809630823457453,0.0928537239035872,0.115141242073743,0.108237421859303,0.00046111777199418
"3",0.00127235153023348,0.0045935490401254,0.000779926462448233,3.83076751567234e-05,4.06606299908122e-05,6.08983062903217e-05,7.24947582085851e-47
"4",0.0458068302537342,0.0701911853717782,0.061402135531311,0.0162413801003095,0.0187686682397987,0.018862757611914,0.0077643121707646
"5",0.681526471813714,0.64160323036713,0.749134417344133,0.594843199740251,0.606115691816668,0.609118283664628,0.695565767002507
