"","glmGamPoi (Pb)","edgeR (Pb)","limma (Pb)","glmGamPoi (cell)","Nebula","Devil (base)","Devil (mixed)"
"1",0.00039730988852082,0.00237261317126301,0.000894129074569478,0.000948098698604357,0.00119597557673453,0.00130853818265107,6.20938546647655e-05
"2",0.000213863837083417,0.000702362023316168,0.000217316621649919,8.45175297588528e-05,7.24840955047449e-05,0.000132553983072295,4.20839754626845e-05
"3",0.0191078580000523,0.0418061158058311,0.0335585708777271,0.024429039472287,0.0266030459401868,0.0283535882385166,0.0158694660497463
"4",0.0106592045980392,0.0181446481094258,0.00587070940911541,0.00266152065937927,0.00359009148877067,0.00331013568847932,0.00814257106885734
"5",0.0293247333878991,0.0739383271287988,0.106478082829339,0.0726775226691524,0.0779625193483904,0.0812171569339294,0.041400161385013
