"","glmGamPoi (Pb)","edgeR (Pb)","limma (Pb)","glmGamPoi (cell)","Nebula","Devil (base)","Devil (mixed)","glmGamPoi (fixed)"
"1",5.06888392726324e-05,0.00169869820901647,0.000207941491115006,4.51964208830069e-09,5.68591867770301e-09,7.02961006676955e-09,4.59785113238518e-08,NA
"2",6.10642024549408e-06,0.000295399067032727,9.15951032255548e-06,1.37105161532282e-08,1.678682137261e-08,2.05643318703852e-08,2.4245610096091e-14,NA
"3",3.99237428981555e-05,0.000207589219956911,0.000560032942627976,5.88560292995879e-06,9.97262028591946e-06,8.04033576829709e-06,2.91967563044573e-05,NA
"4",3.81918701642686e-05,0.0018227801606893,4.14990805215735e-05,1.29622418242076e-06,1.66758828915559e-06,1.74611888703279e-06,2.68656617361968e-06,NA
"5",6.1906005310069e-05,0.0048650496377374,0.0001064047320014,8.90902155739049e-09,3.30880857019374e-09,1.25713896555149e-08,1.15275469178357e-08,NA
