"","glmGamPoi (Pb)","edgeR (Pb)","limma (Pb)","glmGamPoi (cell)","Nebula","Devil (base)","Devil (mixed)"
"1",0.00016719082398906,0.00193915862998665,0.000402965682578463,3.01441029212414e-06,9.90732045383433e-06,8.91815616292847e-06,5.72387719052196e-13
"2",0.0209218028249297,0.0590464527149263,0.0614337345808204,0.00337271677835108,0.0044828821840159,0.0046258246373691,0.170887615961759
"3",0.0665641504994173,0.0813389974633911,0.035591126741173,0.038565068429222,0.0499017140984713,0.0439281071284377,0.000819867057812572
"4",0.00121754561485929,0.00903169190083298,0.00173176703293399,2.25713338929117e-07,2.08697377513931e-07,4.48220312742871e-07,3.2886899053834e-08
"5",0.0674134561642044,0.0693960778650754,0.053328467122405,0.0314909801717566,0.0319868125476084,0.0365807882466301,8.07916730297271e-07
