"","glmGamPoi (Pb)","edgeR (Pb)","limma (Pb)","glmGamPoi (cell)","Nebula","Devil (base)","Devil (mixed)"
"1",0.00568257933346369,0.0235794037566095,0.0764736318500175,0.00129198978818463,0.00250401422815445,0.00153343835116598,0.000650233848093041
"2",9.4640966042449e-05,0.000622391163285058,7.38161363883422e-05,2.97704733785744e-06,3.46332116627662e-06,4.71355966060984e-06,0.000135677302216167
"3",0.616115538022963,0.684200801158195,0.622238603916638,0.615508876113722,0.615587415591441,0.619749173391791,0.63333095999228
"4",0.175322057648963,0.194576073837812,0.251308136637567,0.0422492237596344,0.0309543793607089,0.0454260824272563,0.0357618701592878
"5",0.03850269045732,0.0692274325138101,0.0589557933251148,0.0270714451439228,0.03061458370334,0.0299783548012228,0.0259906868269457
