"","glmGamPoi (Pb)","edgeR (Pb)","limma (Pb)","glmGamPoi (cell)","Nebula","Devil (base)","Devil (mixed)"
"1",0.0314091665179789,0.0276738535975549,0.0211669504370367,0.0165552673355138,0.0244843109438245,0.0260813147387594,0.00267427187478795
"2",0.0181867564724247,0.0294889707530909,0.0311483136132508,0.00753900258107054,0.00926898949158942,0.00990560100206091,0.0402424432999277
"3",0.00151115705803136,0.00180892494297498,0.00101972831654863,0.0001245967035282,0.000373143088542067,0.000366140148165848,1.53776029951296e-08
"4",0.0567987773154291,0.0570954310940628,0.0412969707923614,0.0309545250383704,0.0436291826039902,0.0468146937692526,1.17230050201419e-10
"5",0.00969917481851372,0.0154308193657574,0.0103206551059786,5.25325573764794e-06,1.61258395165712e-05,1.7363437007958e-05,1.37982383524539e-06
