"","glmGamPoi (Pb)","edgeR (Pb)","limma (Pb)","glmGamPoi (cell)","Nebula","Devil (base)","Devil (mixed)"
"1",0.0237622613814255,0.0362075745688068,0.162924517358315,0.00951563805012729,0.0146460519722158,0.0111912760042276,0.00135957723619928
"2",0.0164928027245548,0.0297336913582935,0.0229621059805272,0.0040448876221547,0.00401551919413399,0.00481279882634254,0.0449377721809222
"3",0.019671775210121,0.03455763743229,0.0206291815384579,0.0239680131036567,0.0278433063378665,0.0258156931614774,0.00346975985212833
"4",1.19221834201112e-12,2.33100864403282e-07,2.93060726635835e-11,9.48835620976992e-28,4.02689421569288e-41,2.43923421873713e-27,4.35117188674372e-46
"5",1.97000719071595e-06,0.000236875139919774,3.51125232121282e-07,8.88435116521844e-07,1.11744233197478e-06,1.40834210958742e-06,2.20162099232047e-19
