"","glmGamPoi (Pb)","edgeR (Pb)","limma (Pb)","glmGamPoi (cell)","Nebula","Devil (base)","Devil (mixed)"
"1",0.119995641636678,0.10637708492501,0.157882219875879,0.0898918925331838,0.117293894167642,0.121249859959118,0.0554925326509282
"2",0.0384147016320399,0.0295660906851305,0.020195997969235,0.0148710846836171,0.0264893964421146,0.0291194020757388,0.000224523352935177
"3",0.0942370013317993,0.101935150785439,0.197637133693174,0.104094442958981,0.145058356536341,0.151588841892279,6.01955887753768e-09
"4",0.898027253579179,0.889247484892519,0.750500294452201,0.873135572251828,0.877425082771306,0.879180467146867,0.930909344099201
"5",0.665392663062657,0.642288166503116,0.625031095354066,0.606825161016749,0.620827525601515,0.625863121804645,0.0817048301425462
