"","glmGamPoi (Pb)","edgeR (Pb)","limma (Pb)","glmGamPoi (cell)","Nebula","Devil (base)","Devil (mixed)","glmGamPoi (fixed)"
"1",0.448134008412775,0.580222394145308,0.582066375457851,0.469005163408735,0.471644852739637,0.472748773686662,0.401060014902548,0.418906845520805
"2",0.000116234483010588,0.00346535915363961,0.00015823295320609,0.00043397689479156,0.000493282895076204,0.000503808995469668,0.000270813122477441,0.000260771454003974
"3",0.0212643524668102,0.0498684238485471,0.0187715596954921,0.0138001453678388,0.0161332784351026,0.0148863186963731,0.00881074335906202,0.0170079101700031
"4",1.67694610431734e-11,1.75695630506055e-07,9.55871718889659e-11,7.91968286720154e-25,1.60317021541268e-25,1.85859580808254e-24,5.96074280826224e-29,5.43226821888025e-25
"5",4.14875586839341e-17,1.45663858898154e-09,1.18503780040734e-16,5.7361548050781e-58,1.88525201449471e-71,3.51040457327816e-59,5.27663462051168e-51,4.18794526747879e-66
