"","glmGamPoi (Pb)","edgeR (Pb)","limma (Pb)","glmGamPoi (cell)","Nebula","Devil (base)","Devil (mixed)"
"1",0.00341425546029135,0.00376606946475434,0.00168257260870505,7.53678246450786e-05,0.0001008092115265,0.000132104585822713,1.81154636620623e-07
"2",0.0108975290006521,0.021955232291109,0.00685339823056064,6.34855167095925e-06,2.0649282117506e-05,9.83820938221361e-06,3.75125137571189e-11
"3",0.00445938871978261,0.0105055265116172,0.00234832458846821,9.48953844856265e-06,1.47266645562284e-05,1.58070759734717e-05,2.2991191315275e-12
"4",0.278883326454374,0.290437038808059,0.312322786826536,0.0742361374701819,0.0774007685583478,0.0780906505329535,0.0892854932384517
"5",0.0232894613292932,0.0305108759366444,0.0139792559282676,5.56901807538802e-05,0.000148683526226863,8.0827780968584e-05,2.44816481376516e-24
