"","glmGamPoi (Pb)","edgeR (Pb)","limma (Pb)","glmGamPoi (cell)","Nebula","Devil (base)","Devil (mixed)","glmGamPoi (fixed)"
"1",0.0648118781968176,0.137811622133897,0.0474434000837058,0.0423023222460236,0.047822490656319,0.049297512490162,1.22263763365709e-08,NA
"2",0.106857487133645,0.144844665855796,0.0810544784141434,0.0420145688674673,0.0478119736416492,0.0507453582308521,0.16739214839257,NA
"3",0.0106669951510184,0.0268119562237751,0.0110336309969394,3.04308925523039e-05,1.81375082945046e-05,4.75516180007663e-05,2.12214777004208e-11,NA
"4",0.195114632780251,0.21239435431759,0.152565121943529,0.105056774933896,0.0979154784102157,0.121975773717855,0.000325668340172954,NA
"5",0.00038291425264787,0.00110791155995549,0.000385926043088947,2.5522312543084e-08,6.69382288512098e-08,1.20995728410331e-07,2.45431885646775e-20,NA
