"","glmGamPoi (Pb)","edgeR (Pb)","limma (Pb)","glmGamPoi (cell)","Nebula","Devil (base)","Devil (mixed)","glmGamPoi (fixed)"
"1",0.0194492263125248,0.0278502979189681,0.0152448896462512,0.00410768975562871,0.00444843629488389,0.00501093494702404,0.0363714036884859,NA
"2",0.0775221092317829,0.127522292016486,0.104849983744113,0.0435840351028169,0.0478017296983232,0.049355446701985,0.163818378029901,NA
"3",0.488047522702991,0.519277360955885,0.533615733110329,0.399845660121582,0.408826021975258,0.411579084602776,0.624372911010042,NA
"4",0.00409905184077279,0.010002127366881,0.00194498833816043,0.000106421767203307,4.71225126524775e-05,0.000134710362698334,1.0195870237795e-05,NA
"5",0.0107756697198597,0.037503770727741,0.0148444905145091,0.00204499654870136,0.00145935694295383,0.00248689569186853,1.46964927512801e-08,NA
