"","glmGamPoi (Pb)","edgeR (Pb)","limma (Pb)","glmGamPoi (cell)","Nebula","Devil (base)","Devil (mixed)"
"1",0.00441313575571608,0.0181957941150461,0.0150213090952524,0.00149968700779701,0.00116946362986808,0.00180333952298295,0.00218497681551409
"2",0.083273809461285,0.125107930121881,0.0955645736931766,0.0951583566776375,0.056399858253658,0.0994963935357482,0.0411892085680257
"3",0.00380239870506806,0.0171524355816534,0.00438808420606354,0.00210971322651572,0.00241352427329465,0.00242112031810367,0.00118772602893558
"4",5.44712886750356e-11,1.29069909702341e-06,1.93168070011811e-10,9.65886780121308e-19,2.70425518165925e-28,3.74214066749544e-18,5.18813861513231e-22
"5",4.09254130617803e-06,0.000401013757368466,4.23891080288619e-06,2.98298379081558e-11,3.26851007628408e-14,5.19819545240287e-11,6.4052475779737e-08
