"","glmGamPoi (Pb)","edgeR (Pb)","limma (Pb)","glmGamPoi (cell)","Nebula","Devil (base)","Devil (mixed)"
"1",0.000440757762845526,0.00274845470921453,0.00343745861093392,0.00140809715653162,0.0015885970832054,0.00161997256662319,3.18874230141297e-05
"2",1.08555583580149e-05,0.000324135605074654,8.16543643828726e-05,7.04374998196474e-06,1.376487681981e-05,1.00602768364821e-05,4.04888902020019e-06
"3",0.00923511894000769,0.030442670841975,0.0150879851604248,0.01281306226687,0.0202180421791991,0.0144415651733766,0.00220944916269272
"4",3.71700745824482e-05,0.00131119676942982,4.21510251199675e-05,1.6225520549871e-06,1.20121798067173e-06,2.38526290808307e-06,3.88347102899885e-06
"5",0.0118393827721272,0.0390905432764833,0.0223919579340576,0.0191392416738527,0.0216380437555973,0.0214469803054485,0.0101690749342028
