"","glmGamPoi (Pb)","edgeR (Pb)","limma (Pb)","glmGamPoi (cell)","Nebula","Devil (base)","Devil (mixed)"
"1",0.00341426220775854,0.00358566080803618,0.00168257260870506,7.5367824877898e-05,0.000100816170291222,0.000127540205086473,1.85695808633264e-07
"2",0.0108975436303614,0.0244676449851623,0.00685339823056072,6.34855170884301e-06,2.06492821175169e-05,1.05093160176596e-05,3.21719672048043e-11
"3",0.00445939550947325,0.0133663075034626,0.0023483245884682,9.48953879019843e-06,1.4726658754271e-05,1.79657984815985e-05,2.1518795447265e-12
"4",0.278883422343788,0.27948974327365,0.312322786826533,0.0742361376129821,0.077400768555618,0.081135852074867,0.0907665338210236
"5",0.0232894821734068,0.0368133484821925,0.0139792559282673,5.56901812087483e-05,0.000148683525751637,9.01745929083063e-05,3.2343728425848e-24
