"","glmGamPoi (Pb)","edgeR (Pb)","limma (Pb)","glmGamPoi (cell)","Nebula","Devil (base)","Devil (mixed)","glmGamPoi (fixed)"
"1",0.0879548850445407,0.115387227157533,0.0421801602010154,0.0238095723658955,0.0270568719961794,0.0282897467862974,0.0156610496289845,NA
"2",0.0450370807305812,0.0644232361247875,0.0272055915135105,0.0420572965605399,0.0364903583665147,0.0488388489195038,3.57312705286265e-06,NA
"3",1.25852388013742e-05,0.000346286306512057,1.61597983235622e-06,1.69690888427141e-17,2.92947479352184e-19,6.29506520556731e-18,1.04754459461777e-20,NA
"4",0.000231752197866793,0.00231312665856429,6.51910521819304e-05,2.36795934873321e-10,3.54292161614791e-10,2.84916853642822e-10,8.16353414842912e-15,NA
"5",0.0111213410694165,0.0241568865842959,0.00926337571328462,0.00159582270762135,0.00185425721694011,0.00202303461732338,0.000142257438938424,NA
