"","glmGamPoi (Pb)","edgeR (Pb)","limma (Pb)","glmGamPoi (cell)","Nebula","Devil (base)","Devil (mixed)"
"1",5.59485690742202e-08,2.50234263750255e-05,3.99729432556947e-07,6.9762563242073e-09,3.92283843094174e-09,1.17223327953221e-08,2.20776491322721e-11
"2",0.00104968261203594,0.00474037772855608,0.0282541452991647,0.000346388229162531,0.000785727305083008,0.00042757293028283,6.23491040742817e-05
"3",2.87797560238953e-10,4.99684149578683e-06,2.42666437930223e-10,4.0093358464046e-19,8.13618853643925e-20,7.59398053106165e-19,3.75884581031302e-20
"4",0.000517597613327951,0.00657172308845706,0.00239843298198967,5.27222646351205e-05,5.65375855354675e-05,6.6427143457668e-05,3.14566688666492e-10
"5",7.23919666830484e-07,0.000217326531766099,2.06764420056285e-06,1.34368264595205e-15,1.87684046517481e-15,2.67301884880023e-15,4.30976496825622e-18
