"","glmGamPoi (Pb)","edgeR (Pb)","limma (Pb)","glmGamPoi (cell)","Nebula","Devil (base)","Devil (mixed)"
"1",0.0211428500744005,0.078577317559786,0.0878508991841029,0.00537002429676362,0.00508707741938586,0.00580957739748266,0.0342518738084135
"2",6.65912639735316e-17,5.1909522269972e-10,3.05499345398206e-16,1.73769477497373e-49,3.09601098277146e-68,5.02323970033024e-49,7.68346491482787e-43
"3",6.87326378100675e-07,6.30900150596452e-05,1.598383468469e-06,8.56397161848361e-08,7.36697957405628e-08,1.26247279759134e-07,3.83598921377457e-16
"4",0.000794795132274654,0.0072075834058022,0.00054670455929687,0.000216256098452666,0.000242667815213394,0.000253044659339904,3.40358050074391e-05
"5",4.31607650076055e-05,0.000238573273338651,4.72961324810103e-05,1.18395007971869e-07,3.52920091677772e-08,1.81002907597128e-07,3.26073271302591e-08
