"","glmGamPoi (Pb)","edgeR (Pb)","limma (Pb)","glmGamPoi (cell)","Nebula","Devil (base)","Devil (mixed)"
"1",4.08749938749281e-09,2.46604478863309e-05,7.71540005338091e-09,2.61352517310603e-16,2.82186518936993e-18,4.63039329417842e-16,5.37405451768064e-25
"2",0.0131030649654267,0.0554675768788638,0.0757008907025686,0.00264530923170363,0.0018957508319561,0.00292051585218948,0.00239242920115385
"3",5.77402233689915e-07,1.28133274513726e-05,9.09547849006026e-07,1.72018725978421e-09,8.1827167021106e-10,2.98589988035716e-09,1.5584020360322e-15
"4",0.000709326974731421,0.00996544113904303,0.00229398077554874,0.00110131216508144,0.000778732224615712,0.00124119568996752,0.000392568562670116
"5",6.11625890276909e-26,1.14061090912318e-15,1.18215150826334e-25,3.3562215583487e-105,5.47750828237033e-171,1.68156237754619e-105,4.42148466430124e-156
