"","glmGamPoi (Pb)","edgeR (Pb)","limma (Pb)","glmGamPoi (cell)","Nebula","Devil (base)","Devil (mixed)"
"1",0.337524946577592,0.411260006645147,0.969200802299693,0.319073293226383,0.323874968051353,0.328959356288635,0.194494969069842
"2",0.707851553242231,0.725767802476805,0.862524043250526,0.790244524324841,0.791737436068472,0.79610828887704,0.816307495045168
"3",0.101726297578212,0.136906075174747,0.328793153800477,0.0508222308697968,0.0660802053174616,0.0557062910858839,0.0786159631887516
"4",0.000339705024018375,0.000782267571620011,0.00517946312539746,0.000180300153176805,0.000230248195501112,0.000262354197318144,4.70937780047526e-05
"5",0.0131264870087409,0.0438765880132242,0.0247598186869344,0.000983099361403512,0.00129695824013287,0.00121227632004111,0.00211519088568052
