"","glmGamPoi (Pb)","edgeR (Pb)","limma (Pb)","glmGamPoi (cell)","Nebula","Devil (base)","Devil (mixed)"
"1",0.769697474647921,0.812366232655998,0.919074897376954,0.696623455955658,0.714449759452738,0.706731942591106,0.309580970351537
"2",0.740323964268275,0.71663970373072,0.657930404068632,0.832677554553034,0.836664952004397,0.839265859716005,0.648666877169735
"3",0.0241266865048578,0.0264953675484507,0.0245111097748137,0.0116291630639232,0.0159104908565972,0.0160597660267577,0.00469982455492401
"4",0.747386132139988,0.727879904076282,0.80382064838851,0.806076236148687,0.811197896946966,0.811603101223575,0.563891670530619
"5",0.52739421567606,0.472889520133746,0.36798956389084,0.320630201345836,0.327844559160408,0.339088380771851,0.383005649866695
