"","glmGamPoi (Pb)","edgeR (Pb)","limma (Pb)","glmGamPoi (cell)","Nebula","Devil (base)","Devil (mixed)"
"1",9.36702911401807e-06,0.00547624689970764,1.7662857060466e-05,7.44978646737699e-08,4.55488465127301e-08,1.0621032983556e-07,2.05395497123991e-09
"2",2.3027021231525e-07,1.48309518293818e-05,3.18458972162511e-06,7.25582005006719e-08,1.15537248931937e-07,1.0847883254498e-07,1.29287823969046e-08
"3",4.00208961468691e-06,0.000172140080393767,1.56842324559032e-05,4.93004177113735e-07,5.17333432295089e-07,6.8579839983827e-07,1.08299652685742e-11
"4",1.81266994358254e-12,2.82479301284609e-08,9.4951371808217e-12,1.23232703152059e-27,1.37324610101372e-30,3.36752595753003e-27,1.38639986040492e-16
"5",2.28133952070158e-10,6.51660980462975e-05,6.36514043199989e-07,1.35420935050995e-14,3.94934188966823e-15,2.30488142357283e-14,5.16147181732307e-31
