"","glmGamPoi (Pb)","edgeR (Pb)","limma (Pb)","glmGamPoi (cell)","Nebula","Devil (base)","Devil (mixed)","glmGamPoi (fixed)"
"1",0.000842630947468739,0.00683022295489165,0.00443479627466738,0.000314905707655137,0.000477702152814972,0.0003805406284528,4.91862343069894e-05,0.000410087631255492
"2",1.73462113652102e-06,0.000227097408085856,3.16597867385584e-06,1.12926939504298e-07,1.44227711719144e-07,1.6009011843576e-07,1.65185593482071e-07,8.68509968083522e-08
"3",0.00293713474684493,0.0221854691976577,0.00364462175334816,0.00468979901337835,0.00469004667066709,0.0051644341049971,0.00671961986829802,0.00395759018786781
"4",0.133908280481355,0.353994456990281,0.112689830007576,0.157590864363319,0.149470893960166,0.161096549640259,0.0796807574666551,0.131122752714204
"5",0.0495352558297673,0.129409884182594,0.129144123672259,0.0786756673996678,0.082505645792043,0.0819949443072248,0.0522819807554677,0.0666899448223433
