"","glmGamPoi (Pb)","edgeR (Pb)","limma (Pb)","glmGamPoi (cell)","Nebula","Devil (base)","Devil (mixed)"
"1",0.000102220975904639,0.00246890713474562,0.000168104893399706,5.61589497264991e-06,5.74687736229945e-06,7.30955247755996e-06,8.05933417016589e-06
"2",4.03750813125776e-06,0.0010399269729458,8.01427504953485e-06,2.8033627953722e-08,2.18559706343018e-08,4.07720521923955e-08,3.67143683030142e-07
"3",0.000488376175594306,0.0146190698377696,0.00031998596026621,6.98252590594148e-06,1.63460465012324e-05,8.90514072422767e-06,4.3777813176257e-08
"4",2.35532173535581e-06,3.99900564478386e-05,3.29215309229793e-05,1.20524353809454e-07,1.98602596897766e-07,1.86842239793751e-07,2.1481671158646e-07
"5",0.000326041425244503,0.00516899915883223,0.000704270343906484,5.4489492802167e-05,7.61350749586892e-05,6.65235339545671e-05,1.52775696162452e-05
