"","glmGamPoi (Pb)","edgeR (Pb)","limma (Pb)","glmGamPoi (cell)","Nebula","Devil (base)","Devil (mixed)"
"1",0.00568258211881983,0.0228989373169737,0.0764736318500162,0.00129198987908553,0.00250401424068227,0.00164211777224132,0.000682411893418896
"2",9.46410823563084e-05,0.000487053676243782,7.38161363883428e-05,2.97704787255111e-06,3.46332116307878e-06,5.03963932187248e-06,0.000140750361283233
"3",0.616115533367999,0.687263747846853,0.622238603916655,0.615508877845639,0.615587415995093,0.622654292648875,0.635861799156995
"4",0.175322101023473,0.182459650109387,0.251308136637561,0.0422492240490136,0.0309543794187847,0.0464805526502375,0.0364991736217619
"5",0.0385026980920515,0.0583956541571422,0.0589557933251163,0.0270714462451023,0.0306145918595779,0.0293564614487351,0.0254301477224358
