"","glmGamPoi (Pb)","edgeR (Pb)","limma (Pb)","glmGamPoi (cell)","Nebula","Devil (base)","Devil (mixed)"
"1",0.000397309869447471,0.0026416328268563,0.000894129074569501,0.000948098791608911,0.00119597557673461,0.0012604038680455,5.9216942251204e-05
"2",0.000213863808448521,0.000859970494138734,0.000217316621649922,8.45175399710888e-05,7.24840954861517e-05,0.000127462357067302,4.09826769040913e-05
"3",0.0191078525737005,0.0452494373703441,0.0335585708777271,0.0244290401281191,0.0266030459401877,0.0271945593417428,0.0152425439330203
"4",0.0106592035346211,0.0229346605909391,0.0058707094091153,0.00266152085772856,0.00359009180926705,0.00338862097609031,0.00829271023449744
"5",0.0293247324830558,0.0779053639805242,0.106478082829339,0.0726775242526538,0.0779625193483859,0.0789977718706775,0.0403080077515308
