"","glmGamPoi (Pb)","edgeR (Pb)","limma (Pb)","glmGamPoi (cell)","Nebula","Devil (base)","Devil (mixed)"
"1",0.0562422730356148,0.0646316458587605,0.0456025038567021,0.0265089159906041,0.0306498726330982,0.0321187206444145,0.0141034400404435
"2",0.0180540999726816,0.0217314236661979,0.0134931227880562,0.00747780122029252,0.00992452444618107,0.0107535085403837,0.0155400261494916
"3",0.104669430951164,0.131849903265386,0.29511343907834,0.0935286971441546,0.0927510055888452,0.106179930495277,0.00553015450140086
"4",7.12725314790413e-05,0.00127934967986521,0.000163171903037084,8.98216611603826e-10,8.79393903219508e-13,1.26430415557491e-09,6.89828758903654e-17
"5",0.141204569719242,0.16813729854749,0.134344886657345,0.109947480872158,0.130544564680082,0.126866773127361,0.0290336090450558
