"","glmGamPoi (Pb)","edgeR (Pb)","limma (Pb)","glmGamPoi (cell)","Nebula","Devil (base)","Devil (mixed)"
"1",0.106442306034042,0.169431450191806,0.214461576674147,0.102508738868697,0.11270500581546,0.114439303630402,0.0556320480628417
"2",0.00727619173633624,0.0192220195326662,0.0296118275682886,0.00263141433999055,0.00705606240776111,0.00368463619950101,0.000517957407399806
"3",0.00547425174024082,0.0147339771465462,0.0236631173456351,0.00263750349771914,0.00403534555337425,0.00371692503657641,0.00030235762518452
"4",0.522827511596063,0.563398034034068,0.89518305251537,0.368392886589835,0.549857129107114,0.381841072664523,0.290217401448521
"5",0.000667567455528783,0.00250083751494362,0.00336884297348981,0.00120281609517865,0.00175738144383393,0.00185940056400757,0.00036430744177511
