"","glmGamPoi (Pb)","edgeR (Pb)","limma (Pb)","glmGamPoi (cell)","Nebula","Devil (base)","Devil (mixed)"
"1",0.00993499828253748,0.0836483696119225,0.0127350780153899,0.00713169604648008,0.00925815263394028,0.00814130842155221,0.00261956479241046
"2",0.000851855815158759,0.00903886083319587,0.000738876313487447,0.00103672697969759,0.00169594211462873,0.00125518119523576,0.0106685676676356
"3",0.00303749854261267,0.0140640033704594,0.046381994605195,0.00298246911062534,0.0033511600899078,0.00355429363133079,0.011988955395812
"4",0.0115523671501384,0.0289251327949268,0.0262603582513713,0.0240044711301975,0.0255302153978966,0.0268624866452857,0.0145099647517533
"5",4.06128249298387e-06,0.000591160923276321,6.90834446507023e-06,3.32260988766791e-07,3.33659130514323e-07,5.21904138268551e-07,3.5661750098637e-10
