"","glmGamPoi (Pb)","edgeR (Pb)","limma (Pb)","glmGamPoi (cell)","Nebula","Devil (base)","Devil (mixed)"
"1",0.00153910624162063,0.0101248232159278,0.00138478252648244,0.000975050540971567,0.000488122408345462,0.00122040273207044,6.56830067485702e-05
"2",1.24278971475939e-06,0.00023343432960817,4.70700669947812e-06,9.37789202552919e-07,9.47858425956337e-07,1.45004153034235e-06,1.20923471767529e-06
"3",3.40266908289627e-18,3.09800935726975e-09,9.02701606143547e-18,1.90336655892077e-29,3.33315540001044e-35,2.98612677487912e-29,4.41492493175199e-24
"4",0.000107950918400337,0.0159642006492004,0.000287576020608325,1.62590035522232e-06,1.9198030738715e-06,2.11034069061543e-06,3.14766045208952e-09
"5",0.000529271131055492,0.00144060892321339,0.0151538060207515,6.97064327568023e-05,9.06054445952142e-05,0.000103620688267289,5.77016813967098e-05
