"","glmGamPoi (Pb)","edgeR (Pb)","limma (Pb)","glmGamPoi (cell)","Nebula","Devil (base)","Devil (mixed)"
"1",0.115219267708197,0.0741006737183634,0.0556959658303143,0.117103990080011,0.131789251869735,0.13979706425633,0.0106584383185859
"2",2.34629920002023e-05,0.00262926466308117,9.88263639653982e-06,4.71871155264915e-07,3.24917512052863e-08,4.71787054339402e-07,3.98282393031162e-07
"3",0.00189423322523575,0.00162171655993997,0.000529720775603912,0.000109858552458183,0.000121779351853185,0.000214182500680577,1.44581572850259e-05
"4",0.788540887556916,0.794161981387348,0.865592756602094,0.798420080186095,0.7999838839089,0.805996862240714,0.737462801274954
"5",0.0480667888773788,0.065777757281088,0.118161570327658,0.035697671079908,0.0422896954161643,0.0454437436107991,0.0923770453252126
