"","glmGamPoi (Pb)","edgeR (Pb)","limma (Pb)","glmGamPoi (cell)","Nebula","Devil (base)","Devil (mixed)"
"1",9.36703463280515e-06,0.00417661750418416,1.76628570604674e-05,7.44959536545279e-08,4.55488466463638e-08,1.05774279259057e-07,2.02941965534809e-09
"2",2.30270364494239e-07,1.2968883949696e-05,3.18458972162514e-06,7.25574071988742e-08,1.15537248690711e-07,1.19738194395805e-07,1.40138762463447e-08
"3",4.00208697410864e-06,0.000144550138986914,1.56842324559025e-05,4.9299968125756e-07,5.17333432387776e-07,7.78516837130924e-07,1.31492483207498e-11
"4",1.8126711417352e-12,2.89911530467944e-08,9.49513718082239e-12,1.23216538142127e-27,1.37323635972505e-30,3.97538838899596e-27,1.41671379788125e-16
"5",2.28134516610124e-10,3.19688215572778e-05,6.36514043200005e-07,1.35417871162327e-14,3.94934188965632e-15,2.77963936325882e-14,6.12343082942306e-31
