"","glmGamPoi (Pb)","edgeR (Pb)","limma (Pb)","glmGamPoi (cell)","Nebula","Devil (base)","Devil (mixed)"
"1",0.023761329114336,0.0457384771661138,0.162924517358316,0.00951563813869206,0.01464605108814,0.010767826561062,0.00127004324842057
"2",0.0164917079641291,0.0346479209815396,0.022962105980527,0.00404488761539995,0.0040155191943349,0.00463493703414669,0.0441128556559783
"3",0.0196708400515963,0.0407443071838549,0.0206291815384583,0.023968013050019,0.0278433065951202,0.0264055351132744,0.0035967005375098
"4",1.19229153821101e-12,2.14586613469683e-07,2.93060726635761e-11,9.48835483930857e-28,4.02689421570646e-41,2.47950289845527e-27,4.52904942748923e-46
"5",1.96940022045805e-06,0.000275464181626909,3.51125232121299e-07,8.88435118988346e-07,1.11744233785959e-06,1.18920472431898e-06,9.20412537735588e-20
