"","glmGamPoi (Pb)","edgeR (Pb)","limma (Pb)","glmGamPoi (cell)","Nebula","Devil (base)","Devil (mixed)"
"1",0.000746433303702156,0.00126942195449356,0.000145895609578234,2.31039173862357e-06,3.14049426359844e-06,4.41280414314607e-06,3.09724150941539e-40
"2",0.0203121948769787,0.0141505946950934,0.0120993398410649,0.0163202959154182,0.0226571026817498,0.0250934697290833,1.61472841828042e-05
"3",0.0322697582467919,0.0349616882816215,0.0102093447814553,0.0126233801837077,0.0161468890247309,0.017724096534523,1.26807687173423e-22
"4",0.838998700410444,0.86335509769788,0.770936484296815,0.663911930204546,0.698878690346402,0.676911629907942,0.707712676588499
"5",0.298712490621618,0.261897305400112,0.396143148222547,0.153457002318833,0.208146972767145,0.177971944584212,0.0870699187404702
