"","glmGamPoi (Pb)","edgeR (Pb)","limma (Pb)","glmGamPoi (cell)","Nebula","Devil (base)","Devil (mixed)"
"1",2.39600785716932e-06,0.000255979880567267,1.16788432136534e-05,2.08930779899747e-09,1.4772686002824e-09,4.28835470667981e-09,3.90906955716541e-09
"2",0.0678177034323726,0.0781623326976733,0.767375058406873,0.00879170045444711,0.0447986033002002,0.010128882130691,0.050147570642545
"3",0.00210578226975996,0.00519147429000727,0.00692625132131572,0.00158195438986423,0.00291100830539429,0.00195435312471771,0.000486930075501148
"4",0.0221796689563805,0.0950326571797922,0.0464430473526,0.0204979223672005,0.0222516882532222,0.0233269104929277,0.00150524684429903
"5",0.0142524962383898,0.0350357130787505,0.0196792272593773,0.0168447719088927,0.0230990336226487,0.0195381942893957,6.66543907303178e-05
