"","glmGamPoi (Pb)","edgeR (Pb)","limma (Pb)","glmGamPoi (cell)","Nebula","Devil (base)","Devil (mixed)"
"1",2.2711887618792e-11,6.15732542035129e-06,1.36638255995589e-08,5.89610982159286e-22,9.77509108786098e-23,1.46888777369232e-21,3.43664006617714e-36
"2",3.47363094088429e-08,1.74098028040503e-05,2.87676735910577e-08,5.26089378935393e-10,6.17403790507884e-10,8.55387364421546e-10,1.40159209652555e-15
"3",6.05751652137038e-11,3.18913894350117e-05,8.48630347126287e-10,8.72194340766696e-28,2.72882476851216e-29,1.98089150650537e-27,2.22238644900483e-29
"4",1.44761377959146e-06,1.8222489635721e-05,2.99423608237132e-06,1.81347223284849e-10,2.48181244562245e-10,3.33195630857781e-10,3.93573639689443e-12
"5",2.7420897454778e-07,7.00169347103618e-06,1.02472461723692e-07,1.83786351303234e-22,3.01005747536152e-22,6.25278872553006e-22,2.08420993224361e-70
