"","glmGamPoi (Pb)","edgeR (Pb)","limma (Pb)","glmGamPoi (cell)","Nebula","Devil (base)","Devil (mixed)","glmGamPoi (fixed)"
"1",6.79501361384268e-06,0.000547220997107409,8.38626129718784e-06,8.6664546922684e-07,1.95729769853495e-06,1.18573427108197e-06,2.11358457022467e-05,NA
"2",9.35878336924059e-13,4.54567221602563e-07,1.52364011381002e-12,1.25805441513201e-29,3.20576776944208e-31,2.91943232820815e-29,7.06771649047592e-41,NA
"3",0.00478481591719295,0.0304596228642574,0.0163049897874468,0.007774560617565,0.0111389248734762,0.00854040565276399,0.000171497674800575,NA
"4",0.0415132656233575,0.116746324310165,0.062879347700738,0.0510484131442583,0.056683219399621,0.0537560971728103,0.0164963858006092,NA
"5",7.24283261719839e-05,0.00568871051871306,0.000204371166245043,1.37093140710757e-05,2.99189294453535e-05,1.72165255217809e-05,5.00121292304498e-06,NA
