"","glmGamPoi (Pb)","edgeR (Pb)","limma (Pb)","glmGamPoi (cell)","Nebula","Devil (base)","Devil (mixed)"
"1",0.0314091936250384,0.0203874740168396,0.0211669504370364,0.0165552729497706,0.0244843117106797,0.0266042887747969,0.00270178077670297
"2",0.0181868240237259,0.036226727358025,0.0311483136132508,0.00753900411671459,0.00926898949158939,0.0103615275253305,0.0407968292709449
"3",0.00151116330101821,0.00168231926574783,0.00101972831654865,0.000124596790804126,0.00037314308798228,0.00038717037820816,1.34106429230359e-08
"4",0.0567988201246771,0.0544660905809026,0.0412969707923616,0.0309545344780703,0.043629182605315,0.0475661237782595,9.86079956316569e-11
"5",0.00969921664091272,0.0105388806830705,0.0103206551059787,5.25326023282578e-06,1.6125839516563e-05,1.95354029885503e-05,1.64855659541724e-06
