"","glmGamPoi (Pb)","edgeR (Pb)","limma (Pb)","glmGamPoi (cell)","Nebula","Devil (base)","Devil (mixed)"
"1",0.000244338137530319,0.00162091123724574,0.00176146623582626,3.74233510909365e-06,4.76537382688307e-06,4.87906023932961e-06,5.39430016139286e-07
"2",0.00171456475620009,0.00913353721982074,0.00424582856890483,3.32998931689274e-13,6.30221575669078e-14,5.19598653499607e-13,3.17154248533566e-11
"3",0.00212180419646232,0.0376726941646311,0.00271636647170909,0.000205452585974988,0.000146585526300551,0.000228633157418525,0.0039669667412133
"4",0.000478207510374583,0.00718700452056689,0.000934824964756442,6.02713270544723e-05,7.30451906145057e-05,7.03566006969228e-05,6.52191677202792e-07
"5",0.0310761911841884,0.120993957121571,0.0308475768924238,0.0140462980457298,0.0153268152944577,0.0147727434262461,0.0310239816463681
