"","glmGamPoi (Pb)","edgeR (Pb)","limma (Pb)","glmGamPoi (cell)","Nebula","Devil (base)","Devil (mixed)"
"1",0.010180432993829,0.0356976038854428,0.0448354686975297,0.000992385383012444,0.000855936914469824,0.00117297996783757,0.00305545850299162
"2",0.000624869760657684,0.00618038181982003,0.00277008499677713,0.000155954126754978,0.000214754095069059,0.000195528318089101,3.49579728761747e-05
"3",0.0332529649891946,0.0885722320089522,0.160546686878287,0.0167394435710627,0.0117268626074993,0.0181844817691001,0.0010820194835911
"4",6.33821950946052e-12,1.46625652774484e-06,2.96066740048064e-12,3.75527609958849e-40,2.38351975923969e-50,3.1188251329125e-40,6.9203648847869e-45
"5",0.000164049331244232,0.00195161767629423,0.000279459700877285,1.49857730050762e-06,1.44821944627644e-06,2.14592825771103e-06,4.2178101325891e-06
