"","glmGamPoi (Pb)","edgeR (Pb)","limma (Pb)","glmGamPoi (cell)","Nebula","Devil (base)","Devil (mixed)"
"1",5.09814022023891e-08,3.49936703467443e-05,1.74850560350748e-07,3.90133133170169e-14,2.62923225940728e-14,9.86227614040701e-14,4.76365931886391e-31
"2",0.0101563561387156,0.0196226099685288,0.0186638680054174,0.0021139377188472,0.00287192020268244,0.00257794433840575,0.00602156429659392
"3",0.00387764183273394,0.010443936704705,0.0143014738882211,0.00316283947097201,0.00560502743089738,0.0039103291729562,0.000105962220583324
"4",0.0188484003520398,0.0286139437731199,0.246342161806842,0.00373045329230854,0.00497866188960677,0.00469550770701846,8.85092113245326e-05
"5",0.0027050018858875,0.0148128537898831,0.00937936372701119,0.00229715551360516,0.00293581864652059,0.00269832233403544,0.00508327131083351
