"","glmGamPoi (Pb)","edgeR (Pb)","limma (Pb)","glmGamPoi (cell)","Nebula","Devil (base)","Devil (mixed)","glmGamPoi (fixed)"
"1",0.0579978942502241,0.0929424344584926,0.0748911819681666,0.0560070280395524,0.0575754737311664,0.0642897507469591,0.125141558827775,0.0461690680306224
"2",0.550607129556363,0.557318788707796,0.362944991819174,0.445512752821722,0.449535960808467,0.452975317784107,0.310703060489528,0.465167483659882
"3",0.00133907335949608,0.00108737130951422,0.00118015422957274,0.000839013177016053,0.00140942114309887,0.00152060642553315,3.2127995683603e-12,0.000928467395521049
"4",0.108187451830292,0.117271432046438,0.0690055484841447,0.17669714179052,0.145909331422314,0.192936052538642,0.0343428655638491,0.122907891314387
"5",0.945622283041883,0.939000325177554,0.802247937312981,0.963064025193193,0.977566380450083,0.963975547910322,0.866635814809891,0.938715450856282
