"","glmGamPoi (Pb)","edgeR (Pb)","limma (Pb)","glmGamPoi (cell)","Nebula","Devil (base)","Devil (mixed)"
"1",0.0203305129204439,0.031574240635271,0.072535968020324,0.00343315874857849,0.0219582895947496,0.00535330247326,0.0415431075420193
"2",0.0343551330134258,0.0604228335997876,0.0875625118376822,0.0051614443259341,0.0113083162165286,0.00730123677257766,5.94295540147418e-06
"3",0.0520418900088826,0.0690187784340328,0.0672885996811141,0.0223137302626885,0.0543228301336358,0.027493622827648,0.0224596564801762
"4",2.04967948543232e-06,0.000130131296776091,1.76575066538989e-06,7.18887442842417e-12,2.35510069212406e-11,4.0810602970365e-11,3.23670132502635e-18
"5",0.0187687186500907,0.0308842796563955,0.0108505620287575,4.04758452460062e-07,2.53969404650844e-06,6.00919449434373e-07,2.1680226616729e-18
