"","glmGamPoi (Pb)","edgeR (Pb)","limma (Pb)","glmGamPoi (cell)","Nebula","Devil (base)","Devil (mixed)","glmGamPoi (fixed)"
"1",4.93753414030639e-26,1.57504030908529e-16,6.35886085443809e-25,3.51429872261511e-114,3.09210308880516e-137,3.29882114630902e-113,1.51060381656687e-152,NA
"2",0.000230627367342142,0.00881612716114967,0.00105485702525053,4.11296764733589e-07,1.01240325545894e-06,6.38704101347528e-07,2.49854194786814e-07,NA
"3",0.00612081196155911,0.038048617987811,0.00906950514754995,0.0010015885691045,0.00127896059399658,0.00122589627881791,0.00010301158264284,NA
"4",1.50625069131326e-17,8.1777834860767e-10,2.27286038355608e-16,3.98938606538395e-84,9.15884805924355e-96,4.16901334773893e-83,2.12929988444263e-120,NA
"5",0.00476162874461722,0.0210980987975331,0.0350088356071647,0.000724963085585689,0.000971525732668796,0.000888770948862713,7.92590362191449e-06,NA
