"","glmGamPoi (Pb)","edgeR (Pb)","limma (Pb)","glmGamPoi (cell)","Nebula","Devil (base)","Devil (mixed)"
"1",0.00153910635899687,0.0101422600623807,0.00138478252648245,0.000975050411260223,0.000488122406959498,0.00113283654182687,6.04289273854682e-05
"2",1.24278875360032e-06,0.000221796311206403,4.70700669947806e-06,9.37789090497549e-07,9.47858463064386e-07,1.30545550424883e-06,1.15525106097704e-06
"3",3.40267076326831e-18,2.12759402449706e-09,9.0270160614381e-18,1.90336624833923e-29,3.33315010761868e-35,3.04542765097331e-29,4.43955635309517e-24
"4",0.000107950785732286,0.0215511309788513,0.000287576020608335,1.62590026788451e-06,1.91980307386769e-06,1.87272309310313e-06,2.645757369876e-09
"5",0.000529271290029429,0.00179022024130687,0.0151538060207518,6.97064252985093e-05,9.0605444595214e-05,9.80876160520884e-05,5.49265328997106e-05
