"","glmGamPoi (Pb)","edgeR (Pb)","limma (Pb)","glmGamPoi (cell)","Nebula","Devil (base)","Devil (mixed)"
"1",0.000323118593825076,0.00245111478322708,0.00104953285357708,0.000244142585363708,0.000455295937590711,0.000415420725753344,5.98023723676548e-05
"2",9.59298005106038e-05,0.00475851660781589,0.000169218584894585,8.75287604761276e-07,1.89231173745847e-06,1.55513634126568e-06,2.03267374242378e-10
"3",0.00247627694865313,0.0110078892131839,0.0131230376160952,0.000706979148313623,0.00119058810012494,0.00102938253119729,0.000224363591026067
"4",0.553746727185424,0.636459795525879,0.366645090024445,0.43343142148959,0.444764325067694,0.446133084455244,0.256111359623493
"5",0.000810258740209015,0.00693483711069256,0.00240828356654179,3.39300768174319e-06,7.99783725486618e-06,6.50980126098431e-06,1.78724487220832e-05
