"","glmGamPoi (Pb)","edgeR (Pb)","limma (Pb)","glmGamPoi (cell)","Nebula","Devil (base)","Devil (mixed)","glmGamPoi (fixed)"
"1",0.000178027372192757,0.00445387347851172,0.000605287019246334,2.69762158529323e-07,3.14647294784398e-07,3.26970126288961e-07,5.45696641309462e-08,NA
"2",9.29175364979949e-11,1.49501192786692e-06,6.75694938034398e-11,3.34827069331245e-25,3.24676479657518e-24,6.82456627463583e-25,8.36840094246163e-16,NA
"3",1.71062352335543e-06,0.00126243551369788,2.16752412648127e-06,1.66911382781654e-25,5.28338796136668e-25,2.93480237687586e-25,1.0051339409238e-30,NA
"4",5.10449298868705e-08,2.61799099752642e-05,4.35295094461705e-08,8.11635346429405e-28,1.32430500383905e-27,1.80800009604339e-27,3.02363407938175e-27,NA
"5",7.88575647664753e-05,0.00538128009237933,0.000107499881619259,4.2706809062405e-07,1.50544214343571e-06,5.17983495966888e-07,3.03149907679335e-08,NA
