"","glmGamPoi (Pb)","edgeR (Pb)","limma (Pb)","glmGamPoi (cell)","Nebula","Devil (base)","Devil (mixed)"
"1",0.150381582715193,0.121734444030852,0.102221642748401,0.0744303558181869,0.0834156100505794,0.0917867725918768,0.12125251596223
"2",0.13205951019066,0.146316838258211,0.111613725310245,0.193965634863945,0.222365930533019,0.226486404518708,0.15032934188819
"3",0.286045598026343,0.311549286200878,0.434231363141433,0.326472831918076,0.348278898647497,0.356390346814533,0.332115309843845
"4",0.103582902545021,0.112601091190824,0.0697021879497478,0.07781089466522,0.0876744073222112,0.0928818001996812,8.06260475336155e-05
"5",0.126506377130457,0.143566082801526,0.289687776257971,0.194910442787025,0.228683141525912,0.233315960366203,0.0752033458446875
