"","glmGamPoi (Pb)","edgeR (Pb)","limma (Pb)","glmGamPoi (cell)","Nebula","Devil (base)","Devil (mixed)"
"1",0.464335725568914,0.460484987084366,0.511464293804745,0.451879764422102,0.463195166316855,0.472075847963039,0.119021280464031
"2",0.902924426063085,0.91680317636478,0.694693368629636,0.891699926041565,0.880598790755975,0.896294983342774,0.920192262333021
"3",0.556041228762997,0.554737598974142,0.493359197808158,0.510303282038683,0.525601831259196,0.52432982718628,0.230373851721064
"4",0.683666684049107,0.685811001726043,0.536391085951605,0.673826612375225,0.675492272698366,0.686669878179862,0.664113105897769
"5",0.126993618168462,0.173572725811664,0.213714405323413,0.077985436284144,0.0847176724822917,0.0884276539898034,0.0708575219010012
