"","glmGamPoi (Pb)","edgeR (Pb)","limma (Pb)","glmGamPoi (cell)","Nebula","Devil (base)","Devil (mixed)","glmGamPoi (fixed)"
"1",0.00342633013484186,0.0138067716122184,0.00280733438904263,1.10444523525744e-05,2.16422028582106e-05,1.6454711968678e-05,5.20558874564765e-08,1.09595581561049e-05
"2",0.0205564298687971,0.0234296168424777,0.0132150756983917,0.00461178155636909,0.00511044817956838,0.00561833618987297,5.30841212898752e-05,0.00506686379509168
"3",0.0417975734155521,0.0544985810327484,0.0463222160732561,0.00568690349886165,0.00678483614508739,0.00687543044214046,1.17014864498638e-10,0.00526707792344261
"4",0.0638920009513829,0.0464066663275636,0.0282741137101812,0.0368399851975055,0.0411642262919411,0.0411743802659935,3.54228793795485e-24,0.038563552388296
"5",0.0037452231061734,0.00417863974755245,0.000938491737011078,4.59939153027434e-06,1.10746949682194e-05,7.31459960704734e-06,1.36050284128866e-14,4.32938805574885e-06
