"","glmGamPoi (Pb)","edgeR (Pb)","limma (Pb)","glmGamPoi (cell)","Nebula","Devil (base)","Devil (mixed)"
"1",0.0374612702704614,0.0686644347238713,0.0278443905103522,0.082624268512757,0.0882277457645987,0.0911092050284198,0.0468012801664433
"2",0.0329828677381182,0.0536792340307506,0.0236097000580213,0.0680257615181071,0.0597383302939964,0.0736140539355375,0.00106043408589861
"3",0.108129552547125,0.108441417024593,0.087471805544605,0.164185433828147,0.130396873967513,0.175726146601799,0.00293487976368104
"4",0.482719940702913,0.439738248386391,0.727593401301178,0.6199818792303,0.621490045877271,0.623380938473533,0.737813978544021
"5",0.0831376019479007,0.0748881952028336,0.139319926609792,0.111782115489448,0.113876909049288,0.12139079170365,0.0320689796540259
