"","glmGamPoi (Pb)","edgeR (Pb)","limma (Pb)","glmGamPoi (cell)","Nebula","Devil (base)","Devil (mixed)"
"1",0.769697480255442,0.81141909757663,0.919074897376952,0.6966234544614,0.714449759304831,0.703448259712934,0.302451742645669
"2",0.740323992707475,0.798161731649269,0.657930404068637,0.832677553509387,0.836664952004398,0.837823227703867,0.646535100181713
"3",0.0241266664896423,0.0297620249574937,0.0245111097748135,0.0116291624586511,0.0159104907417045,0.0162945364844407,0.00488694058951289
"4",0.7473861513476,0.768511754459917,0.80382064838851,0.806076234834635,0.811197896946967,0.812958095284285,0.566139453493723
"5",0.527394216029529,0.488354303142285,0.367989563890843,0.320630199831616,0.327844559160402,0.331898171421893,0.374782993050418
