"","glmGamPoi (Pb)","edgeR (Pb)","limma (Pb)","glmGamPoi (cell)","Nebula","Devil (base)","Devil (mixed)"
"1",0.00711264459462041,0.0166978300613833,0.0116565809634075,0.00131681853283598,0.00238979118023994,0.00191898737336996,0.0011332304666612
"2",0.0420678344048325,0.0584459952527318,0.0281300645602201,0.0128106967708136,0.0257033053581658,0.0162132338558847,0.0111291870084875
"3",0.211665119714113,0.238001214668205,0.183239022207699,0.197181048212554,0.206911657816277,0.206285995676426,9.46283404900875e-11
"4",0.013331826870395,0.039910278580741,0.0118672954336918,3.65984377733843e-05,3.61195012582256e-05,5.19106898607518e-05,0.00215140273017097
"5",0.000145650233882514,0.00102520185608651,0.000104329857943589,7.8144322529612e-08,1.62703928101289e-07,1.62931697922299e-07,6.43656506335359e-17
