"","glmGamPoi (Pb)","edgeR (Pb)","limma (Pb)","glmGamPoi (cell)","Nebula","Devil (base)","Devil (mixed)"
"1",0.129585789769196,0.167823543973352,0.11119950889165,0.0334631183965234,0.0313980196805359,0.0414708015884838,0.0913103481282303
"2",0.838047977403481,0.860264171233547,0.878271623425373,0.962223030557181,0.865318666630555,0.963347521646054,0.874886431985079
"3",0.0235132282978432,0.0426064594691818,0.0138536596895635,0.000162888534723591,0.000188287875621119,0.000234333905622972,1.49245760028789e-21
"4",0.0177908465241811,0.0159383710125668,0.0142622568918914,0.0208505733954504,0.0250955054409002,0.026709278389811,0.0232469084019214
"5",0.202240842745613,0.260689021354554,0.339623624259331,0.146837388354365,0.113299605020813,0.161661916240449,8.2287328404514e-05
