"","glmGamPoi (Pb)","edgeR (Pb)","limma (Pb)","glmGamPoi (cell)","Nebula","Devil (base)","Devil (mixed)","glmGamPoi (fixed)"
"1",0.16788939962945,0.181295189062671,0.133765383221196,0.0126246342045848,0.0286163477395588,0.0165835735264018,0.00893336151427752,0.0188406595314218
"2",0.0214916204479643,0.0841823193975198,0.0267554177896228,5.22077862744324e-05,0.000159068285633051,9.88011989315321e-05,4.11388822425173e-10,6.75929324719407e-05
"3",0.0347834249242199,0.0463953675204508,0.0244223972481195,5.32497722240082e-05,8.22351673252899e-05,0.000114833380072072,3.22184005308675e-08,3.33700485842104e-05
"4",0.128169075815448,0.151166803897293,0.159855366049155,0.0616369369994988,0.0794459102896453,0.0755928403189862,0.0164097108830425,0.0721857655691916
"5",0.00450651563076169,0.00430146786797334,0.00424412609049499,0.000770846472519834,0.00139566425672574,0.00151928767316164,6.9813440017893e-08,0.000806956750395169
