"","glmGamPoi (Pb)","edgeR (Pb)","limma (Pb)","glmGamPoi (cell)","Nebula","Devil (base)","Devil (mixed)","glmGamPoi (fixed)"
"1",0.0765208180965382,0.110175066279073,0.0847256280812689,0.0210710184812067,0.0300372246536026,0.0254102957846583,0.000468353478486662,0.0250308964278409
"2",0.00705425745951014,0.014553530849848,0.00375470535189354,7.29858104902098e-06,1.30454846233954e-05,1.28216467593333e-05,2.48037765179473e-21,7.48454755647315e-06
"3",0.00349305337109,0.0192150162802635,0.00390451027761995,3.94890138867457e-08,5.62894246724073e-08,7.07245038329937e-08,9.66357455739673e-12,4.26758283186171e-08
"4",0.0375334076799213,0.0709846379674737,0.020407571296341,6.40534736925481e-05,9.6362443117981e-05,9.61779570734572e-05,4.19280618912958e-05,6.30631210406105e-05
"5",0.334882647663551,0.359561807505546,0.343663848021505,0.191680826373674,0.228238607225934,0.20310953701552,0.0337559178801129,0.230403183421326
