"","glmGamPoi (Pb)","edgeR (Pb)","limma (Pb)","glmGamPoi (cell)","Nebula","Devil (base)","Devil (mixed)","glmGamPoi (fixed)"
"1",8.90409027043786e-06,0.00048026816819994,2.37310357567287e-05,6.5119818799706e-21,3.05094672380198e-22,1.41369706245667e-20,1.43117324415572e-19,5.16198436838041e-22
"2",0.00757655295614273,0.0143413210479879,0.00669442411274514,0.00411012824269473,0.00682506715980428,0.00465275580400778,0.00365601683449559,0.00584899002529938
"3",8.63427583026467e-09,4.17083993487581e-05,1.85426461146688e-08,2.70480377726703e-17,4.38317328274445e-18,4.71176389267584e-17,1.62070400076353e-14,2.83883320081065e-18
"4",0.00151327664481827,0.020643912934218,0.00378123574384851,6.09274570601363e-06,1.24752766541782e-05,7.4977628132801e-06,5.49574799944196e-08,6.36329840712853e-06
"5",0.000303653903349428,0.00152664210114376,0.000206960569362877,0.000155159540734443,0.000182238329030116,0.000190697085266529,1.57535110870911e-06,0.000122783379402578
