"","glmGamPoi (Pb)","edgeR (Pb)","limma (Pb)","glmGamPoi (cell)","Nebula","Devil (base)","Devil (mixed)"
"1",0.0390494716773528,0.0770659741735587,0.0888932952709336,2.62023632366963e-14,0.0625480093117822,4.72151646209222e-14,0.651521661673406
"2",0.00201916172468709,0.00905117579601955,0.00409933974174504,4.49632982936491e-05,0.0139532100558355,4.16870584224705e-05,0.582712615724648
"3",0.00672377175281998,0.0107702354339298,0.00669193938788726,1.17466642153649e-05,0.00990752691214691,1.13352354254033e-05,0.268079286604187
"4",0.0187950168613988,0.0442879832419884,0.0106135384421931,3.91665173704492e-05,0.00907010089091099,3.60365115941406e-05,0.0423337816020399
"5",0.0400332434825762,0.0687166973120877,0.0551510436795136,0.0546785451714362,0.0855473728614825,0.0552585991361512,0.762046015485918
