"","glmGamPoi (Pb)","edgeR (Pb)","limma (Pb)","glmGamPoi (cell)","Nebula","Devil (base)","Devil (mixed)"
"1",0.00361215036551831,0.0119384659001622,0.00299074494661276,8.67374980769534e-75,0.000846593587578195,8.6760873263464e-75,0.0168953420588131
"2",2.92298005847792e-05,0.000346460968396785,4.95543429355282e-05,2.313449619357e-56,0.000677592099077653,1.89249927484765e-56,0.105975143266482
"3",0.400832537605313,0.44495004263239,0.136533037590036,7.75892706788381e-59,0.141619084526853,1.42074931629057e-59,0.0498868771894204
"4",0.0432682272610826,0.0344691134489799,0.076880947315492,9.22828641678109e-34,0.0407812914476566,1.47903380663349e-36,0.05423819897925
"5",0.0142660896963704,0.0177657498471809,0.0593464342931718,3.5587844245602e-30,0.00637949449157041,4.50121766091757e-30,0.111045099795719
