"","glmGamPoi (Pb)","edgeR (Pb)","limma (Pb)","glmGamPoi (cell)","Nebula","Devil (base)","Devil (mixed)"
"1",0.124538243127665,0.172004257181058,0.15404879565239,5.82837270725103e-06,6.14490370807315e-06,5.7740171404224e-06,3.87817023572669e-05
"2",0.158729948162516,0.171338988373806,0.202876350543844,2.55075577779293e-05,2.76543063871586e-05,2.65924970401384e-05,2.57157098561036e-11
"3",0.00384968672779249,0.00549077098932749,0.00733467979472646,1.20357497697622e-12,7.52826745792548e-10,1.26893207366167e-12,9.89630798659672e-09
"4",0.261204594881151,0.301503693517253,0.237333880458189,3.65318604578267e-06,0.00159003806701509,3.58447585480755e-06,0.0124826855380138
"5",0.0070293272312573,0.00968737415083642,0.00661996513439903,2.35226586153523e-63,2.11063386437775e-63,4.14550495396149e-63,1.01758017700155e-280
