"","glmGamPoi (Pb)","edgeR (Pb)","limma (Pb)","glmGamPoi (cell)","Nebula","Devil (base)","Devil (mixed)"
"1",0.0196528344987378,0.0598000836904701,0.0095700317465187,1.77792556413262e-10,0.00243326392634068,1.86354223109787e-10,0.0240998871270946
"2",0.0377306322642895,0.0674602789799578,0.0576274887528737,1.26505560559798e-51,1.24839142724515e-05,5.60174112364383e-52,0.000435878313785146
"3",0.000852295832232247,0.00162911874690431,0.00119001881299232,2.99783057182475e-16,8.25193369600299e-05,5.89288253773008e-16,0.000661392520815848
"4",0.370124404408102,0.42365719341725,0.270365141602459,0.00223935459315774,0.216030290864108,0.00227183655460163,0.542969681963023
"5",0.0163247566033364,0.0328085345699428,0.0246701756383298,3.77635453414044e-09,0.0108182186049347,3.87128242397368e-09,0.0703772338341102
