"","glmGamPoi (Pb)","edgeR (Pb)","limma (Pb)","glmGamPoi (cell)","Nebula","Devil (base)","Devil (mixed)"
"1",0.00196510005050738,0.0152042520472626,0.00167316098307594,5.79148683279883e-22,0.0257366651937204,6.20260687222072e-22,0.26721262062856
"2",0.000201796738258149,0.00115834494809775,0.000332015352754969,4.16945829062946e-26,0.00278823915409811,5.74327314742092e-26,0.0783286801009685
"3",0.000828859993877011,0.00560572979859939,0.00148186313752537,1.71835604867515e-32,0.0201056818886359,1.90446052359779e-32,0.168539718409433
"4",0.000279092223218773,0.00175227382607775,0.000612140803207891,1.19777109420403e-23,0.000486774482517896,1.76300343842881e-23,0.0435853490637265
"5",0.00926095602409806,0.0156522583581956,0.0230152216564663,6.32879909225118e-12,0.0803719217721674,6.50939256206079e-12,0.292249771947055
