"","glmGamPoi (Pb)","edgeR (Pb)","limma (Pb)","glmGamPoi (cell)","Nebula","Devil (base)","Devil (mixed)"
"1",0.0281443621450324,0.0350914221104481,0.021066376681272,1.43516467924869e-42,0.00138846694184956,2.07246941905684e-41,0.00624167361513751
"2",0.767362537588999,0.82405169503982,0.841187813112193,0.000396099212325846,0.849513296911403,0.000428592919923289,0.22164575689792
"3",0.089838107156778,0.154955886231506,0.109810371118268,2.69687993188497e-21,2.32646549148195e-20,3.06637338395041e-21,4.50183269971698e-79
"4",0.0395075390283715,0.0717929498933282,0.0559852627222739,7.22874796212005e-17,3.19649736788955e-07,1.20015600906615e-16,2.52891556147826e-06
"5",0.0622493198517464,0.0721300568322654,0.0463808379917623,1.39759365330929e-36,3.51736805602956e-05,3.79046302634129e-36,0.000243766072837698
