"","glmGamPoi (Pb)","edgeR (Pb)","limma (Pb)","glmGamPoi (cell)","Nebula","Devil (base)","Devil (mixed)"
"1",0.0365966536669643,0.076784155169587,0.0584951819245097,6.51259105977342e-15,0.0340772842376473,7.62228576894554e-15,0.0374368813221669
"2",0.0175669124165201,0.0274636200770214,0.0377719045113876,4.62092840335814e-24,0.00501633727221487,3.48215473090957e-24,0.00810283651637008
"3",0.0506506610750689,0.135968310710776,0.0578400357822685,2.96734664317717e-07,0.107996169667415,3.06719358919183e-07,0.196683819941893
"4",0.0162982655904527,0.0444221705642274,0.019138832413257,2.18385080970875e-05,0.054685701482359,2.2138886136915e-05,0.369568464256127
"5",0.0395156823177376,0.761023946737644,0.0450120837544963,0.0155745995852604,0.106723082808164,0.0156380685321443,0.542637706292726
