"","glmGamPoi (Pb)","edgeR (Pb)","limma (Pb)","glmGamPoi (cell)","Nebula","Devil (base)","Devil (mixed)"
"1",0.000351826354881917,0.00454777231895351,0.000107494290519495,6.59052432693104e-56,0.0193383892774016,1.82941500749402e-58,0.0133560793544205
"2",0.00289011781669475,0.00504676013819737,0.00413642364128796,5.75516702910018e-12,0.00225693304172736,4.23013794408229e-12,0.016864944748657
"3",0.00127725562169833,0.0129765981236968,0.00284462382920751,7.73283640919134e-15,0.00255157590864311,4.47584409807866e-15,0.000534995420681514
"4",0.00217093456782408,0.0041421431184642,0.00715317995593356,3.76250362520282e-07,0.00253025012138284,3.243586300732e-07,0.00716889580821797
"5",0.574600444753675,0.738283467704604,0.86420224295899,0.881196420279078,0.727782565913086,0.881178642620199,0.955305365078008
