"","glmGamPoi (Pb)","edgeR (Pb)","limma (Pb)","glmGamPoi (cell)","Nebula","Devil (base)","Devil (mixed)"
"1",0.0291899735028908,0.0456232271181882,0.0746647817893151,4.16552409190226e-24,3.27373512850471e-07,1.81086458509102e-24,3.01517093489734e-09
"2",0.0176930584530345,0.0209302721089938,0.0148850169392013,2.21542335874225e-51,1.87647568593072e-50,9.38049925699066e-51,7.36271738450094e-129
"3",0.111552183460815,0.133792329061141,0.130459268429825,6.41547507841733e-22,6.53324424167964e-08,2.61634675624221e-22,3.6955087250102e-12
"4",0.331506956774194,0.417040717790506,0.491525810423983,7.32215918926272e-05,0.0114906714265545,5.6802479341072e-05,0.0259701306739985
"5",0.00875240231831112,0.0100633477742801,0.00361411561197047,1.43130494670075e-159,7.80032477619621e-11,2.72191966741263e-160,9.09327014813030e-11
