"","glmGamPoi (Pb)","edgeR (Pb)","limma (Pb)","glmGamPoi (cell)","Nebula","Devil (base)","Devil (mixed)"
"1",0.0654962828657889,0.0930429942252754,0.0545087645677021,2.04760404441033e-68,0.154881095180314,8.61719733391585e-69,0.186790472612722
"2",0.0135522483444493,0.0181596453152922,0.0149609892366937,4.50598206297165e-38,0.0201031191285104,6.07398270590706e-39,0.0363635831392359
"3",0.00767710257482326,0.0196977668599175,0.0208162818101043,2.18154504379297e-28,7.06739057543123e-05,2.48477875781106e-28,0.000476181111585155
"4",0.0784010152508699,0.0950177961782801,0.044107063781148,3.05982138370381e-96,0.0581686042756836,3.01665688528638e-99,0.113145688285565
"5",0.0147763118862618,0.0154350577494604,0.00730449362125225,1.17105269971222e-173,1.0691211924045e-06,8.92085561714639e-176,2.160160478282e-05
