"","glmGamPoi (Pb)","edgeR (Pb)","limma (Pb)","glmGamPoi (cell)","Nebula","Devil (base)","Devil (mixed)"
"1",0.180882681484447,0.261669329169918,0.222436157963018,6.59496165963633e-44,0.0749851127271119,1.24451222340651e-43,0.185935441145017
"2",0.0728985452346336,0.130824216686915,0.124427802262723,8.02559902336717e-31,0.026516342608077,2.06173587485568e-30,0.00475397632140773
"3",0.548721049638392,0.612755977489445,0.611533333455507,9.44272201937296e-15,0.00587866978970482,1.29447994208201e-14,0.0185186895492241
"4",0.11845401606234,0.197534520684935,0.129759880191754,6.47180607204755e-85,1.4711462968527e-07,6.65939216098518e-84,1.08398690969519e-07
"5",0.742913358218126,0.77856463027869,0.826918517121655,0.448750231688334,0.435625299611389,0.451801298489783,0.945819976447408
