"","glmGamPoi (Pb)","edgeR (Pb)","limma (Pb)","glmGamPoi (cell)","Nebula","Devil (base)","Devil (mixed)"
"1",9.92994165021733e-05,0.000689527734641261,0.000125119666816705,1.22781562046545e-34,3.46071709676252e-11,1.04123992340562e-34,3.16599107182324e-09
"2",3.52970518414393e-06,0.000226027862181778,2.31663022004915e-06,5.08215437364036e-205,4.24631739748354e-08,2.76652159373157e-211,3.13431062705829e-11
"3",2.11818021965252e-05,0.00195265457927829,1.29478202376402e-05,4.9836109138681e-249,3.86894817549692e-08,1.07550288747165e-250,1.00509459616184e-06
"4",0.00323472000246695,0.0261132435376925,0.00240264773653925,1.02709875539996e-38,9.92530450879177e-06,1.3103180010883e-38,0.000205850726572863
"5",1.36870870415373e-06,2.02755807437446e-05,1.25163328360887e-06,0,9.60618087609478e-08,0,1.70840052972596e-07
