"","glmGamPoi (Pb)","edgeR (Pb)","limma (Pb)","glmGamPoi (cell)","Nebula","Devil (base)","Devil (mixed)"
"1",0.0252415213946402,0.0325479614334132,0.0103423012229774,1.03859006761165e-56,0.000429725801436104,5.7837694430544e-56,6.69628760045542e-07
"2",0.249623137503465,0.239014472475773,0.347286339218886,3.45324698991301e-30,0.113139849453273,2.33821311640054e-29,0.128349532366535
"3",0.430470811791404,0.447329936317455,0.508517336779308,0.00600339288090809,0.922249817217941,0.0062689879132331,0.471406771206937
"4",0.242925948028185,0.362241672243436,0.273300610179045,1.98444439792156e-65,0.224040905766534,5.5067854218403e-67,0.128101744258604
"5",0.586209131527213,0.644221115723004,0.65836829524404,6.73335788923647e-11,0.156249661818006,1.18700928496994e-10,0.0309836634818284
