"","glmGamPoi (Pb)","edgeR (Pb)","limma (Pb)","glmGamPoi (cell)","Nebula","Devil (base)","Devil (mixed)"
"1",0.543938250601576,0.639233023106131,0.437184168341507,1.36040248961218e-07,0.567424008247993,1.74048890481194e-07,0.563708284646019
"2",0.472203200132875,0.471053005664449,0.45863023785783,0.271177207223175,0.779752008423735,0.26818135626846,0.662605588604982
"3",0.205705581012442,0.243894625666309,0.165784298732585,2.72467957774938e-05,0.454118070855505,2.77022756173652e-05,0.363641854939517
"4",0.162872399617997,0.195579360633002,0.196689486612018,5.60284471668375e-12,0.00250688689332224,8.44202669642647e-12,0.0180712251103298
"5",0.354603890332254,0.433218516386176,0.530606490156618,2.97762630752609e-09,0.588553956824018,2.40359277623453e-09,0.579322588467041
