"","glmGamPoi (Pb)","edgeR (Pb)","limma (Pb)","glmGamPoi (cell)","Nebula","Devil (base)","Devil (mixed)"
"1",0.388408024831133,0.370467675114934,0.337751212924755,1.95209484140111e-06,0.00106632939349693,3.18514041978003e-06,3.4611121428809e-05
"2",0.720812149274379,0.750116841940137,0.794549589636164,7.77048216766586e-05,0.467734092062821,9.25789493141901e-05,0.256001673833538
"3",0.0718798195545349,0.0598156363970192,0.0551691448550761,0.264334319551772,0.263102727648878,0.263723484096842,0.142101825918969
"4",0.0035291136577229,0.00390967685729515,0.00540346263047458,2.84865801752679e-14,0.00909092784563019,1.24285708971238e-14,0.0125587618172725
"5",0.00177146657268188,0.00341149195607734,0.00269607334407753,5.53272747442767e-14,7.24166216182819e-05,2.41372437460859e-14,2.44580581057613e-05
