"","glmGamPoi (Pb)","edgeR (Pb)","limma (Pb)","glmGamPoi (cell)","Nebula","Devil (base)","Devil (mixed)"
"1",0.0190076388784128,0.0382921086897591,0.0572374530722104,6.7921901686956e-270,0.010246203608491,1.42621440057526e-268,0.000266012948017575
"2",0.00329930788300209,0.0221236616783495,0.00425047910238607,2.16348011822018e-91,0.0159419358653333,7.84108698565941e-91,0.0195063700776191
"3",0.000195909418004711,0.00157054061588375,0.000148208981319057,6.30879998353613e-70,9.82179308890317e-05,3.32674233796977e-69,0.00094340328858116
"4",0.317058335679098,0.40399180543008,0.224912760255947,1.77305477915715e-101,0.333017153207142,4.49743805392578e-102,0.147946190265573
"5",0.0179247790438755,0.0387799808169645,0.00978830673648081,0,0.00853290235193742,0,0.00457816655043877
