"","glmGamPoi (Pb)","edgeR (Pb)","limma (Pb)","glmGamPoi (cell)","Nebula","Devil (base)","Devil (mixed)"
"1",0.0161974347929384,0.0300630298888792,0.0159393538312481,0.00537174020299354,0.095137889414954,0.00543789774651522,0.217108151434409
"2",0.780734058687467,0.976877942289292,0.841925194303307,0.0245198757656729,0.0547535674634193,0.0247098930371576,0.0620109498180628
"3",0.648184595338285,0.730281566234297,0.290098706832743,6.3390536610686e-05,0.11125323368081,6.59891866608248e-05,0.236556329993789
"4",0.0265648234421472,0.0522685294998421,0.0243461059383256,0.19692137292161,0.428464755834891,0.197159938508965,0.637509830043084
"5",0.00586208155863601,0.0228008176324045,0.0104156506758448,0.870533095248245,0.22923106592829,0.870546837874331,0.960928981348918
