"","glmGamPoi (Pb)","edgeR (Pb)","limma (Pb)","glmGamPoi (cell)","Nebula","Devil (base)","Devil (mixed)","glmGamPoi (fixed)"
"1",0.0532111435462691,0.0534994639455281,0.0339861452910737,2.60003776514764e-16,2.84085229322458e-11,3.45410928610922e-16,9.00017391619911e-09,NA
"2",0.0381061148787365,0.0312581665004321,0.0462983889269335,2.23753043005422e-66,1.22446215380231e-08,1.24057517236185e-63,3.01011189632202e-07,NA
"3",0.43645259041685,0.551538960596187,0.485577778703579,6.60175764884554e-09,0.139430942042526,6.761606444715e-09,0.0196203378369725,NA
"4",0.0129661357849723,0.0139412479982099,0.00963141573819054,2.43690397792284e-29,2.91287274205326e-16,3.19577748586157e-28,3.56675609144763e-14,NA
"5",0.458406546820719,0.523869798053543,0.384258535836043,5.39129657154177e-07,0.19213050659372,5.64295875014262e-07,0.0165640879452872,NA
