"","glmGamPoi (Pb)","edgeR (Pb)","limma (Pb)","glmGamPoi (cell)","Nebula","Devil (base)","Devil (mixed)"
"1",0.0281443621450336,0.0350914221104481,0.0210663766812725,1.43516468609485e-42,0.00138846694184956,2.79058542128891e-41,0.00630566770668474
"2",0.767362537589,0.82405169503982,0.841187813112193,0.000396099212585671,0.849513296911403,0.000423295144579504,0.220805729824468
"3",0.0898381071567814,0.154955886231506,0.109810371118266,2.69687993451523e-21,2.32646549148195e-20,4.48171739730151e-21,1.73737414310955e-78
"4",0.0395075390283742,0.0717929498933281,0.0559852627222724,7.22874796846544e-17,3.19649736788955e-07,1.6042230622257e-16,2.7995503940841e-06
"5",0.0622493198517487,0.0721300568322653,0.0463808379917628,1.39759365605163e-36,3.51736805602956e-05,5.17839296377107e-36,0.000250692059261916
