"","glmGamPoi (Pb)","edgeR (Pb)","limma (Pb)","glmGamPoi (cell)","Nebula","Devil (base)","Devil (mixed)","glmGamPoi (fixed)"
"1",0.286295862548779,0.300704265759333,0.234777051615748,2.11843730807928e-08,2.51465330424346e-08,2.88941857737463e-08,1.93290287551747e-80,NA
"2",0.395936805261399,0.378916292537452,0.323895826573409,1.46698298007819e-08,1.98157763465762e-08,2.2488058779912e-08,6.31869179054448e-60,NA
"3",0.931581668029981,0.936186557733686,0.971475344020297,0.0609101429482863,0.060686097859022,0.0614034184892844,0.0203281105802381,NA
"4",0.0216989550652471,0.0325529565002724,0.0232527172937502,1.52007089091017e-14,4.61137283392933e-14,7.71718690539781e-14,2.64110837282092e-239,NA
"5",0.190027118480768,0.192068164544616,0.122017737572437,5.86279166143212e-15,5.68304385589923e-13,1.05318803572089e-14,1.99883657540574e-08,NA
