"","glmGamPoi (Pb)","edgeR (Pb)","limma (Pb)","glmGamPoi (cell)","Nebula","Devil (base)","Devil (mixed)"
"1",0.00571998732337994,0.0228881155510144,0.00723963231486026,8.32063458608563e-17,0.0207075509730733,9.38850783859958e-17,0.00637565830756369
"2",0.0224619011422782,0.0510421913615419,0.0176611496507855,2.71671758417001e-18,0.0116674529782229,3.20679457826813e-18,0.00412332130977076
"3",0.000415232735499364,0.00155943381300617,0.00076247877650458,8.80210984142412e-21,2.42535607026817e-05,7.02637096146509e-21,0.000116267174825955
"4",0.00941633500774319,0.0301904848137525,0.0169214045704384,8.99834644999959e-31,0.0268022253691196,1.12010610139973e-30,0.0057152005890439
"5",0.0175978813479717,0.0450107958771375,0.00808799537136873,4.4978446113009e-50,0.0619068743285842,7.77323727740449e-51,0.0914140320514859
