"","glmGamPoi (Pb)","edgeR (Pb)","limma (Pb)","glmGamPoi (cell)","Nebula","Devil (base)","Devil (mixed)"
"1",0.0485665047790861,0.059521422833965,0.070074486287902,0.000276455204965665,0.0944051909110157,0.000285480784103541,0.0850027241105212
"2",0.00180425786048277,0.00483726953243984,0.002481804690694,8.46350548313256e-06,0.00884279212458367,8.87336650034892e-06,0.0247883877372349
"3",0.00379423260169,0.0193015099325183,0.00172002935737586,2.66330844855953e-97,0.0138348012420282,3.72576877287695e-97,0.000264063248163517
"4",0.00928867575628643,0.0270075244107369,0.0298563702619115,6.07424157318794e-40,0.0102574137620846,3.70589620695011e-40,0.0346813432889301
"5",0.194241993012109,0.244964797858265,0.359140174050368,0.215509467058277,0.565673439693791,0.215924861522765,0.870425885446844
