"","glmGamPoi (Pb)","edgeR (Pb)","limma (Pb)","glmGamPoi (cell)","Nebula","Devil (base)","Devil (mixed)"
"1",0.370574606470681,0.36608602445528,0.438768955450767,8.39220676676346e-06,0.443902801708165,8.26714338759313e-06,0.59655555327961
"2",0.537998480470756,0.613591421965544,0.728388850081478,0.00123404388737161,0.552349155490023,0.00122746560701349,0.765091363694109
"3",0.161565135937504,0.134137414787758,0.136714352589208,1.19366596138722e-24,0.000602028970125173,3.10982291213149e-24,0.00302159742731102
"4",0.213201261524745,0.243579767089677,0.193013367906863,1.2387762814207e-14,0.258915393097332,1.20246444150008e-14,0.364668196344605
"5",0.249450672992155,0.260919939674517,0.27397125076617,4.41382478140915e-10,0.305721950021485,4.75232222017361e-10,0.445801035436436
