"","glmGamPoi (Pb)","edgeR (Pb)","limma (Pb)","glmGamPoi (cell)","Nebula","Devil (base)","Devil (mixed)"
"1",0.26971598998117,0.360556377357561,0.323330628244457,0.253805433985427,0.244070755874489,0.254002582201573,0.403073336744966
"2",0.980895029230976,0.977966943974044,0.634481504762441,0.0003498181138243,0.847837704429689,0.000317871170018697,0.368596991637439
"3",0.0911299923830816,0.14788015825042,0.0905425115329734,5.20468111781012e-10,0.0063592421355166,6.18868528912989e-10,0.0381341609414573
"4",0.136879523608264,0.146300985135989,0.0852577724187727,7.63935527214943e-10,0.244735057067286,1.04603544291004e-09,0.187769427743532
"5",0.022165661059006,0.0317370921998516,0.0309703735444165,8.14020477765725e-08,0.00263222720661092,9.57525359008126e-08,0.0147525231745435
