"","glmGamPoi (Pb)","edgeR (Pb)","limma (Pb)","glmGamPoi (cell)","Nebula","Devil (base)","Devil (mixed)"
"1",0.0198454981246423,0.0816145587000437,0.0109405675111844,1.58160064283453e-05,0.0349797427708533,1.51441637356433e-05,0.0352616611496659
"2",0.0414733513055752,0.192298852081756,0.0319857200389996,0.000264399601152428,0.0665571363137477,0.000302073134805569,0.066359135283819
"3",0.00841300900058859,0.028399726076871,0.00850896331821808,5.3837781808995e-06,0.000572365740762965,5.21978911051894e-06,0.00112699795618493
"4",2.52827229668426e-05,0.000540009269364518,5.62977978276134e-05,1.07356891282795e-32,0.000423340184687017,1.39116858370188e-32,0.00035808169974113
"5",0.0220967173309306,0.0919836216558351,0.0335237591256604,0.00235337230545897,0.0289126469617708,0.00225677022572829,0.03743319668395
