"","glmGamPoi (Pb)","edgeR (Pb)","limma (Pb)","glmGamPoi (cell)","Nebula","Devil (base)","Devil (mixed)"
"1",0.231647151649227,0.381878297419065,0.343927025654854,0.495795611541833,0.501154800091275,0.496987711681295,0.925012931726505
"2",0.0039787208665355,0.00368576658375939,0.00268670831862297,1.72313559516419e-24,0.000572749756243181,9.67174362782772e-24,1.48342947653855e-06
"3",0.00726018699224932,0.00708497662444281,0.00525746237554636,3.13087297102407e-09,0.00330253438385931,5.66026728125647e-09,0.000169295722815578
"4",0.983918428282483,0.989926397890567,0.990505148307633,1.64019898982877e-14,0.0791338942412377,2.65183886001536e-14,0.214729903263969
"5",0.0125548751951592,0.010941585124734,0.0261840251963511,4.02410116286078e-09,0.00938085617061066,4.96266554170417e-09,0.00161643140966505
