"","glmGamPoi (Pb)","edgeR (Pb)","limma (Pb)","glmGamPoi (cell)","Nebula","Devil (base)","Devil (mixed)"
"1",0.00241515095704912,0.00680550461475998,0.00221283305895369,3.46284701640267e-145,0.000689348320907382,3.69868554985995e-143,0.000543859627717559
"2",0.00017515089002416,0.00625984668873409,5.15419298297153e-05,4.1503530443341e-34,0.00274002881301613,5.24703730871775e-34,0.000255727503785008
"3",0.00623729229620068,0.0400118053122882,0.00923771579692379,1.10042828117586e-37,0.0630848162688637,1.54606299686676e-37,0.00990677649996737
"4",0.00125177128128418,0.0081385614787719,0.00151483253681014,7.04698280664022e-18,0.0115898938790092,8.23821692797778e-18,0.0100792436949695
"5",0.138309892374982,0.266952789654096,0.106627347523653,1.18540898692429e-13,0.403646594488044,1.39310208796956e-13,0.155529682347658
