"","glmGamPoi (Pb)","edgeR (Pb)","limma (Pb)","glmGamPoi (cell)","Nebula","Devil (base)","Devil (mixed)"
"1",0.629712651426306,0.695587777549983,0.388269030707133,2.28521132597301e-15,0.33980820381642,1.92532011925034e-15,0.284578209827193
"2",0.118334960399644,0.151405160114655,0.802309979913018,6.42201098604899e-05,0.0481160666164519,6.30677724772304e-05,0.657451151667829
"3",3.1345064355525e-05,8.02735401311754e-05,2.89969642035788e-05,6.31389325474196e-50,6.93603824754103e-06,2.03977850443662e-49,0.000933341380654816
"4",0.0175605878143741,0.0840515551330543,0.0191827985544469,5.7945648479491e-82,0.00128551026421544,1.31503189238717e-81,0.0585594944422804
"5",0.0758974823500466,0.124068612079204,0.150214078303899,7.72826487643334e-74,0.0455520189107346,6.58028524653394e-74,0.0760773687613851
