"","glmGamPoi (Pb)","edgeR (Pb)","limma (Pb)","glmGamPoi (cell)","Nebula","Devil (base)","Devil (mixed)"
"1",0.0621618354941323,0.0306995260236717,0.160581716964373,0.00177597403042915,0.00185127290665402,0.00173452435218685,7.24490597459746e-05
"2",0.0157168705425882,0.0351522225631469,0.0153430840806381,1.72644069432007e-16,3.12318528216549e-16,2.08747677835326e-16,3.87485279637452e-73
"3",0.021709611039161,0.0266115897534674,0.0114252803405284,2.3694991811698e-38,0.000356932235234814,9.86883641408036e-38,8.10639855380277e-99
"4",0.0882119512385327,0.111294465742271,0.0857395351852621,2.7074933938387e-08,0.0780511077618026,2.75279387320295e-08,1.75765573045434e-13
"5",0.935573340037898,0.945851608234377,0.627844388603553,1.713356204215e-49,0.932526442626178,2.40197743073223e-50,5.2291574718592e-16
