"","glmGamPoi (Pb)","edgeR (Pb)","limma (Pb)","glmGamPoi (cell)","Nebula","Devil (base)","Devil (mixed)"
"1",0.349042347225753,0.463414809895607,0.244426472076688,3.12378868750494e-99,0.15769788657444,2.09072370686947e-98,1.3155495153467e-84
"2",0.296526439985482,0.307997721553369,0.146431048156937,1.60664156529683e-135,0.0780301833775371,4.45474215039732e-135,3.20263920142194e-106
"3",0.455471077269033,0.460902237500373,0.948721881007959,0.000825017254578077,0.323843550726423,0.000826452761598395,0.520205364692099
"4",0.0388012762559104,0.0110581863459957,0.00893505280250496,2.94309571107069e-25,5.6433203763352e-06,1.11378094807975e-34,4.61866386842502e-55
"5",0.167571224796035,0.158137465479758,0.169377231988645,3.59981927387036e-56,3.64684764134997e-53,8.18256473479411e-55,6.31559289844665e-124
