"","glmGamPoi (Pb)","edgeR (Pb)","limma (Pb)","glmGamPoi (cell)","Nebula","Devil (base)","Devil (mixed)"
"1",0.00140816186563462,0.00815755309732148,0.00305642734074378,4.33662022371293e-06,0.00304819557121133,4.69922066103499e-06,0.0143459605273688
"2",0.0428364297118653,0.0567067019367011,0.101271226569379,6.83720786030854e-10,0.123584077320881,5.25571992178556e-10,0.251670685430589
"3",0.325453459238984,0.370006154362159,0.641044988144154,0.85579200144867,0.76906607919769,0.856024564652651,0.982205994064482
"4",0.563552726959733,0.585534276807571,0.794180328971664,0.652179842706422,0.876671719587085,0.652506093554054,0.882866981502389
"5",0.0424986190701563,0.0727013370146275,0.0416756381900288,0.07103566082082,0.219746099072084,0.0713717629604053,0.510945921639388
