"","glmGamPoi (Pb)","edgeR (Pb)","limma (Pb)","glmGamPoi (cell)","Nebula","Devil (base)","Devil (mixed)"
"1",0.601570271400537,0.576301081330302,0.273604479271584,1.03156890648685e-05,0.939952942052514,1.06012122167566e-05,0.289051586693093
"2",0.0632251058647907,0.0827233848728471,0.0661808161334761,2.0229122487066e-48,4.80492900625642e-46,1.91506387023749e-47,9.08828450125109e-153
"3",0.133760438287805,0.170528314079335,0.140730097704316,3.4315148620766e-23,1.12571668568447e-11,7.77235013703744e-23,5.49834814706328e-12
"4",0.0130195774384972,0.0226758401193959,0.0155063151676976,3.14828440792985e-149,1.54061207109373e-16,3.59642978618283e-147,4.04778903633633e-19
"5",0.563007607642212,0.592530876264292,0.522601276720883,1.79705005159922e-40,0.000324667738701699,2.76080175121752e-40,7.14348022232706e-05
