"","glmGamPoi (Pb)","edgeR (Pb)","limma (Pb)","glmGamPoi (cell)","Nebula","Devil (base)","Devil (mixed)"
"1",0.0294419298046632,0.0521546639237482,0.0603783394376984,5.97678377782467e-51,0.0258699808803893,2.16878563464868e-50,0.00766318376792524
"2",0.0535842418129551,0.0520648536383255,0.0239528424869063,3.89268992042322e-05,0.0364104043387401,4.11988861248397e-05,0.576794651425299
"3",0.0283500455596441,0.0438213199550752,0.0169140822462894,9.1516541206907e-26,0.0177822207319956,1.57450753011539e-25,0.0339971741718646
"4",0.00241224938038974,0.00512222997374169,0.00182832746879152,1.2878835148248e-97,0.000281221858315887,4.7332349891877e-96,0.000439218556884951
"5",0.00798256201562264,0.0157741864288235,0.00237501264136939,1.19923647007627e-99,0.00139272285396827,3.05319005846663e-98,0.00116205977841069
