"","glmGamPoi (Pb)","edgeR (Pb)","limma (Pb)","glmGamPoi (cell)","Nebula","Devil (base)","Devil (mixed)"
"1",0.0252415213946403,0.0325479614334132,0.0103423012229769,1.03859006299451e-56,0.000429725801436104,1.01932801826371e-55,6.86204058551383e-07
"2",0.249623137503466,0.239014472475773,0.347286339218883,3.45324698282156e-30,0.113139849453273,3.95947635269208e-29,0.130070916658834
"3",0.430470811791404,0.447329936317455,0.50851733677931,0.00600339288027874,0.922249817217941,0.00692046380289165,0.477570170987703
"4",0.242925948028187,0.362241672243436,0.27330061017905,1.9844443875617e-65,0.224040905766534,6.90284857960653e-67,0.12841393717982
"5",0.586209131527213,0.644221115723004,0.65836829524404,6.73335788590293e-11,0.156249661818006,1.70175546221578e-10,0.0330455995099545
