"","glmGamPoi (Pb)","edgeR (Pb)","limma (Pb)","glmGamPoi (cell)","Nebula","Devil (base)","Devil (mixed)"
"1",0.000351826354881927,0.0045477723189535,0.000107494290519496,6.59052432633925e-56,0.0193383892774016,1.82271390579713e-58,0.0133529648003825
"2",0.00289011781669481,0.00504676013819737,0.00413642364128813,5.75516703447652e-12,0.00225693304172736,4.75525725005545e-12,0.0170384960033576
"3",0.00127725562169838,0.0129765981236968,0.0028446238292074,7.73283644548563e-15,0.00255157590864311,3.95576931604082e-15,0.00051993582078044
"4",0.00217093456782414,0.0041421431184642,0.00715317995593347,3.76250363474861e-07,0.00253025012138284,3.0168373983529e-07,0.00702424023372631
"5",0.574600444753675,0.738283467704604,0.864202242959001,0.881196420282346,0.727782565913086,0.880512074745548,0.955047674831287
