"","glmGamPoi (Pb)","edgeR (Pb)","limma (Pb)","glmGamPoi (cell)","Nebula","Devil (base)","Devil (mixed)"
"1",0.610469543383396,0.681861140662711,0.669170325046297,3.5524980995286e-07,5.9687172057492e-07,3.79713051729143e-07,5.85048454510833e-07
"2",0.776501119519897,0.747059640804641,0.665282261174002,0.00189472697690235,0.804007285604125,0.00192322610877864,0.185343730582676
"3",0.798292376693067,0.850153272554409,0.810964751726952,2.0034976385675e-06,0.0439875258595798,2.05846332362609e-06,0.00507683693455768
"4",0.983615560661259,0.950521425498397,0.97857842245092,0.00160912971160206,0.614211402240727,0.00162950778866419,0.184471835085542
"5",0.21903985666186,0.252197937552537,0.169131336360731,2.77037089451194e-19,0.0211863895512149,3.41407918334183e-19,0.031440358157572
