"","glmGamPoi (Pb)","edgeR (Pb)","limma (Pb)","glmGamPoi (cell)","Nebula","Devil (base)","Devil (mixed)"
"1",0.145276872813634,0.151055468134349,0.106863558043372,0.469601374481304,0.609370161537846,0.470285247783744,0.909503811250786
"2",0.643530890833444,0.628811811067769,0.622568651883077,0.000123366856802178,0.816538887928805,0.000144353329350744,0.564018096918819
"3",0.969946298239972,0.95665990740203,0.980515165819775,2.095942596288e-12,0.744978118123971,4.91792296639547e-12,0.474043419108709
"4",0.0899175226610873,0.0999389370967572,0.0730517429373227,0.840466275304128,0.78141380577772,0.840627608863231,0.968555076367452
"5",0.305237484395495,0.340056896431449,0.312457176375414,0.555226935659999,0.640400555794835,0.55509203591774,0.79258254148549
