"","glmGamPoi (Pb)","edgeR (Pb)","limma (Pb)","glmGamPoi (cell)","Nebula","Devil (base)","Devil (mixed)","glmGamPoi (fixed)"
"1",0.019845498124637,0.0816145587000437,0.0109405675111845,1.58160064208502e-05,0.0349797427708533,1.63852433692882e-05,0.0360123153091183,0.00157821748507895
"2",0.041473351305563,0.192298852081756,0.0319857200389998,0.000264399601088694,0.0665571363137477,0.000276321474707711,0.0647003415926075,0.00092181102951575
"3",0.00841300900058535,0.028399726076871,0.00850896331821799,5.38377817721963e-06,0.000572365740762965,5.50086420566454e-06,0.00115813724427,0.0898432185677425
"4",2.52827229668272e-05,0.000540009269364514,5.62977978276148e-05,1.07356890949553e-32,0.000423340184687017,1.18865330381865e-32,0.000352708189876094,7.37878651663443e-09
"5",0.0220967173309212,0.0919836216558351,0.0335237591256606,0.00235337230493246,0.0289126469617708,0.00239350513183001,0.0384888736330932,0.00496396865240626
