"","glmGamPoi (Pb)","edgeR (Pb)","limma (Pb)","glmGamPoi (cell)","Nebula","Devil (base)","Devil (mixed)"
"1",0.953695567659959,0.868629927971678,0.841562373761184,0.00305802835167822,0.042635910311878,0.00317125024319416,0.0122401861079066
"2",0.86346284423717,0.821860929441483,0.972007841808026,0.077404571631113,0.0767671353429613,0.0770926122792189,0.0359176861866246
"3",0.0475845048413283,0.0558795899748395,0.0422417696537565,2.00715195569386e-14,3.10546534677783e-14,4.02474206100595e-14,3.38019468109766e-17
"4",0.226268804185702,0.238972115698267,0.253278106730561,1.34880745034218e-06,1.44951830880018e-06,1.48642221074559e-06,2.01091491488526e-06
"5",0.097075053329476,0.117722124008208,0.0937867905125195,1.26084801932999e-17,3.91645424225335e-05,2.28062646689532e-17,1.20369213362359e-09
