"","glmGamPoi (Pb)","edgeR (Pb)","limma (Pb)","glmGamPoi (cell)","Nebula","Devil (base)","Devil (mixed)","glmGamPoi (fixed)"
"1",0.00163173646670749,0.0125072140782647,0.00425696059825983,9.52392704114995e-07,0.00353746473240283,9.85934899608871e-07,0.019554662954934,0.102449617378872
"2",0.0182644622455073,0.0598137689814782,0.041938063181022,7.91959075047107e-05,0.109679822088289,8.04562988558993e-05,0.301644305184116,0.579282873848813
"3",0.0343077996306048,0.0367822883182088,0.0271735079922575,0.129484033080005,0.0911366701464786,0.129995056228843,0.653318552504296,0.0132249496879959
"4",0.246371802444384,0.349846053602438,0.0738892796024483,9.12207685758408e-05,0.173993625645398,9.30333456912552e-05,0.0676798650343267,0.385464278057893
"5",0.00149046555376045,0.0096793112162182,0.00320510040197909,0.000117222720150837,0.012087907958699,0.000122653320710663,0.259588954430295,0.0952859094696945
