"","glmGamPoi (Pb)","edgeR (Pb)","limma (Pb)","glmGamPoi (cell)","Nebula","Devil (base)","Devil (mixed)","glmGamPoi (fixed)"
"1",0.00731337380056771,0.0601860084721833,0.00667279148390153,0.186773675163105,0.518855841287857,0.186682976554908,0.776302884745751,1.47763013712244e-09
"2",0.000214138448798954,0.00270683499216546,0.000354487923448603,1.26424858874695e-10,0.0176915832925698,1.04185710402594e-10,0.00631946166027973,0.000230573727066615
"3",0.771687641167726,0.760699838857794,0.985991453468902,2.13628207827319e-05,0.223746419824094,2.29907896988753e-05,0.291537579978773,0.0101484536624096
"4",2.2419265846961e-05,0.000473299467577242,8.00806929778228e-06,5.57050456292466e-27,0.00291786221188412,5.69367902385388e-27,0.00659895621752319,3.53258767105966e-12
"5",0.00400441927027807,0.0213063300307117,0.00379423606237929,4.5618728698038e-06,5.00668893084411e-06,4.63026225591763e-06,2.67025752360864e-07,0.0196489624852802
