"","glmGamPoi (Pb)","edgeR (Pb)","limma (Pb)","glmGamPoi (cell)","Nebula","Devil (base)","Devil (mixed)"
"1",0.040874624587138,0.146477918935866,0.0175765525076479,1.90303894503906e-12,0.0549566611376973,2.11951693671338e-12,0.0695118292215166
"2",2.20815825382378e-06,8.26180834474451e-05,1.07898170444184e-05,4.23252781983659e-117,0.0127965729228991,6.88148419397247e-118,0.231408247006063
"3",0.0904846601147686,0.130490076751793,0.102471889202435,4.16267361535981e-27,0.0512184476777856,4.3069579149743e-27,0.12514786092788
"4",0.0103881973077239,0.066600165986761,0.0083964246671871,3.02311149530793e-10,0.197605725544468,3.08436272510576e-10,0.463519690302204
"5",0.0186187574098012,0.179618979840984,0.00497105865033825,9.02429871428638e-44,0.268535569306005,7.8695908516208e-44,0.321546212503719
