"","glmGamPoi (Pb)","edgeR (Pb)","limma (Pb)","glmGamPoi (cell)","Nebula","Devil (base)","Devil (mixed)"
"1",0.0298258480093128,0.049870716691977,0.0174109787005611,1.52913129313528e-12,0.000757893996453713,1.9675080762533e-12,0.00192335047533295
"2",0.283891680788061,0.330365457898687,0.515170673586027,1.02314546345813e-07,0.115693386956112,1.35109556348506e-07,0.109317500620037
"3",0.104665084000954,0.112432263444445,0.344204506285814,4.42816721183421e-06,0.117073163143831,5.18841513094331e-06,0.213499590474583
"4",0.00097639076603289,0.00209650313817712,0.00154499602860415,1.57055465348459e-11,0.000627648219909022,1.69701039724411e-11,0.00798862151859586
"5",0.00478105062320531,0.0109049507638265,0.00776503288351604,8.79746664152243e-17,0.00768230160937909,3.60276160089162e-16,0.0222864913804553
