"","glmGamPoi (Pb)","edgeR (Pb)","limma (Pb)","glmGamPoi (cell)","Nebula","Devil (base)","Devil (mixed)"
"1",0.131963853892521,0.134517612623078,0.124268056333127,0.0669176138348141,0.181103829854902,0.067654269876953,0.287857396823753
"2",0.201196574573136,0.247632947701823,0.181195054815194,0.000303180889799491,0.0190001916807351,0.000313721239750007,0.00603832120202512
"3",0.139086750136621,0.166100359062853,0.133626695304877,5.23026895655188e-11,0.0281087467702218,9.12603708135405e-11,0.0493390131863614
"4",0.165443799378135,0.17942108389924,0.213412402774982,0.0643083421338309,0.0642153516634,0.0655587516549602,0.0154813349149726
"5",0.021992315537623,0.020461715269601,0.0170795705599939,4.05788523958323e-06,5.77921685672894e-06,6.98624370119016e-06,7.64523823832294e-15
