"","glmGamPoi (Pb)","edgeR (Pb)","limma (Pb)","glmGamPoi (cell)","Nebula","Devil (base)","Devil (mixed)"
"1",0.0258573716576854,0.0366762447251456,0.027051823906449,7.71683139448361e-27,0.000152302669548094,2.48249651922447e-26,2.29494673701896e-05
"2",0.444714176083097,0.464028671936145,0.391344854366371,2.06429142029557e-06,0.331976338325315,2.31698988474638e-06,0.53501751108629
"3",0.282969240853864,0.341288119852408,0.318211403848167,2.06576176093586e-38,0.437651161124537,4.00048125719725e-37,0.187913375997213
"4",0.567078972066162,0.574485708153187,0.521271497272849,0.00284465488033793,0.54427147985199,0.0030708921815136,0.461656548013928
"5",0.074554583530333,0.0884648958125682,0.0508826961915709,4.19200265808721e-37,0.0906149506365343,1.69070556257327e-42,0.0690080050664445
