"","glmGamPoi (Pb)","edgeR (Pb)","limma (Pb)","glmGamPoi (cell)","Nebula","Devil (base)","Devil (mixed)"
"1",0.00572071154958908,0.0153607551521308,0.0100406381233608,6.03833148806583e-58,4.00057263726747e-06,4.90489382331782e-57,2.25188746845541e-07
"2",0.00188908881991316,0.00228911833276602,0.0017515583286329,2.26824456248865e-26,4.77813480473258e-06,6.38855412565193e-28,1.15288557751687e-08
"3",0.000932364888879809,0.00677397929332975,0.00065957528433847,5.50772402500689e-64,3.93241014776148e-08,1.04924952390555e-62,1.17855835632391e-08
"4",9.99453914817063e-06,0.000559007692235579,1.16774087480574e-05,1.56418073966332e-60,1.53725346136082e-12,3.06542961398914e-59,1.61104285428867e-15
"5",0.755020663515916,0.774925771826363,0.581669889369777,7.75829063667668e-06,0.449117250832699,7.64091385067721e-06,0.407401826326325
