"","glmGamPoi (Pb)","edgeR (Pb)","limma (Pb)","glmGamPoi (cell)","Nebula","Devil (base)","Devil (mixed)"
"1",0.00691026093186605,0.027052769549277,0.00306490976451416,5.81636039703567e-14,0.0852477353036614,5.88554208562473e-14,0.234109725279036
"2",0.00199230925584505,0.00493454228600248,0.0026015887569249,6.21433339027354e-43,0.0025983278348715,3.69007546116734e-43,0.00102792510305716
"3",0.00417329968188689,0.0593607209128141,0.0117856591026854,2.55791537620256e-10,0.000827919070009404,2.38230123946917e-10,0.00172920707612464
"4",0.00044638679615143,0.00225892020292918,0.000522991183753337,1.52728284972371e-72,0.00131964094843875,2.65901080569754e-74,0.00461953018184169
"5",0.0189902350395271,0.0344382966494694,0.0242775924997922,2.63469041667361e-16,0.0562325087368147,2.52514529707596e-16,0.00281495694826309
