"","glmGamPoi (Pb)","edgeR (Pb)","limma (Pb)","glmGamPoi (cell)","Nebula","Devil (base)","Devil (mixed)","glmGamPoi (fixed)"
"1",0.00691026093186636,0.027052769549277,0.00306490976451414,5.81636039921444e-14,0.0852477353036614,4.84329224223853e-14,0.232432676301113,0.0126793621151034
"2",0.0019923092558455,0.00493454228600248,0.00260158875692491,6.21433339741019e-43,0.0025983278348715,2.65214470105712e-43,0.00101862728214739,0.155402434974942
"3",0.00417329968188656,0.0593607209128141,0.0117856591026848,2.55791537720206e-10,0.000827919070009404,2.07358593454253e-10,0.00164227717646894,0.117721893060703
"4",0.00044638679615156,0.00225892020292918,0.000522991183753345,1.52728285090758e-72,0.00131964094843875,2.34403668223544e-74,0.00460526472320123,3.59356838013638e-05
"5",0.0189902350395288,0.0344382966494694,0.0242775924997932,2.63469041798585e-16,0.0562325087368147,2.07753370155526e-16,0.00277129512685611,0.109268709035116
