"","glmGamPoi (Pb)","edgeR (Pb)","limma (Pb)","glmGamPoi (cell)","Nebula","Devil (base)","Devil (mixed)"
"1",0.543938250601577,0.639233023106431,0.437184168341508,1.36040248861917e-07,0.567424008247993,1.61499607238112e-07,0.562925517848681
"2",0.472203200132877,0.471053005664498,0.458630237857835,0.271177207208894,0.779752008423735,0.271104263126969,0.664455935560663
"3",0.205705581012444,0.243894625666277,0.165784298732586,2.7246795770851e-05,0.454118070855505,2.65272666456163e-05,0.362525427578061
"4",0.162872399617998,0.195579360633023,0.196689486612019,5.60284470836763e-12,0.00250688689332224,9.135701795506e-12,0.0182609784830756
"5",0.354603890332255,0.433218516385919,0.530606490156616,2.97762630528394e-09,0.588553956824018,2.36298346972058e-09,0.579172468522212
