"","glmGamPoi (Pb)","edgeR (Pb)","limma (Pb)","glmGamPoi (cell)","Nebula","Devil (base)","Devil (mixed)"
"1",0.0435572565599024,0.0606848970841777,0.0338283385490089,3.66586453123976e-14,0.013081909684192,3.97302386999684e-14,0.0445621719151739
"2",0.130653675768064,0.110690524564333,0.0705165959733421,4.37869767348856e-06,0.0606910889998067,4.84553558348121e-06,0.204975414056748
"3",0.145626256512006,0.171954156343222,0.127907859964908,3.08187597833768e-05,0.0211516219969014,3.52955918527193e-05,0.0221509849410211
"4",0.593587728586956,0.614325572787632,0.53268007290603,0.425900979199426,0.431817310853963,0.428925870702257,0.000357311105684819
"5",0.0412356149046004,0.0779287474137012,0.0499051400130976,2.32921204296477e-10,2.08188417208604e-07,2.99027610590392e-10,5.9201819207122e-10
