"","glmGamPoi (Pb)","edgeR (Pb)","limma (Pb)","glmGamPoi (cell)","Nebula","Devil (base)","Devil (mixed)"
"1",0.00540396744670881,0.00876942311176691,0.0119043159063708,1.07389273280202e-30,0.00211317423790882,2.00167425620115e-30,0.00386612598413653
"2",0.00029254780475726,0.00499412815067047,0.000449238268577617,1.29930286501702e-35,0.000161643231278771,2.29761681282207e-35,9.16502461910978e-05
"3",0.00014278242350889,0.000635201313473307,0.000145363322954108,2.5133976560995e-27,3.49627158555584e-06,4.34800268951961e-27,0.000178517034157605
"4",0.0334204094489662,0.0956822739996075,0.0298672916998441,1.84126218067407e-12,0.0427072987460824,2.11597687843048e-12,0.030608038947773
"5",0.0213084396342963,0.0582364411899376,0.0169447488250869,2.13888081199854e-38,0.0180585609970794,2.62760684313311e-38,0.127714830900877
