"","glmGamPoi (Pb)","edgeR (Pb)","limma (Pb)","glmGamPoi (cell)","Nebula","Devil (base)","Devil (mixed)"
"1",0.88212147177797,0.891432720548137,0.953377697948409,0.388527483588333,0.734307515859012,0.389410714987759,0.840152703252153
"2",0.0135019801523399,0.0853602768190906,0.0206850812730816,0.27978817963928,0.228120894113781,0.279721506814031,0.758954276018462
"3",0.536827317075095,0.571937680336651,0.6385072556414,0.267099135336189,0.585349815031244,0.270591218666746,0.867660883052112
"4",0.0632304322557927,0.100960126905646,0.0679286460271515,4.11386086223455e-06,0.0450108613806394,4.0853593094934e-06,0.0136093839988848
"5",0.0100397151345752,0.0361052774364105,0.00700366931109295,3.95550278157422e-10,0.0447603728143308,3.69833365596901e-10,0.0226957273403891
