"","glmGamPoi (Pb)","edgeR (Pb)","limma (Pb)","glmGamPoi (cell)","Nebula","Devil (base)","Devil (mixed)"
"1",0.167410410340386,0.252471996553406,0.238104918402477,4.56948351701524e-16,0.119032288937526,7.73876698868216e-16,0.00371174609731189
"2",3.89763165929621e-05,0.00011550546740058,0.000116390027761064,1.31140588767585e-38,2.38613765245112e-07,5.72881804691774e-37,2.46523278547802e-08
"3",0.0020111552443638,0.00499611900142794,0.00225088661574134,1.97414226840462e-28,9.91998170436934e-07,1.42918472817692e-27,1.35451415561801e-08
"4",0.0472733963391932,0.068402055545388,0.0642542181084752,1.1086033379035e-09,0.000750392552538647,1.43829750156813e-09,7.02771388838549e-05
"5",9.31226890350913e-05,0.000418313482201509,0.000103440820094088,7.46553113096205e-29,4.4010812136262e-05,1.41905176616674e-27,6.1033440135254e-05
