"","glmGamPoi (Pb)","edgeR (Pb)","limma (Pb)","glmGamPoi (cell)","Nebula","Devil (base)","Devil (mixed)"
"1",0.0390121723650029,0.0746235464415511,0.0368144327996083,1.06340076479464e-18,0.130534552452027,1.3304451435415e-18,0.0885815211496265
"2",0.0834180615561465,0.185308048144688,0.0786906088361544,1.1077114524059e-09,0.241178959013481,1.37422533124185e-09,0.215673004193356
"3",0.0684985365404858,0.132332829203827,0.0849085477797545,1.87427163799784e-14,0.070037782057049,2.82088322677081e-14,0.0360067983341091
"4",0.00198234649463924,0.0081878551825603,0.00129435684134667,2.60144407757445e-11,0.00288583228622405,2.7643452264873e-11,0.00743641531354964
"5",0.00285201006788917,0.0134591495330865,0.00332779192160536,1.41177819289645e-16,0.00469024479961606,2.0972466641229e-16,0.00731254082494235
