"","glmGamPoi (Pb)","edgeR (Pb)","limma (Pb)","glmGamPoi (cell)","Nebula","Devil (base)","Devil (mixed)"
"1",0.000166715205531827,0.00144992712122703,0.000112834254317883,6.23187518316121e-51,0.00265100815236627,1.00562284046728e-50,0.000888393640123809
"2",0.00133804309372442,0.00775249496372941,0.00100921370794222,7.0257451629401e-16,0.00183012584422709,7.95688629050166e-16,0.0420607153365708
"3",1.41579544601708e-05,0.0005347879446287,1.47934709255447e-05,4.98700856984395e-55,0.00359856788043138,4.91010351109381e-55,0.0405888701719303
"4",5.20103211045581e-06,0.000123385176024215,5.4369253768069e-06,1.36823846011843e-127,0.00396633711536113,1.0993418749541e-127,0.00259511902262446
"5",0.0102223841466599,0.0288213290575548,0.0115919416689988,9.21387915799468e-28,0.0755169309686247,8.55869695567665e-28,0.241568243427126
