"","glmGamPoi (Pb)","edgeR (Pb)","limma (Pb)","glmGamPoi (cell)","Nebula","Devil (base)","Devil (mixed)"
"1",0.020815939872338,0.0506637945047452,0.016444220750584,1.01830684636616e-26,0.004226433554998,1.72917238727247e-26,0.0100696769692323
"2",0.410494898119287,0.465979713814748,0.481484133223548,7.18287815954152e-05,0.0601274645818784,7.2044830569285e-05,0.103428635273593
"3",0.029593435936634,0.0836871386310454,0.0314914219583658,3.19999548612867e-41,0.00551204884413401,3.98272883139465e-41,0.0911972135532234
"4",0.0778982813297168,0.193051449959326,0.121091493683351,1.47225725559959e-16,0.000584886718966428,1.77234915060849e-16,0.0181329608665869
"5",0.000302096731088058,0.00201551594972394,0.000300205931021397,4.88349573678055e-139,2.05932797324233e-05,7.25055167221946e-139,3.07797815131597e-05
