"","glmGamPoi (Pb)","edgeR (Pb)","limma (Pb)","glmGamPoi (cell)","Nebula","Devil (base)","Devil (mixed)"
"1",0.103826294241967,0.10806378295752,0.0984956686892757,8.52192765393845e-16,0.102790963436782,2.28721180600294e-15,0.0699356915212852
"2",0.0290501979895263,0.0389517997059947,0.0114961238837565,4.66719189113346e-70,0.00733326119581505,1.32613377274833e-67,0.00227262584258288
"3",0.525173709475676,0.625677421003176,0.249301718330121,0.572482130976907,0.575299247917956,0.573683599752908,0.48750663641247
"4",0.0209381853770089,0.0142213022100015,0.0166802593389681,1.70402393476041e-21,0.00201974945549,1.51330939394265e-20,0.00191223478501788
"5",0.269522353908228,0.341892457551824,0.240483170876688,1.41667831517607e-59,0.121677970405125,5.17117399796536e-58,0.00233764814084856
