"","glmGamPoi (Pb)","edgeR (Pb)","limma (Pb)","glmGamPoi (cell)","Nebula","Devil (base)","Devil (mixed)"
"1",0.0153322046065516,0.0375335012537957,0.0263789144773747,1.22634339298704e-30,4.65145830354644e-07,1.88575190895206e-30,0.00378815527454554
"2",0.0361443336421395,0.0697090466294649,0.0468576423446894,2.27007521178698e-45,3.19844188200325e-05,2.08395784676441e-45,0.033177683497788
"3",6.84010301395442e-06,5.57759494855065e-06,4.46733950398721e-06,2.52285792332101e-104,8.3105223616789e-08,9.35976747206939e-114,0.00103317649679338
"4",0.0533136824478873,0.217469975492339,0.0206246272014695,2.941088133335e-21,7.34143324708962e-05,4.06987712554729e-21,0.013775857375479
"5",0.355065084267621,0.393204733855458,0.0866462078615133,0.0984048132598467,0.155312802975371,0.0971500222348517,0.805625174533581
