"","glmGamPoi (Pb)","edgeR (Pb)","limma (Pb)","glmGamPoi (cell)","Nebula","Devil (base)","Devil (mixed)","glmGamPoi (fixed)"
"1",0.0172284092241654,0.0266898112429803,0.0363098330710712,1.91938939077911e-15,0.00228269760674153,2.24222895271061e-15,0.12753698144818,0.187235812719284
"2",0.00171733210082092,0.00378273206101381,0.00163192810621894,2.99506362588223e-25,0.00904022869833761,1.2761635650287e-24,0.0505415530778436,0.410948757672445
"3",0.00322684723318827,0.0471143128937066,0.0187013871402317,1.05360428203733e-33,0.0616906395243688,1.2634014400636e-33,0.0120960575979064,0.727376403309436
"4",0.0489699913259501,0.0632978368089032,0.104134953532362,8.65405121157941e-25,0.141712836615999,1.54113691480723e-24,0.0342480643879793,0.608574508275586
"5",5.18357337434998e-05,0.000539779224316354,4.92941446215879e-05,1.92248795249286e-14,0.00755524186631017,2.22939219882134e-14,0.00873298898011767,0.333558109071521
