"","glmGamPoi (Pb)","edgeR (Pb)","limma (Pb)","glmGamPoi (cell)","Nebula","Devil (base)","Devil (mixed)"
"1",0.0397682515415378,0.026777207096956,0.0306557265529208,9.28806020318911e-06,5.77281638615726e-06,6.44413265575014e-06,5.43129879557222e-09
"2",0.726384070520754,0.771083406337141,0.875268601658516,0.0200538388295475,0.331991279711603,0.0263948776361654,0.0699507266528338
"3",0.157111235905064,0.139467305005831,0.115441680944207,0.00733653504404097,0.431088772137619,0.00869927160410517,0.33709663210999
"4",0.952230173468819,0.975046679609507,0.835176328473172,0.457129624136703,0.461256310314319,0.470422741416564,0.00398439896351258
"5",0.182209532724714,0.284086560845845,0.170517754974535,0.57690442875578,0.622436124420572,0.578749105815889,0.817905065994674
