"","glmGamPoi (Pb)","edgeR (Pb)","limma (Pb)","glmGamPoi (cell)","Nebula","Devil (base)","Devil (mixed)"
"1",0.0377389000241093,0.0641863820453148,0.0159374451228603,1.81646235760794e-20,0.0935798724994188,1.9999835916563e-20,0.108054485470697
"2",0.0947907664280543,0.141843827445669,0.035122515250686,5.57872688542428e-165,0.0015449299668851,8.6739240839831e-165,1.5868850641148e-06
"3",2.27859198992604e-06,8.71048291636601e-05,2.42754280198391e-06,1.15137418336325e-294,0.000324440330219457,1.17365390666076e-296,0.00232354381264842
"4",0.00153580362192463,0.00804096767357811,0.000729744304356084,4.13015611620749e-45,0.0174196710145533,8.30459597214926e-45,0.024117024418269
"5",0.0127861359748429,0.0356595147690025,0.00158522188103405,7.71732530433202e-62,0.00111151531631156,2.15820110967926e-61,0.000527493297362634
