"","glmGamPoi (Pb)","edgeR (Pb)","limma (Pb)","glmGamPoi (cell)","Nebula","Devil (base)","Devil (mixed)"
"1",0.114301307444351,0.1757653507497,0.120498285621498,1.03603568298391e-07,0.0266171709346163,1.10270132944979e-07,0.257312827086945
"2",0.000529921589487168,0.00240786192396952,0.000230477959644703,2.09863547898e-14,5.15956082290879e-11,3.07389553269046e-14,4.15298975840273e-11
"3",0.000180665582989616,0.00204856215507947,0.000305479274687819,4.02949341522715e-39,5.99780552639792e-05,6.72807576250317e-39,0.000305528443212828
"4",0.000328123575790413,0.000652460475930522,0.000385626922948669,1.64944765001803e-46,6.72265184345072e-07,3.37039475092562e-46,3.33788806888421e-07
"5",0.000337765001545685,0.0017409133422858,0.00154881796536016,1.17830597792896e-45,3.9420641529859e-05,2.0941347236411e-45,0.00307108608387063
