"","glmGamPoi (Pb)","edgeR (Pb)","limma (Pb)","glmGamPoi (cell)","Nebula","Devil (base)","Devil (mixed)"
"1",0.000166715205531824,0.00144992712122703,0.00011283425431789,6.23187518695772e-51,0.00265100815236627,1.5561529621477e-50,0.000907241402096835
"2",0.00133804309372443,0.00775249496372941,0.00100921370794274,7.02574516545782e-16,0.00183012584422709,6.5747909341169e-16,0.0417103212943943
"3",1.41579544601705e-05,0.0005347879446287,1.47934709255453e-05,4.98700857264181e-55,0.00359856788043138,7.12830737373424e-55,0.0408377596719261
"4",5.20103211045575e-06,0.000123385176024215,5.43692537680705e-06,1.36823846109438e-127,0.00396633711536113,1.53635171984542e-127,0.00260816410393
"5",0.0102223841466601,0.0288213290575548,0.0115919416689995,9.21387916416829e-28,0.0755169309686247,9.21609872384449e-28,0.24170258737098
