"","glmGamPoi (Pb)","edgeR (Pb)","limma (Pb)","glmGamPoi (cell)","Nebula","Devil (base)","Devil (mixed)"
"1",0.482886219029764,0.491465847505717,0.452079606697174,0.0210031272644573,0.458633552335604,0.0217413633534189,0.271933202870877
"2",0.0154761351241572,0.0161726415999364,0.0376176673344344,0.00114692079502412,0.00830047679224011,0.000994777171706153,0.0222269883363739
"3",0.294370058106461,0.368560781979784,0.311415372329681,0.0125549111526683,0.0130726331371587,0.0131686285543268,0.00485487175533624
"4",0.0824352276851879,0.0993238170516035,0.0649582558924995,2.61127635706145e-06,8.63265690783712e-05,3.14653732566942e-06,0.00111656895716771
"5",0.340786065869191,0.311574506125966,0.267534323982275,0.036672986313667,0.0375797679513104,0.0380483408519899,2.38229551273339e-05
