"","glmGamPoi (Pb)","edgeR (Pb)","limma (Pb)","glmGamPoi (cell)","Nebula","Devil (base)","Devil (mixed)"
"1",0.0390121723650029,0.0746235464415511,0.0368144327996079,1.06340076470992e-18,0.130534552452027,1.18079172294139e-18,0.0882149397358729
"2",0.0834180615561465,0.185308048144688,0.0786906088361543,1.10771145235967e-09,0.241178959013481,1.19101693128908e-09,0.214356543577566
"3",0.0684985365404858,0.132332829203827,0.0849085477797557,1.87427163779303e-14,0.070037782057049,2.29755622219399e-14,0.0353915746290519
"4",0.00198234649463924,0.00818785518256031,0.00129435684134661,2.60144407733327e-11,0.00288583228622405,3.1566555139812e-11,0.00760566026225703
"5",0.00285201006788918,0.0134591495330865,0.00332779192160538,1.41177819271564e-16,0.00469024479961606,1.80412271919775e-16,0.00720785817288451
