"","glmGamPoi (Pb)","edgeR (Pb)","limma (Pb)","glmGamPoi (cell)","Nebula","Devil (base)","Devil (mixed)"
"1",0.786611140495961,0.804450318033829,0.643361264754792,8.50886793524445e-05,0.769501209386617,7.290877992006e-05,0.686412638730773
"2",0.54100747020307,0.580331934439021,0.85071029361496,6.4114531161787e-05,0.936024281324389,7.77815305537759e-05,0.537814565824758
"3",0.0489981488423334,0.115314251050427,0.072771962477175,1.02754500338544e-166,0.044254660644314,2.05437915404631e-148,0.00061776089024825
"4",0.74331853033449,0.707260207904831,0.774315581852469,0.000581988618188447,0.931837754403019,0.000622934845467718,0.49740013115427
"5",0.800618281326357,0.811769011026624,0.714544193306353,0.265250097810923,0.96444946481537,0.264451132968889,0.792403849812003
