"","glmGamPoi (Pb)","edgeR (Pb)","limma (Pb)","glmGamPoi (cell)","Nebula","Devil (base)","Devil (mixed)"
"1",0.128767003764049,0.164226213698165,0.0580860202234276,3.24717673245207e-11,0.057427547542392,3.42958492248408e-11,0.339021195363934
"2",0.086046000008015,0.136723168353904,0.0973427588122303,0.000190661819966821,0.250126949569977,0.000193927374395397,0.520529844070229
"3",0.00252820242062314,0.017868851277036,0.00239917304589827,6.28198618238619e-13,0.00591266077379865,7.27618096998666e-13,0.0176372326441354
"4",0.00308798718374553,0.0247201890193826,0.00350102076947501,4.08380127519924e-07,0.0388505133061073,4.24843801597147e-07,0.190839867379308
"5",0.0397903645395652,0.0767186051836726,0.0458600820635124,2.68474536078908e-07,0.162743346154207,2.7814437894449e-07,0.310018158392773
