"","glmGamPoi (Pb)","edgeR (Pb)","limma (Pb)","glmGamPoi (cell)","Nebula","Devil (base)","Devil (mixed)"
"1",0.0120781309339828,0.0247883223245331,0.0166747695398016,0.000216698484442448,0.11381605082302,0.00022149053515357,0.101524771970568
"2",0.0787151042443266,0.116675595079736,0.0687029635782716,0.0010713763324957,0.0865230908296874,0.00116137144761865,0.0617690280676943
"3",0.012780532047818,0.0843039651928898,0.0247496260099189,0.00104713208232772,0.267752948253915,0.00113301352872071,0.137584459001542
"4",0.00439968193096779,0.0367834964444443,0.0528748034547007,4.47638822864145e-09,0.253856178516292,4.98238103200863e-09,0.0628630716906863
"5",0.305064090748366,0.51185659991328,0.429781614594421,0.00099323245085055,0.751281395850314,0.0010133180322801,0.128874502528983
