"","glmGamPoi (Pb)","edgeR (Pb)","limma (Pb)","glmGamPoi (cell)","Nebula","Devil (base)","Devil (mixed)"
"1",0.0153322046065516,0.0375335012537957,0.0263789144773748,1.22634339254817e-30,4.65145830354644e-07,1.40672304720324e-30,0.00371063990095272
"2",0.0361443336421396,0.0697090466294649,0.0468576423446862,2.27007521078132e-45,3.19844188200325e-05,1.38014286362696e-45,0.0328289948127945
"3",6.84010301395444e-06,5.57759494855065e-06,4.46733950398693e-06,2.52285791670095e-104,8.3105223616789e-08,1.14027024709681e-113,0.00103622671708329
"4",0.0533136824478873,0.217469975492339,0.0206246272014705,2.94108813263935e-21,7.34143324708962e-05,3.31154954225945e-21,0.0135654180841057
"5",0.355065084267621,0.393204733855458,0.0866462078615095,0.0984048132582142,0.155312802975371,0.0971514323050139,0.805626000409436
