"","glmGamPoi (Pb)","edgeR (Pb)","limma (Pb)","glmGamPoi (cell)","Nebula","Devil (base)","Devil (mixed)"
"1",0.0210124383980792,0.0719285574838281,0.0077687741611475,1.07470054261427e-47,3.94582697318247e-07,6.64906074204843e-47,2.44166368238775e-07
"2",0.0012991108618037,0.0042179499585524,0.00114445537877787,9.823393356356e-62,1.54352125823648e-11,1.9921201658361e-60,2.05862487394203e-07
"3",0.794691403360217,0.819975555724843,0.576812825562159,2.83659741060814e-21,0.00162106431965224,4.58002455865743e-21,0.00429939866027
"4",0.0138217928596454,0.0174435893933121,0.0308249407440041,1.29342053849785e-52,0.00422681810624204,3.00450982320168e-51,0.000373541284432497
"5",0.00184034380142743,0.00360914973778313,0.00234018309677428,3.11053006832633e-33,0.000209171833213006,1.47092943441723e-32,0.000784803231236115
