"","glmGamPoi (Pb)","edgeR (Pb)","limma (Pb)","glmGamPoi (cell)","Nebula","Devil (base)","Devil (mixed)"
"1",0.904401936555394,0.840605182006651,0.684300448483613,2.1931288626756e-32,0.181723953517349,5.13171413473555e-31,2.80228721464733e-10
"2",0.000275166185070914,0.000578527412570936,0.000194241182213156,2.10275735664033e-84,3.78606073655204e-06,3.87904061766289e-83,7.06933636001161e-08
"3",0.635550322062012,0.699310979639742,0.621208635880496,8.02884304500767e-133,0.126808461039464,2.2930724692344e-134,3.32854583551697e-05
"4",0.480811251490572,0.544844894627423,0.596611203773322,2.85265576510318e-26,0.139885464107226,2.1493272952374e-25,1.66860468926999e-05
"5",0.286929464207679,0.319235563606042,0.465289669572379,2.15367709754477e-14,0.656240002483914,3.53312245669151e-14,0.201015158029898
