"","glmGamPoi (Pb)","edgeR (Pb)","limma (Pb)","glmGamPoi (cell)","Nebula","Devil (base)","Devil (mixed)"
"1",0.107149729579438,0.150038042473427,0.280134880307416,0.0511119229584808,0.0527838921391532,0.0459467771794483,0.0657828190748689
"2",0.581037135230011,0.674923841102355,0.663287067935861,0.932892396807018,0.934913514554617,0.932964953783215,0.775450432650489
"3",0.567545695660056,0.593830462840099,0.515954669968559,0.655932741853634,0.808628774495616,0.657169336885134,0.864967086777302
"4",0.00668277233880696,0.0563577448131189,0.0271374628216011,1.47876737728975e-24,0.0129998889419095,5.68128171331343e-27,0.0154557131306147
"5",0.992285542505061,0.974665782804636,0.967736811721328,0.355641115966364,0.362605678268205,0.362851214994077,0.417122977252929
