"","glmGamPoi (Pb)","edgeR (Pb)","limma (Pb)","glmGamPoi (cell)","Nebula","Devil (base)","Devil (mixed)","glmGamPoi (fixed)"
"1",0.00321314030946589,0.00734019043632691,0.00346350960453588,7.28258464952083e-06,0.000200993831001892,7.90887833816485e-06,0.000259608443483849,NA
"2",0.0157377781487296,0.0335475084550385,0.0113433224329494,3.95002571177615e-10,0.0236062979211475,4.5868148821269e-10,0.0115330943885804,NA
"3",0.0872774900589901,0.17145879496031,0.0898862220846919,5.73876449268668e-08,0.123978883212737,6.87643207105194e-08,0.114753523567596,NA
"4",0.244933375781802,0.272328385343172,0.171831819395062,0.0922108157346054,0.115371759020812,0.0921945328277709,0.334400156285591,NA
"5",9.59251204380038e-05,0.00266058473806928,5.61027650577099e-05,4.00198830500182e-18,7.86368572282581e-05,5.48565112798232e-18,4.0058166269083e-06,NA
