"","glmGamPoi (Pb)","edgeR (Pb)","limma (Pb)","glmGamPoi (cell)","Nebula","Devil (base)","Devil (mixed)"
"1",0.071177791781136,0.0879971394950851,0.0281021086834833,2.27836857092644e-25,7.35105323303001e-11,1.21018347033969e-25,6.50262962280465e-10
"2",0.0211681150343329,0.0375742546240525,0.024279447673687,4.55194255450131e-18,0.000121323397771031,2.30516991913977e-17,7.84149571475783e-09
"3",0.641456636660733,0.594741751309294,0.890342613605886,0.0639586199805631,0.0645298943362899,0.0649835269524379,6.01728062664169e-06
"4",0.063857039112057,0.0837403353583673,0.0360339653736471,7.48656728414346e-21,1.29309078419701e-11,5.02851752552856e-21,7.08452123320334e-10
"5",0.00862437899286518,0.0187297205012905,0.00809914911616762,9.10075437510303e-31,1.15909537684053e-30,8.21944866727575e-30,2.74113250334703e-20
