"","glmGamPoi (Pb)","edgeR (Pb)","limma (Pb)","glmGamPoi (cell)","Nebula","Devil (base)","Devil (mixed)"
"1",0.0104039224168136,0.0301713427389788,0.00613721587962481,1.79501343646023e-89,0.0943243111218808,2.14047359023864e-89,0.0215240397528294
"2",0.206913385218953,0.309459100865447,0.18168515006159,0.20877768241579,0.858634649012544,0.209162199303631,0.880804695608328
"3",0.000255188186444348,0.00149741142989589,0.000292996193888847,1.99555426266135e-30,0.00132795823301751,2.28855451242619e-30,0.0501608489395476
"4",0.0314553257814855,0.0922840548203832,0.0293878313472657,8.4226048217382e-20,0.31711501117265,8.70147403169904e-20,0.248530538453324
"5",2.79968622277498e-06,2.21986113508688e-05,2.86966401146923e-06,1.05531957687828e-166,2.61089704665904e-05,9.31440327636016e-166,5.64253130005251e-06
