"","glmGamPoi (Pb)","edgeR (Pb)","limma (Pb)","glmGamPoi (cell)","Nebula","Devil (base)","Devil (mixed)"
"1",0.0291899735032614,0.0456232271181882,0.074664781789312,4.16552409698153e-24,3.27373512850471e-07,1.82197968814822e-24,2.91378304539992e-09
"2",0.0176930584531967,0.0209302721089938,0.0148850169392015,2.21542336335685e-51,1.87647568593072e-50,6.9719555670845e-51,2.531043565952e-130
"3",0.111552183461388,0.133792329061141,0.130459268429829,6.41547508487493e-22,6.53324424167964e-08,2.2204203750709e-22,3.67254964500184e-12
"4",0.331506956775316,0.417040717790506,0.491525810423986,7.32215919059256e-05,0.0114906714265545,6.03729241810913e-05,0.0266123128408945
"5",0.00875240231845494,0.0100633477742801,0.00361411561197047,1.43130495232756e-159,7.80032477619621e-11,1.76708334949785e-160,8.76210998379311e-11
