"","glmGamPoi (Pb)","edgeR (Pb)","limma (Pb)","glmGamPoi (cell)","Nebula","Devil (base)","Devil (mixed)"
"1",0.0212466442153977,0.0287241794770147,0.0420114611134358,1.64858274751893e-18,0.00827638624664449,1.72551784387497e-18,0.0213525786868572
"2",0.00644919081108984,0.0139063629485091,0.00672111593652317,1.27691430127787e-65,0.00998446514766873,4.64901140520638e-66,0.0123788988480927
"3",0.0315832259861574,0.070605104647074,0.123193111027132,1.10826836334286e-10,0.00643469187090912,1.25614634935692e-10,0.0346820375127952
"4",0.0189461369013665,0.0567027907571372,0.0240004639652773,1.67255026849291e-11,0.00767657382015907,1.77666134697344e-11,0.00507408256003926
"5",0.0135916496301987,0.0455616279348116,0.0193529085676799,2.7006178847527e-10,0.0103625856878684,3.08489663406355e-10,0.015479145056904
