"","glmGamPoi (Pb)","edgeR (Pb)","limma (Pb)","glmGamPoi (cell)","Nebula","Devil (base)","Devil (mixed)"
"1",0.00196510005050736,0.0152042520472625,0.00167316098307603,5.79148682415903e-22,0.0257366651937204,6.77837795324413e-22,0.26756751854986
"2",0.000201796738258149,0.00115834494809775,0.000332015352754966,4.16945827872197e-26,0.00278823915409811,7.85500864778599e-26,0.0789089832963595
"3",0.000828859993877012,0.00560572979859939,0.00148186313752536,1.71835604828479e-32,0.0201056818886359,2.35094370446904e-32,0.169030365107813
"4",0.000279092223218772,0.00175227382607775,0.000612140803207865,1.19777109050996e-23,0.000486774482517896,2.26018884336081e-23,0.0439477416150664
"5",0.00926095602409812,0.0156522583581956,0.0230152216564651,6.32879906558908e-12,0.0803719217721674,6.0187698460855e-12,0.291639567951504
