"","glmGamPoi (Pb)","edgeR (Pb)","limma (Pb)","glmGamPoi (cell)","Nebula","Devil (base)","Devil (mixed)"
"1",0.891168292232735,0.88666855502168,0.780490479580433,0.122600958413583,0.959206101787705,0.12367597301529,0.17664431910731
"2",0.960697655319656,0.97549013658544,0.73134653296676,0.413518212302168,0.423590422941858,0.41276926609525,0.420853879480234
"3",0.441716722977906,0.576483207972614,0.385001812489309,0.230003580906018,0.234931011986821,0.230389305474193,0.0912925871043093
"4",0.860122072051691,0.892086457111831,0.732462397969135,0.498280243879714,0.862992573571098,0.49922867442043,0.575226159505591
"5",0.0916479340658873,0.105985678258541,0.120115328966749,0.00961098095480001,0.00968719245142677,0.00948640609055426,0.00245325016099925
