"","glmGamPoi (Pb)","edgeR (Pb)","limma (Pb)","glmGamPoi (cell)","Nebula","Devil (base)","Devil (mixed)"
"1",0.796057323706394,0.802885932079794,0.834072032717097,9.70042226248046e-09,0.441778262888627,4.07395868432171e-09,0.190732137177134
"2",0.257773055828021,0.411044615316341,0.316342179753778,1.29525477051634e-34,0.000286466602136482,2.00530008065035e-35,4.90299295148802e-05
"3",0.0671709535154789,0.101581881115326,0.0462141023563202,8.07400569953499e-19,7.30039305309728e-08,4.2289450595119e-23,5.57920698545484e-06
"4",0.311475877533168,0.345065747480953,0.388117227196856,2.72974932024265e-11,3.50825174921711e-10,2.22610300514884e-11,6.07609582210458e-11
"5",0.870314424044417,0.88945616358857,0.824798989598033,5.75457739025829e-14,0.211719075380832,3.81758790985065e-14,0.101810267166669
