"","glmGamPoi (Pb)","edgeR (Pb)","limma (Pb)","glmGamPoi (cell)","Nebula","Devil (base)","Devil (mixed)"
"1",0.145276872813629,0.151055468134349,0.106863558043372,0.469601374394758,0.609370161537846,0.472738773829126,0.909969375866566
"2",0.64353089083344,0.628811811067769,0.62256865188308,0.000123366856853464,0.816538887928805,0.000154450904558291,0.565742580131585
"3",0.969946298239972,0.95665990740203,0.980515165819773,2.09594260006667e-12,0.744978118123971,5.4596345274495e-12,0.474909445715602
"4",0.0899175226610826,0.0999389370967574,0.0730517429373221,0.840466275438079,0.78141380577772,0.841987436221446,0.968815022252024
"5",0.305237484395489,0.340056896431449,0.312457176375418,0.555226935660931,0.640400555794835,0.56042975834981,0.794930680435444
