"","glmGamPoi (Pb)","edgeR (Pb)","limma (Pb)","glmGamPoi (cell)","Nebula","Devil (base)","Devil (mixed)"
"1",0.0104039224168135,0.0301713427389788,0.00613721587962505,1.79501343261172e-89,0.0943243111218808,3.70054967946553e-89,0.0216961620624869
"2",0.206913385218953,0.309459100865447,0.181685150061586,0.20877768241337,0.858634649012544,0.210918289848936,0.881187275339712
"3",0.000255188186444348,0.00149741142989589,0.000292996193888853,1.99555426136237e-30,0.00132795823301751,3.86103617268567e-30,0.0510651005363624
"4",0.0314553257814855,0.0922840548203832,0.0293878313472655,8.42260481695978e-20,0.31711501117265,1.09153822048026e-19,0.249516976404857
"5",2.79968622277496e-06,2.21986113508688e-05,2.86966401146951e-06,1.05531957458292e-166,2.61089704665904e-05,1.76528425593754e-165,5.72653249690751e-06
