"","glmGamPoi (Pb)","edgeR (Pb)","limma (Pb)","glmGamPoi (cell)","Nebula","Devil (base)","Devil (mixed)"
"1",0.0532111435462865,0.0534994639455281,0.0339861452910734,2.60003776440958e-16,2.84085229322458e-11,4.28024398123266e-16,9.53778728334606e-09
"2",0.0381061148788196,0.031258166500432,0.0462983889269342,2.23753042864074e-66,1.22446215380231e-08,1.31961975304314e-63,3.01153487424616e-07
"3",0.436452590416845,0.551538960596188,0.485577778703584,6.60175764802472e-09,0.139430942042526,7.52778226307258e-09,0.0201146428751945
"4",0.0129661357849895,0.0139412479982099,0.00963141573819023,2.43690397484542e-29,2.91287274205326e-16,2.71746912057455e-28,3.52857219439322e-14
"5",0.458406546820881,0.523869798053543,0.38425853583607,5.39129657069395e-07,0.19213050659372,5.09210162682455e-07,0.0157461010844512
