"","glmGamPoi (Pb)","edgeR (Pb)","limma (Pb)","glmGamPoi (cell)","Nebula","Devil (base)","Devil (mixed)"
"1",0.0851153143078078,0.140456733018777,0.143293436651617,4.84540104376025e-05,0.0912933937008428,5.23885482396896e-05,0.119649013914968
"2",0.268973044816708,0.306492955871588,0.267557656714894,5.51000097988227e-14,0.229866555657902,8.07902581123123e-14,0.337271926424475
"3",0.208820920497034,0.232427760054666,0.132641092522782,6.56851521321032e-20,2.83904527418951e-10,7.0981059378121e-20,1.13466144692305e-08
"4",0.701408509021121,0.780351493655541,0.713590568665346,0.583240034411966,0.589810123826503,0.583455119888993,0.671715843975556
"5",0.156607671787015,0.171800381538877,0.0879827785334509,1.20519064216062e-17,7.33972263569314e-05,1.8763695717768e-17,5.32746339395109e-05
