"","glmGamPoi (Pb)","edgeR (Pb)","limma (Pb)","glmGamPoi (cell)","Nebula","Devil (base)","Devil (mixed)"
"1",0.00412142899450787,0.0106187451173971,0.00761097477038357,3.9507837847048e-98,0.0192265731294458,2.93814507678017e-99,0.00605896220156446
"2",0.0817449001826216,0.135369867202167,0.0412180976005659,1.23538509589844e-10,0.0811783844174975,1.20627543304347e-10,0.0533168897423215
"3",0.174047309133119,0.226521100793438,0.253061342230081,4.45807651307234e-45,0.0445782588500514,1.89906360117399e-45,0.0862017918030862
"4",0.00519534386166105,0.0267302971069434,0.00671474902409863,7.37958227685745e-54,0.0301537582434723,1.92838201980719e-53,1.18340063572867e-05
"5",0.0510097589107786,0.0908613191024297,0.0549247217183098,2.50059268283551e-145,0.00323006879330194,4.3983473922932e-146,0.00489766316952823
