"","glmGamPoi (Pb)","edgeR (Pb)","limma (Pb)","glmGamPoi (cell)","Nebula","Devil (base)","Devil (mixed)"
"1",0.00163173646670769,0.0125072140782647,0.00425696059825984,9.52392727486249e-07,0.00353746473240283,1.07618428454276e-06,0.0199406566336547
"2",0.018264462245507,0.059813768981478,0.0419380631810217,7.91959086075773e-05,0.109679822088289,8.58160362835342e-05,0.303103576147303
"3",0.0343077996306092,0.0367822883182088,0.0271735079922576,0.129484033462732,0.0911366701464786,0.131946489630344,0.654626956528045
"4",0.246371802444404,0.349846053602438,0.0738892796024449,9.12207702099743e-05,0.173993625645398,9.90461111378766e-05,0.0687998800874925
"5",0.00149046555376045,0.0096793112162182,0.00320510040197888,0.000117222721343687,0.012087907958699,0.000130640895847047,0.261343831321371
