"","glmGamPoi (Pb)","edgeR (Pb)","limma (Pb)","glmGamPoi (cell)","Nebula","Devil (base)","Devil (mixed)"
"1",0.866853230588324,0.864090825762738,0.892771834228731,0.43251222459194,0.682375362095071,0.436642364521131,0.660204825285332
"2",0.358533855380636,0.357143627898845,0.208902904134402,0.00841929573182963,0.0157427898373246,0.00901060123197601,0.0109946099248732
"3",0.0989853437066535,0.0649675086399241,0.0395596619474232,0.00155111082811134,0.00159548982006108,0.00173688547663059,1.45407859228344e-13
"4",0.809879038663783,0.91504597517284,0.632924612649084,0.754628353274134,0.754773312355539,0.756089943206749,0.626320018340943
"5",0.100127745757128,0.231267850929254,0.21850511115841,0.00658606769396684,0.00627354455750927,0.00658979619740461,5.44064990896351e-06
