"","glmGamPoi (Pb)","edgeR (Pb)","limma (Pb)","glmGamPoi (cell)","Nebula","Devil (base)","Devil (mixed)"
"1",0.00540396744670915,0.00876942311176693,0.0119043159063708,1.07389273410316e-30,0.00211317423790882,2.69052009441285e-30,0.00394472466675233
"2",0.000292547804757276,0.00499412815067048,0.000449238268577624,1.29930286654341e-35,0.000161643231278771,3.57406765139198e-35,9.62228401342545e-05
"3",0.000142782423508908,0.000635201313473307,0.000145363322954109,2.51339765863848e-27,3.49627158555584e-06,5.89979112458318e-27,0.000186422113808346
"4",0.0334204094489692,0.0956822739996075,0.0298672916998433,1.84126218143328e-12,0.0427072987460824,2.60723059969588e-12,0.031336954540615
"5",0.0213084396342962,0.0582364411899376,0.0169447488250866,2.13888081379945e-38,0.0180585609970794,3.62302391557873e-38,0.128367433287573
