"","glmGamPoi (Pb)","edgeR (Pb)","limma (Pb)","glmGamPoi (cell)","Nebula","Devil (base)","Devil (mixed)","glmGamPoi (fixed)"
"1",0.349042347225738,0.463414809895607,0.244426472076688,3.12378870771831e-99,0.15769788657444,1.4293891425654e-98,1.08151249665158e-86,NA
"2",0.296526439985456,0.307997721553369,0.146431048156938,1.60664157786261e-135,0.0780301833775371,3.57213518143562e-135,2.27919689740707e-107,NA
"3",0.455471077269057,0.460902237500373,0.948721881007966,0.00082501725439806,0.323843550726423,0.000827887501468185,0.52017354682483,NA
"4",0.0388012762559414,0.0110581863459957,0.00893505280250382,2.94309569271347e-25,5.6433203763352e-06,1.13161953140287e-34,4.50404879590384e-55,NA
"5",0.167571224796019,0.158137465479758,0.169377231988646,3.59981928526736e-56,3.64684764134997e-53,5.97448124526353e-55,5.47332878072165e-125,NA
