"","glmGamPoi (Pb)","edgeR (Pb)","limma (Pb)","glmGamPoi (cell)","Nebula","Devil (base)","Devil (mixed)"
"1",0.105854897296691,0.0910378925343169,0.121988607858608,6.23002916494709e-54,0.177645567196982,4.698294418673e-55,0.365188624495329
"2",0.128738951249082,0.133947463493993,0.107377809426034,9.33058641000986e-59,0.00621968849591283,1.49246070391225e-58,0.0126639198535405
"3",0.0160117104647175,0.0141745205910418,0.010865197066807,2.04566326740251e-156,7.60712911504733e-13,2.87351120118638e-154,4.76593819415889e-10
"4",0.000897547668341834,0.00236220178520511,0.0165712520189403,4.14738159778356e-97,5.86760873212145e-17,5.38497845734635e-92,4.43951733864733e-11
"5",0.000114177704605732,0.000352448196882153,0.000325355008596002,4.94065645841247e-324,5.6521801295816e-306,1.06924244401277e-315,7.3705772625717e-111
