"","glmGamPoi (Pb)","edgeR (Pb)","limma (Pb)","glmGamPoi (cell)","Nebula","Devil (base)","Devil (mixed)"
"1",0.974234013451948,0.977478879588376,0.628731736286202,0.388639776946327,0.937420985323115,0.393050637245665,0.826787434999066
"2",0.26021747569548,0.307047390759187,0.240546392110921,0.619174025691402,0.614445593496856,0.618002293144102,0.514454094424508
"3",0.128380249378276,0.132011675250635,0.0491269373305571,0.0422083864180765,0.0400503820799114,0.0403593524947141,0.290423784813741
"4",0.0214701253437194,0.0281632614315668,0.0481955426841208,1.06257886468882e-08,0.00291256251911325,1.87214767581766e-07,7.47659013897233e-06
"5",0.307334188625991,0.326106113780671,0.468177695886629,0.176540937657004,0.527348197183905,0.178001886965314,0.616789100176802
