"","glmGamPoi (Pb)","edgeR (Pb)","limma (Pb)","glmGamPoi (cell)","Nebula","Devil (base)","Devil (mixed)","glmGamPoi (fixed)"
"1",0.0196528344987358,0.0598000836904702,0.00957003174652034,1.77792556075734e-10,0.00243326392634068,2.06476885196172e-10,0.0244022392595755,0.00190624055965268
"2",0.0377306322642895,0.0674602789799578,0.0576274887528751,1.26505559377341e-51,1.24839142724515e-05,5.15515301820407e-52,0.00043395060388575,6.53737350660764e-07
"3",0.000852295832232143,0.00162911874690431,0.00119001881299218,2.99783056400007e-16,8.25193369600299e-05,4.79081797759762e-16,0.000645309027932186,0.000179838990930321
"4",0.370124404408099,0.42365719341725,0.270365141602467,0.00223935459163063,0.216030290864108,0.00223990067649354,0.542539152093189,0.000515302544032636
"5",0.0163247566033349,0.0328085345699428,0.0246701756383299,3.77635452647297e-09,0.0108182186049347,4.21208288274749e-09,0.070990651827102,0.0206502173830123
