"","glmGamPoi (Pb)","edgeR (Pb)","limma (Pb)","glmGamPoi (cell)","Nebula","Devil (base)","Devil (mixed)"
"1",0.0582024655426711,0.16263100380423,0.0606560355362737,1.40657633430464e-09,0.0122210159482407,1.74273116954162e-09,0.0121315204864223
"2",0.0441613000948259,0.0963682851581213,0.0222236537542948,1.72946998589721e-32,0.0322340204759545,4.18773574550535e-32,0.100184295401781
"3",0.0665292228912027,0.1016267706206,0.0871379750523933,1.40282300678847e-09,0.0609917581970019,1.71929888058721e-09,0.13677822519331
"4",0.194559658261298,0.250608403634269,0.185912267621821,1.43223841529676e-22,0.114498572573119,3.07747908467588e-22,0.0909515182680304
"5",3.24890034241754e-05,0.000304776637754926,1.98249885895876e-05,1.10878062931506e-59,6.94796166784378e-06,4.07127650580589e-59,0.00300773566887535
