"","glmGamPoi (Pb)","edgeR (Pb)","limma (Pb)","glmGamPoi (cell)","Nebula","Devil (base)","Devil (mixed)"
"1",0.245401090366038,0.278298449064582,0.244018752531784,0.00370834530315303,0.362230266471331,0.00326657788363629,0.43160150187618
"2",0.0371382310400308,0.0385582917478147,0.0413113899895348,0.00307599539007772,0.0026480171435616,0.00276674687787983,3.80289712751895e-07
"3",0.135384955250612,0.120106607412053,0.189829945940529,0.0284830926169236,0.114136365821923,0.0268923222402553,0.127739667435487
"4",0.0922131386068952,0.0578021610059797,0.125087576054322,0.0195067058872451,0.0188460075563911,0.0189459671507771,1.71042734216996e-05
"5",0.896251682384009,0.906261993428293,0.67075110856894,0.408126825741601,0.692038567119663,0.412648753566133,0.681620821100161
