"","glmGamPoi (Pb)","edgeR (Pb)","limma (Pb)","glmGamPoi (cell)","Nebula","Devil (base)","Devil (mixed)"
"1",0.0011558779321214,0.0085280300507849,0.00250436613719384,2.28275036969265e-13,0.00204708219177241,3.42015510626164e-13,7.21276619868171e-07
"2",0.00175182293450651,0.00277812417628781,0.00139054016290711,5.8691124877311e-05,0.0177198590790411,6.1916140728707e-05,0.0611887433052547
"3",0.145784260787446,0.188641782150382,0.478613898576062,0.184331323963895,0.28146558850824,0.186825658243276,0.579116584628012
"4",0.000448259281747391,0.00165154993910971,0.000218625913485485,2.86461534433205e-08,0.0039813255557973,3.57000147215414e-08,0.0159244851402394
"5",1.33011654827625e-05,3.85600008253088e-05,9.10775638101739e-06,7.25468627484216e-06,0.000123836085369429,7.66260083525566e-06,0.0591469382651898
