"","glmGamPoi (Pb)","edgeR (Pb)","limma (Pb)","glmGamPoi (cell)","Nebula","Devil (base)","Devil (mixed)"
"1",0.0235968298943292,0.0251888181131104,0.0165667787651871,0.000341117872762848,0.434476321060912,0.000308562767446825,0.664312487325629
"2",0.25731576538985,0.309890981536732,0.259728413521444,0.000154702255709127,0.34361920105261,0.000158888533624136,0.172636985374115
"3",0.000959543634357721,0.000745842707743629,0.000639227128363282,1.28226383266452e-21,0.0164131317600406,4.92583477635808e-23,0.0765285301098172
"4",0.968809203066323,0.975910861290931,0.994035925150736,6.75005753257782e-13,0.0476153284854636,1.11216743647824e-12,0.103880675284481
"5",0.0433980087252742,0.0637737668869535,0.0473583191204299,7.77185770825259e-59,0.000410926306936251,7.29806606313995e-56,0.000206495077681559
