"","glmGamPoi (Pb)","edgeR (Pb)","limma (Pb)","glmGamPoi (cell)","Nebula","Devil (base)","Devil (mixed)"
"1",0.93607910150798,0.948040829360152,0.899000892996474,0.344757577281352,0.514040295720383,0.345080633490203,0.842293494127198
"2",0.687807198611404,0.725078399384612,0.824719338002968,0.319880646334072,0.545981831095872,0.320582938658655,0.873757448242877
"3",0.365637279765936,0.399804354635147,0.379180484052662,0.157742928666903,0.959001952965099,0.158107078749789,0.666649957765466
"4",0.0190454394385813,0.0261688651278793,0.0225259731893791,2.18061501280902e-52,1.74750226285216e-17,6.8711779492429e-52,1.45426358926858e-17
"5",0.0338543240039164,0.0789938031672152,0.0406018341470153,2.97309903141617e-119,0.000224717988796863,7.28422068321921e-117,0.00288520476408851
