"","glmGamPoi (Pb)","edgeR (Pb)","limma (Pb)","glmGamPoi (cell)","Nebula","Devil (base)","Devil (mixed)","glmGamPoi (fixed)"
"1",0.167410410338715,0.252471996553406,0.238104918402473,4.56948347816796e-16,0.119032288937526,7.06634744229453e-16,0.00365957125216012,0.00921720980512048
"2",3.89763165914064e-05,0.00011550546740058,0.000116390027761062,1.31140587375886e-38,2.38613765245112e-07,4.37758977820167e-37,2.3353645303618e-08,0.0141648702536009
"3",0.00201115524434014,0.00499611900142794,0.00225088661574142,1.97414225021489e-28,9.91998170436934e-07,1.14951785836598e-27,1.23466586165775e-08,0.00204839182541205
"4",0.0472733963381542,0.068402055545388,0.0642542181084751,1.108603334695e-09,0.000750392552538647,1.59678309314821e-09,7.44130859168483e-05,0.24297469547541
"5",9.31226890277965e-05,0.000418313482201509,0.000103440820094088,7.46553104958153e-29,4.4010812136262e-05,1.09227815253446e-27,5.92354168406016e-05,0.0479609207830745
