"","glmGamPoi (Pb)","edgeR (Pb)","limma (Pb)","glmGamPoi (cell)","Nebula","Devil (base)","Devil (mixed)"
"1",0.863286578374031,0.936108638748601,0.791310438762464,0.00392490380767871,0.284635151861303,0.00432537375322084,0.327715134365328
"2",0.233304764879686,0.267248544420487,0.359089137986494,9.70368585968357e-09,0.098810608674939,4.73998689117859e-08,0.172803279368617
"3",0.255923869428183,0.237918731886254,0.325812549933306,0.241938947172738,0.745398351359183,0.240989266462752,0.509101597071836
"4",0.205660605171571,0.253108078750647,0.218405393198375,0.466070802795837,0.778082641187858,0.467132291078755,0.70427379853738
"5",0.165020302484217,0.235579149902733,0.267477434182507,0.390147695317869,0.867602082825987,0.395309143014083,0.73289444726155
