"","glmGamPoi (Pb)","edgeR (Pb)","limma (Pb)","glmGamPoi (cell)","Nebula","Devil (base)","Devil (mixed)","glmGamPoi (fixed)"
"1",0.0435572565599148,0.0606848970841777,0.0338283385490074,3.66584829141062e-14,0.013081909684192,3.62422738945211e-14,0.0444706237598278,NA
"2",0.130653675768085,0.110690524564333,0.070516595973338,4.37868630176717e-06,0.0606910889998067,4.60721788872329e-06,0.204472594460639,NA
"3",0.145626256512023,0.171954156343222,0.127907859964902,3.08187227145877e-05,0.0211516219969014,3.24147227422105e-05,0.0210557414520677,NA
"4",0.593587728586983,0.614325572787632,0.532680072906028,0.425900943409619,0.431817310853963,0.426391484315599,0.000438263273388153,NA
"5",0.0412356149046088,0.0779287474137012,0.049905140013096,2.32920526674289e-10,2.08188417208604e-07,2.62660337710918e-10,4.92498710934238e-10,NA
