"","glmGamPoi (Pb)","edgeR (Pb)","limma (Pb)","glmGamPoi (cell)","Nebula","Devil (base)","Devil (mixed)"
"1",0.219955389813678,0.182049421014741,0.190418121722302,2.00639495641828e-10,0.856862760181261,2.66951060362496e-10,0.00511130002347392
"2",0.131555026275825,0.151324370826924,0.0714813540730711,0.425086403785479,0.433257724974691,0.428755289273584,0.00354819191547417
"3",0.135787627763861,0.178977852656396,0.0970158521372277,1.76607601740739e-10,0.813415219435192,2.27020804679896e-10,0.00186931039734123
"4",0.0447508509575275,0.0462766150677843,0.0284390114980559,0.501916625165727,0.489859384438374,0.506311664566352,0.47023493392387
"5",0.62766461907207,0.759395127936056,0.16864879715453,1.88198517393387e-82,0.636809774802535,5.21775783530261e-67,0.000327297072594718
