"","glmGamPoi (Pb)","edgeR (Pb)","limma (Pb)","glmGamPoi (cell)","Nebula","Devil (base)","Devil (mixed)"
"1",0.0233174593909566,0.026505524752861,0.0241492073320036,1.95188589915719e-10,0.0193341588300823,2.23275322578481e-10,0.0641261120571002
"2",0.0213977102244465,0.0307302127023135,0.0299562970739043,1.94202082412051e-08,0.115309552159129,2.1700512650231e-08,0.238904464477937
"3",0.351979658767983,0.380348786491584,0.344996587308168,0.180161929443458,0.646295522517879,0.180528700509133,0.628798152232091
"4",0.0730692994635782,0.0692933017745778,0.0675971687209563,2.02708482812543e-07,0.135047434715382,2.08375734095696e-07,0.30128291470701
"5",0.348825750222789,0.40349498573001,0.339104203984969,0.200432676072142,0.748484460492828,0.200826525552383,0.628648680596221
