"","glmGamPoi (Pb)","edgeR (Pb)","limma (Pb)","glmGamPoi (cell)","Nebula","Devil (base)","Devil (mixed)"
"1",0.00196855861217684,0.0104243463912642,0.000803815252858972,5.57299783966166e-146,0.00805494957746,7.23791301261806e-146,0.00642816914238318
"2",0.00113147261942549,0.00332655365931866,0.00160542005438553,1.22402629671327e-22,0.0100440446108259,1.72076814534502e-22,0.0644547365149375
"3",0.0906380441168196,0.133991856140875,0.206101652901279,4.04221799350212e-06,0.0119705108803014,4.06176246808705e-06,0.0069276707310391
"4",0.0129048802877453,0.0276535196212693,0.00859800868896434,7.9036138049974e-18,0.114447312154979,7.48793629685912e-18,0.384906041984443
"5",0.00328965334042594,0.0165769539893852,0.0288318103822615,8.70540004552141e-25,0.023962483645029,1.50853154821547e-24,0.00196069705185531
