"","glmGamPoi (Pb)","edgeR (Pb)","limma (Pb)","glmGamPoi (cell)","Nebula","Devil (base)","Devil (mixed)"
"1",0.000241585965617368,0.00160322564257235,3.68955080334149e-05,1.61166777069794e-32,0.000815027624712126,2.82881063068873e-32,0.00122975487899643
"2",0.0259249677710743,0.0350892227000574,0.0154726792859181,2.0138111519659e-20,0.0149867411598453,2.04214857363293e-20,0.0262528316887361
"3",0.0300341672036938,0.0669430382788421,0.0856218746096756,1.20435889610745e-11,0.0590897004614032,1.17884798407949e-11,0.0819856097396429
"4",0.145619426932956,0.152604353998846,0.0614855450934183,9.2970685633242e-34,0.104981502049536,7.65778041724624e-34,0.0610263163664571
"5",1.54494313099869e-06,2.44688342303541e-05,2.63512230319264e-06,3.45964461511503e-127,2.08015352488428e-06,1.75701905778744e-127,6.83686685829125e-05
