"","glmGamPoi (Pb)","edgeR (Pb)","limma (Pb)","glmGamPoi (cell)","Nebula","Devil (base)","Devil (mixed)"
"1",0.000241558606652705,0.00054341823979698,0.000149321613826047,6.32774206485755e-19,2.00173587920516e-07,5.57020687782385e-19,0.000427945500550177
"2",0.00813647754169262,0.0171832417927065,0.00411438062545574,0.0253867357351939,0.0193554735155011,0.0253857837007767,0.781229975621188
"3",0.0029010898207677,0.00710200952817758,0.00253492476390627,7.612410797741e-05,0.0104749047719857,7.57493259094022e-05,0.309717784534054
"4",0.434399515608021,0.481424474236873,0.726507259859699,2.04559910120845e-31,0.525405915612965,5.23351075921136e-32,0.0597075277563975
"5",1.36593319813972e-05,0.000283199326068888,7.23354474575565e-06,3.61485884100746e-39,5.23325065277096e-10,7.38427970949635e-39,3.04873174146747e-09
