"","glmGamPoi (Pb)","edgeR (Pb)","limma (Pb)","glmGamPoi (cell)","Nebula","Devil (base)","Devil (mixed)","glmGamPoi (fixed)"
"1",0.0210124383980796,0.0719285574838281,0.00776877416114722,1.07470054340918e-47,3.94582697318247e-07,4.60023236923857e-47,2.34447777879091e-07,0.000682639205139396
"2",0.00129911086180373,0.0042179499585524,0.00114445537877785,9.82339336753288e-62,1.54352125823648e-11,1.37981652422202e-60,1.9897795693977e-07,4.04359144303326e-05
"3",0.794691403360217,0.819975555724843,0.576812825562156,2.83659741201722e-21,0.00162106431965224,3.899243812515e-21,0.00425289097592751,0.0106306360171768
"4",0.0138217928596455,0.0174435893933121,0.030824940744003,1.2934205403897e-52,0.00422681810624204,3.64810423018543e-51,0.000377985715496754,0.00282051767552339
"5",0.0018403438014275,0.00360914973778313,0.00234018309677437,3.11053007105546e-33,0.000209171833213006,1.77110742002318e-32,0.000792559481850144,0.00237629435848989
