"","glmGamPoi (Pb)","edgeR (Pb)","limma (Pb)","glmGamPoi (cell)","Nebula","Devil (base)","Devil (mixed)"
"1",0.00321314030943989,0.00734019043632693,0.00346350960453589,7.28258464588847e-06,0.000200993831001892,7.37171484388603e-06,0.000248062487103633
"2",0.0157377781487925,0.0335475084550384,0.0113433224329487,3.95002570888765e-10,0.0236062979211475,5.16984335291141e-10,0.0117482907500356
"3",0.0872774900589702,0.17145879496031,0.0898862220846861,5.73876449205506e-08,0.123978883212737,7.18420819184453e-08,0.115222450698406
"4",0.244933375781954,0.272328385343172,0.171831819395061,0.092210815727444,0.115371759020812,0.0944424889929811,0.336967070953783
"5",9.59251204355577e-05,0.00266058473806928,5.61027650577062e-05,4.00198830089324e-18,7.86368572282581e-05,6.48353836937838e-18,4.18492444513816e-06
