"","glmGamPoi (Pb)","edgeR (Pb)","limma (Pb)","glmGamPoi (cell)","Nebula","Devil (base)","Devil (mixed)"
"1",0.786611140496084,0.804450318033829,0.643361264754788,8.50886793649326e-05,0.769501209386617,7.30766313332438e-05,0.686415546919921
"2",0.541007470202996,0.580331934439021,0.850710293614999,6.41145311680733e-05,0.936024281324389,7.15208059688006e-05,0.535473178185724
"3",0.0489981488428812,0.115314251050427,0.0727719624771726,1.02754501449957e-166,0.044254660644314,2.06934776143155e-148,0.000617777154824621
"4",0.743318530334211,0.707260207904831,0.774315581852473,0.000581988618209152,0.931837754403019,0.000588102747568562,0.495218462606264
"5",0.800618281326455,0.811769011026624,0.714544193306357,0.265250097798903,0.96444946481537,0.264599884029345,0.792443142728027
