"","glmGamPoi (Pb)","edgeR (Pb)","limma (Pb)","glmGamPoi (cell)","Nebula","Devil (base)","Devil (mixed)"
"1",0.00158654103939597,0.00270927100492545,0.00123800880255064,1.87828133640105e-20,0.00183357989829896,2.44609807207915e-20,0.00841901548758403
"2",0.276324879933795,0.361436168315025,0.293505805777464,0.507826595714588,0.239159197175903,0.508054061117886,0.72593597187279
"3",0.00489008372505693,0.0079010063478616,0.00329906769126279,3.68390027650669e-23,4.39774588234429e-07,3.72098646016568e-23,1.496960637707e-09
"4",0.0274903214817286,0.0125993535262336,0.0134325519968031,8.25805710180464e-05,0.13363548301633,8.40080203975279e-05,0.51067953496361
"5",0.0035293224859665,0.00205968792817672,0.00853625780620838,5.27310076943594e-07,0.0108684449960992,6.76495868362708e-07,0.0322858345860228
