"","glmGamPoi (Pb)","edgeR (Pb)","limma (Pb)","glmGamPoi (cell)","Nebula","Devil (base)","Devil (mixed)"
"1",0.219955389813679,0.182049421014741,0.190418121722302,2.00639495633796e-10,0.856862760181261,2.26712903090551e-10,0.00462567975023962
"2",0.131555026275826,0.151324370826924,0.0714813540730719,0.425086403785699,0.433257724974691,0.42514957285354,0.00672693048562222
"3",0.13578762776386,0.178977852656396,0.0970158521372274,1.76607601743993e-10,0.813415219435192,1.89259323922742e-10,0.00157020096146323
"4",0.0447508509575281,0.0462766150677844,0.0284390114980556,0.501916625166706,0.489859384438374,0.502002987329019,0.461313022718103
"5",0.62766461907207,0.759395127936056,0.16864879715453,1.88198517690704e-82,0.636809774802535,3.05806079808837e-67,0.000293479182693914
