"","glmGamPoi (Pb)","edgeR (Pb)","limma (Pb)","glmGamPoi (cell)","Nebula","Devil (base)","Devil (mixed)","glmGamPoi (fixed)"
"1",0.245401090366149,0.278298449064582,0.244018752531783,0.00370834530450769,0.362230266471331,0.00326687309778442,0.431584001222226,NA
"2",0.0371382310402033,0.0385582917478147,0.0413113899895344,0.00307599539577405,0.0026480171435616,0.0027337441488091,3.72058644961337e-07,NA
"3",0.135384955250938,0.120106607412053,0.189829945940527,0.0284830927173094,0.114136365821923,0.0272760618849749,0.128273586901218,NA
"4",0.092213138607267,0.0578021610059797,0.125087576054321,0.0195067059029057,0.0188460075563911,0.0193194393798543,1.85714229013641e-05,NA
"5",0.896251682384093,0.906261993428293,0.670751108568944,0.408126825833905,0.692038567119663,0.414562209828723,0.682583703644924,NA
