"","glmGamPoi (Pb)","edgeR (Pb)","limma (Pb)","glmGamPoi (cell)","Nebula","Devil (base)","Devil (mixed)"
"1",0.375392973806993,0.412894411088077,0.465576267096387,0.000785304063090047,0.493506450492306,0.000795495564827657,0.458099674119492
"2",0.558471911693766,0.472881206637208,0.679078288932714,0.000145581965690944,0.461850430739457,0.000172280178635847,0.282600736977689
"3",0.0395712832612291,0.09193304088941,0.0772595736766261,0.000512308939427111,0.0886433265187461,0.000514900820949338,0.24932201261864
"4",0.0800645597352209,0.138517155527563,0.0512902929442807,2.09120722109339e-07,0.0318955936405664,2.30740036864527e-07,0.078654368993726
"5",0.444536665791913,0.503430646957189,0.461431039386207,0.0311526040453557,0.362812538770846,0.0313770868827212,0.488388680148265
