"","glmGamPoi (Pb)","edgeR (Pb)","limma (Pb)","glmGamPoi (cell)","Nebula","Devil (base)","Devil (mixed)"
"1",0.469283667963966,0.489784155095045,0.55683580113943,1.19771845032148e-09,0.760015307211657,8.26456129161208e-10,0.342238448370107
"2",0.114082380934215,0.126759597736445,0.108898671257581,0.000106860453655601,0.246796679116415,0.000114483474417606,0.273998783968215
"3",0.0019989049751557,0.00718121560113344,0.00470821855534141,0.0510057022452965,0.0523294058958927,0.0514012173136677,0.286303885822383
"4",0.0986436201005669,0.121921425798126,0.142708733315848,0.0563631645199624,0.219308586015263,0.0570391635448405,0.206311604458802
"5",0.00752172442283129,0.00763980396845193,0.00404702148783992,7.25028184026885e-10,0.0332944402541121,8.09786418728054e-10,0.00435135964722688
