"","glmGamPoi (Pb)","edgeR (Pb)","limma (Pb)","glmGamPoi (cell)","Nebula","Devil (base)","Devil (mixed)"
"1",0.00368635177920372,0.0172352540789648,0.00223938882026779,1.18472210442903e-21,0.00154275079064923,1.73737621371196e-21,0.000471459644831041
"2",0.00239126819771843,0.013500906899723,0.00415656745227486,1.06093123853491e-07,0.00373883228625368,1.22538600952944e-07,0.0194559184677915
"3",0.014985021190445,0.0284067869152093,0.0101287583536195,1.8922716733042e-29,0.0699220542869232,2.77912184665737e-29,0.0825671480908509
"4",0.727070258595027,0.724565866304306,0.938397453896866,0.32906225018352,0.662007675568243,0.329295408471392,0.805504024172413
"5",9.47676655652575e-05,0.00026124950222814,5.28872395933174e-05,4.32565360071474e-26,0.000598264975951132,9.13482498523559e-26,0.0141079902450264
