"","glmGamPoi (Pb)","edgeR (Pb)","limma (Pb)","glmGamPoi (cell)","Nebula","Devil (base)","Devil (mixed)"
"1",0.000289688768914345,0.000876089801460301,7.89649501223383e-05,8.71632401454129e-51,1.89411577865164e-06,6.16118361435184e-51,4.74380894983343e-06
"2",9.61761861248614e-05,0.0006767453955408,5.49344736725956e-05,2.20684960063976e-55,5.7280864328455e-06,1.60997259071461e-55,0.000160309338382565
"3",0.00250503545166108,0.00621825236785245,0.00502284401733279,3.3888451046042e-78,0.00021928064620768,2.10109833795409e-79,0.00645838543960306
"4",4.77891747958456e-06,0.00237282772796536,9.5925390279852e-06,1.82279943980107e-196,2.63124922481999e-06,1.19693409334496e-204,0.000330377555268956
"5",0.0283630776469588,0.0607607320434891,0.0158777923735085,4.55727537651684e-14,0.00024865734293748,4.47201513833444e-14,0.00648922188183242
