"","glmGamPoi (Pb)","edgeR (Pb)","limma (Pb)","glmGamPoi (cell)","Nebula","Devil (base)","Devil (mixed)"
"1",0.0832682678476899,0.0872061422587364,0.165910016997519,0.857454477502024,0.891393601664606,0.857554321770463,0.906483512133129
"2",0.514838604531119,0.535680105663421,0.678596390080905,0.124060725253369,0.296602834378327,0.133845155996819,0.626279517676603
"3",0.549261198978038,0.604852952507267,0.566522514105799,0.00195460263257582,0.250962629790856,0.00269779285138469,0.641955798022792
"4",0.0320825219120428,0.0398539565035721,0.110412638272562,0.562952833503252,0.558570347818366,0.559564146595532,0.747862508640845
"5",0.474377757786821,0.493642298507943,0.570831141591955,0.12140818007358,0.264277076930367,0.130322446197336,0.520687804339093
