"","glmGamPoi (Pb)","edgeR (Pb)","limma (Pb)","glmGamPoi (cell)","Nebula","Devil (base)","Devil (mixed)"
"1",0.00106058301313815,0.00786157703874346,0.000974528201971976,1.31641800493196e-36,0.018832745677385,1.70701062810996e-36,0.0256751983988563
"2",0.00283523799738563,0.0123944376821333,0.0029436700321796,1.6212223604695e-44,0.0460069174331053,1.86021126890831e-44,0.0930559787036591
"3",0.0134020750958458,0.0347632747036196,0.0130267291073659,3.28816509349269e-55,0.0909142701438796,3.20480863108856e-55,0.113981077071067
"4",5.25286792386349e-05,0.000524052693342401,4.11035176956945e-05,1.17049790272837e-145,0.000194984397743777,2.91825010480954e-145,0.001072358533594
"5",0.000253398312783328,0.00140256456062383,0.000398870413096959,2.51870200490748e-61,0.00439755541534275,1.02841743480162e-60,0.00146933081601127
