"","glmGamPoi (Pb)","edgeR (Pb)","limma (Pb)","glmGamPoi (cell)","Nebula","Devil (base)","Devil (mixed)","glmGamPoi (fixed)"
"1",0.44078321408877,0.477026442249249,0.494078322541888,1.67678611135429e-11,0.115008656271944,1.90111816881473e-11,0.156614782326053,NA
"2",0.47733176629339,0.560925492893241,0.538176106229202,0.000284470657650837,0.000311995830474246,0.000295157175399591,5.79568591905561e-05,NA
"3",0.0742008113366105,0.104473246225701,0.074074776042783,7.48251522294165e-40,0.00819629669663445,2.06824015644977e-39,0.022098217510954,NA
"4",0.119923795965145,0.137685490085139,0.0951221173625064,2.0596473017928e-34,0.0562732462500445,4.14374262540679e-34,0.0932296233040052,NA
"5",0.454455136797525,0.488536906023392,0.347025696744417,2.71624831683982e-05,0.540693791558069,2.87150587922233e-05,0.605584296645499,NA
