"","glmGamPoi (Pb)","edgeR (Pb)","limma (Pb)","glmGamPoi (cell)","Nebula","Devil (base)","Devil (mixed)"
"1",0.00109342511259809,0.00471036430300509,0.00323726742037643,9.27253356588428e-33,0.011442755394648,1.08665359252047e-32,0.0508712742362021
"2",0.0210550252602483,0.0418452088859574,0.0193553190583406,7.43058214462346e-07,0.140738355776715,7.80151533475981e-07,0.123483146481457
"3",0.0305676112978103,0.0542182055102955,0.0296267824231725,4.14884416280095e-06,0.139095323245964,4.37059809384275e-06,0.0852627209184681
"4",0.00391265070890122,0.011237072327101,0.00242629952408992,9.17976545479455e-41,0.00057683578623793,1.14971175235303e-40,0.00114554462972491
"5",3.98644672013236e-05,0.000550074732540158,5.82496048839079e-05,4.71804403153795e-25,0.00186674969783179,6.08300766897827e-25,0.00629954202610891
