"","glmGamPoi (Pb)","edgeR (Pb)","limma (Pb)","glmGamPoi (cell)","Nebula","Devil (base)","Devil (mixed)"
"1",0.00041108196906055,0.0016220549651018,0.00109401922686042,2.99862695750133e-10,0.000514114765150245,3.7187701621227e-10,0.000278953243312493
"2",0.0383531639606467,0.0642543336683563,0.108301200651546,3.31520435909496e-11,0.0174443340991029,3.8098052815411e-11,0.0287560339405054
"3",0.000294591687325261,0.00424475805395062,0.000479396245166652,2.49259575322125e-06,0.00487972644434527,2.51200977214119e-06,0.111946795771685
"4",0.333549566068801,0.383945946924254,0.388965093154249,0.120243075820007,0.415012175168918,0.120960290740824,0.653466469161284
"5",0.133680622606848,0.193843470263855,0.128114332575948,0.0279245292920716,0.13906727799388,0.0282965240491137,0.292613092128719
