"","glmGamPoi (Pb)","edgeR (Pb)","limma (Pb)","glmGamPoi (cell)","Nebula","Devil (base)","Devil (mixed)","glmGamPoi (fixed)"
"1",0.0120781309339828,0.0247883223245331,0.0166747695398016,0.000216698484544428,0.11381605082302,0.000231000274437819,0.102341360323632,NA
"2",0.0787151042443265,0.116675595079736,0.0687029635782721,0.00107137633273874,0.0865230908296874,0.00110576785674418,0.0608488683399446,NA
"3",0.012780532047818,0.0843039651928899,0.0247496260099194,0.00104713208252788,0.267752948253915,0.0010765627545731,0.135981872943107,NA
"4",0.00439968193096779,0.0367834964444443,0.0528748034546962,4.47638823290424e-09,0.253856178516292,5.20440265597918e-09,0.0631454248433824,NA
"5",0.305064090748366,0.51185659991328,0.429781614594425,0.0009932324511586,0.751281395850314,0.00105179098181599,0.130097842857661,NA
