"","glmGamPoi (Pb)","edgeR (Pb)","limma (Pb)","glmGamPoi (cell)","Nebula","Devil (base)","Devil (mixed)"
"1",0.024756766708746,0.0330312724197918,0.0136761721689506,1.25619040577843e-10,0.126677557931992,1.36538765343055e-10,0.225119393742034
"2",0.00217936608651526,0.0104958107540282,0.0048552926044887,2.02744553701592e-17,0.0566431191179132,2.30199768385355e-17,0.204324333700104
"3",0.00714145516991522,0.0597160818506002,0.0291768640803485,0.000112291921183713,0.267247696926755,0.00011474004366868,0.357569749332155
"4",0.0893587775766059,0.147371031662692,0.470432538577549,2.05847964358119e-08,0.409588262384114,2.18814035087158e-08,0.260602454405842
"5",0.0183436948465601,0.0553660403155511,0.026648443569759,1.25486837200649e-36,0.0686188941931954,1.58937172603925e-36,0.00788598395331617
