"","glmGamPoi (Pb)","edgeR (Pb)","limma (Pb)","glmGamPoi (cell)","Nebula","Devil (base)","Devil (mixed)"
"1",0.0036121503655184,0.0119384659001622,0.00299074494661289,8.67374980267395e-75,0.000846593587578195,1.13487348105489e-74,0.0169886341508986
"2",2.92298005847801e-05,0.000346460968396788,4.95543429355341e-05,2.31344961810872e-56,0.000677592099077653,2.63079470965133e-56,0.106366277357894
"3",0.400832537605316,0.44495004263239,0.136533037590047,7.75892704495572e-59,0.141619084526853,1.38238958478661e-59,0.0498609244614278
"4",0.0432682272610836,0.0344691134489799,0.0768809473154873,9.22828638830461e-34,0.0407812914476566,1.4670493293626e-36,0.0542281965948563
"5",0.0142660896963707,0.0177657498471809,0.0593464342931732,3.55878442323714e-30,0.00637949449157041,5.69175983730837e-30,0.11162511747384
