"","glmGamPoi (Pb)","edgeR (Pb)","limma (Pb)","glmGamPoi (cell)","Nebula","Devil (base)","Devil (mixed)"
"1",0.0582024655426933,0.16263100380423,0.0606560355362691,1.40657633321988e-09,0.0122210159482407,1.44686242740159e-09,0.011744581501864
"2",0.0441613000948323,0.0963682851581213,0.022223653754299,1.72946998417142e-32,0.0322340204759545,3.14126274086438e-32,0.0995220902116643
"3",0.0665292228912155,0.1016267706206,0.0871379750523942,1.40282300610989e-09,0.0609917581970019,1.81449542015126e-09,0.137318646032185
"4",0.194559658261305,0.250608403634269,0.185912267621818,1.43223841315282e-22,0.114498572573119,3.38652593217853e-22,0.0912627039964842
"5",3.24890034242006e-05,0.000304776637754928,1.98249885895863e-05,1.10878063053503e-59,6.94796166784378e-06,2.07263615968658e-59,0.00293417266245766
