"","glmGamPoi (Pb)","edgeR (Pb)","limma (Pb)","glmGamPoi (cell)","Nebula","Devil (base)","Devil (mixed)"
"1",0.089432973821039,0.172744333876093,0.187137980532878,0.0381006730905787,0.105660415678248,0.0380058653203287,0.726415823378692
"2",0.272590111076171,0.301134888500363,0.251666179431124,0.0113383244374249,0.178158622094689,0.0112933609212879,0.700411645071999
"3",0.0530193173418521,0.071749086911994,0.0474166204163165,2.55125422836451e-05,0.0545550343115161,2.36507259963556e-05,0.412713163711347
"4",0.00856937047628963,0.023388667287621,0.00917038529513397,4.81860820854234e-07,0.00946184609128971,4.82676501531803e-07,0.431375218035054
"5",1.6383411347759e-06,2.13163120479271e-05,2.29238746632826e-06,5.38474977019087e-23,1.04711018337573e-05,5.19689202198214e-23,0.103202305908781
