"","glmGamPoi (Pb)","edgeR (Pb)","limma (Pb)","glmGamPoi (cell)","Nebula","Devil (base)","Devil (mixed)"
"1",0.0210234617702175,0.0321327602639882,0.0356969105868136,4.39475031265252e-40,6.99796382312873e-10,2.8778641972166e-38,2.79512842861151e-11
"2",0.116477025823177,0.164247614919391,0.0968236867287976,7.69661991929929e-73,0.168629564897695,6.55775371931365e-71,0.0261443250757196
"3",0.520267661547379,0.568868529294599,0.441168165434932,1.29389661881339e-20,0.0828380587013959,3.87197840287513e-20,0.0031814633388412
"4",0.119949520531028,0.156230583823605,0.0918192560060445,1.0073404493701e-30,0.120107453777823,4.04445557075931e-29,0.0125393194386045
"5",0.0927651091021918,0.128399579716609,0.0705368616295346,1.44098801659193e-44,0.0736698579440895,2.46119743814638e-43,0.00767466030670519
