"","glmGamPoi (Pb)","edgeR (Pb)","limma (Pb)","glmGamPoi (cell)","Nebula","Devil (base)","Devil (mixed)"
"1",0.920480259260987,0.940988158060524,0.786536453495068,0.440012083912607,0.662752648868244,0.440419368055167,0.885488193718833
"2",0.686293403601578,0.682894046133297,0.699186280078219,0.93575587118312,0.955983947026273,0.935832536488645,0.965232439304214
"3",0.853468198476156,0.868746058991189,0.964877932173068,0.918917454101454,0.528689851362461,0.919017514315274,0.989423974482728
"4",0.322049186799666,0.40003200782459,0.295755660643739,0.0105795676584142,0.428932246066998,0.0106270145393819,0.713505802006909
"5",0.489573246979587,0.489719251809854,0.430450657178917,0.0435314162735511,0.572423342954074,0.0436987836206757,0.441220696064613
