"","glmGamPoi (Pb)","edgeR (Pb)","limma (Pb)","glmGamPoi (cell)","Nebula","Devil (base)","Devil (mixed)"
"1",0.000414402834601188,0.00199071821609174,0.000390697251688985,8.75150084912231e-49,0.0129781059621892,5.42014718933255e-48,0.042015325561667
"2",0.000293355106641414,0.00373254619069911,0.000435423447217974,3.83785084793976e-106,0.0324131278924183,4.0959176603824e-106,0.021946600404987
"3",0.0155703786664498,0.0244596832211692,0.0349713638585174,9.41715016711178e-19,0.00519337876698239,1.84387921006872e-18,0.0395247703886134
"4",0.0337435937295739,0.0485119462287208,0.0442269999097992,7.54193414632038e-23,0.135585317147908,7.88330967503283e-23,0.299295069769238
"5",2.63723632572109e-05,0.000172797846524644,3.41269043223685e-05,2.83984199874117e-195,0.00244866214493097,2.5469276413202e-194,0.00211344128156924
