"","glmGamPoi (Pb)","edgeR (Pb)","limma (Pb)","glmGamPoi (cell)","Nebula","Devil (base)","Devil (mixed)"
"1",0.0601735103077015,0.139651184785243,0.164663002789577,7.81236314383133e-06,0.0323753256334224,7.90618309127528e-06,0.114149585453413
"2",0.0106747489772431,0.0276362141314346,0.0037403039825396,2.41402818968445e-25,0.0180243161952889,2.90381588156196e-25,0.0135285699190733
"3",0.0240114804709197,0.0930460351960094,0.0469422891388241,2.02418495644773e-13,0.0042599943456817,2.5362504630017e-13,0.00220266723464893
"4",0.00780385921619347,0.0251330991954503,0.029093298801974,2.19484063158122e-10,0.000619182941396636,2.22353822533276e-10,0.077931043249079
"5",0.103127808481773,0.174785733213867,0.183068963227536,1.03708200130337e-07,0.0712137071834492,1.10310928984466e-07,0.058291362879085
