"","glmGamPoi (Pb)","edgeR (Pb)","limma (Pb)","glmGamPoi (cell)","Nebula","Devil (base)","Devil (mixed)","glmGamPoi (fixed)"
"1",0.00572071154958871,0.0153607551521308,0.0100406381233612,6.03833148666241e-58,4.00057263726747e-06,3.18147178998839e-57,2.14676386245169e-07,NA
"2",0.00188908881991282,0.00228911833276602,0.00175155832863293,2.2682445614884e-26,4.77813480473258e-06,6.41922530124478e-28,1.15409690458196e-08,NA
"3",0.000932364888879778,0.00677397929332975,0.000659575284338396,5.50772402394505e-64,3.93241014776148e-08,5.40793079333839e-63,1.13007688252153e-08,NA
"4",9.99453914817341e-06,0.000559007692235578,1.16774087480564e-05,1.56418073962234e-60,1.53725346136082e-12,1.67570495863317e-59,1.35866097398831e-15,NA
"5",0.755020663515912,0.774925771826363,0.581669889369766,7.75829063656623e-06,0.449117250832699,7.994713843633e-06,0.408308522172536,NA
