"","glmGamPoi (Pb)","edgeR (Pb)","limma (Pb)","glmGamPoi (cell)","Nebula","Devil (base)","Devil (mixed)"
"1",0.103826294241968,0.10806378295752,0.0984956686892773,8.52192798420432e-16,0.102790963436782,2.59598769711557e-15,0.070499304933129
"2",0.0290501979895267,0.0389517997059948,0.0114961238837566,4.66719248177526e-70,0.00733326119581505,1.63813337572872e-67,0.00229465981929897
"3",0.525173709475677,0.625677421003176,0.249301718330125,0.572482131043437,0.575299247917956,0.580393161701351,0.506872754400258
"4",0.0209381853770091,0.0142213022100015,0.0166802593389682,1.70402402201606e-21,0.00201974945549,1.34015811505513e-20,0.00187918700789653
"5",0.269522353908229,0.341892457551824,0.240483170876694,1.41667837585444e-59,0.121677970405125,6.34116410532255e-58,0.00236471140263144
