"","glmGamPoi (Pb)","edgeR (Pb)","limma (Pb)","glmGamPoi (cell)","Nebula","Devil (base)","Devil (mixed)"
"1",0.465170934301115,0.429308109444402,0.457966284121599,0.0200744615827721,0.398387896695517,0.0198804880860649,0.465238426475011
"2",0.0164048484589107,0.0345325990589181,0.035431615619459,1.47079567104891e-12,2.33807975882718e-12,2.251742982767e-12,2.85990765569099e-17
"3",0.1559605318706,0.142765846510461,0.0927053444227705,1.96550833488811e-55,2.66417379027996e-07,5.6214913071532e-55,4.11609183136503e-06
"4",0.333750760143921,0.30179351625542,0.864270615958729,0.00228616006491174,0.285407899498717,0.0022902874967003,0.796268585419372
"5",0.0376878096120467,0.0339197357901718,0.0629214476630775,9.12333296249251e-31,0.00162424016769974,1.06645335049677e-30,0.0120689860922796
