"","glmGamPoi (Pb)","edgeR (Pb)","limma (Pb)","glmGamPoi (cell)","Nebula","Devil (base)","Devil (mixed)"
"1",0.0728042840795419,0.0986190656404643,0.101946271278657,0.000169527534698582,0.00896896152694567,0.000164730503168362,0.0315729414398321
"2",0.0357885783875751,0.0452643236552951,0.0498678257212298,1.82314143056305e-40,0.00245808900622909,1.07381029819082e-40,0.02495818131663
"3",0.00223583890059802,0.0027361515833834,0.00483446266532785,2.21121143223898e-36,1.59253584651871e-08,1.69824908713623e-35,1.05278390516215e-15
"4",0.138360414143121,0.159557393039756,0.191417125621952,0.000365161278404034,0.0526689430356297,0.000354726804197675,0.16362996884314
"5",0.00513674728561492,0.0107553883103241,0.00634938501552042,6.06389455999707e-15,1.0705470826504e-14,7.9110286685005e-15,7.55565877616827e-58
