"","glmGamPoi (Pb)","edgeR (Pb)","limma (Pb)","glmGamPoi (cell)","Nebula","Devil (base)","Devil (mixed)"
"1",0.0485665047790862,0.0595214228339649,0.0700744862879035,0.000276455205440575,0.0944051909110157,0.000269324248518648,0.0837598080339702
"2",0.00180425786048277,0.00483726953243983,0.0024818046906939,8.46350549958407e-06,0.00884279212458367,8.18947668387886e-06,0.0244103214197033
"3",0.00379423260169,0.0193015099325183,0.00172002935737568,2.66330837592235e-97,0.0138348012420282,4.35954035163418e-97,0.000265626528232918
"4",0.00928867575628646,0.0270075244107369,0.0298563702619124,6.07424158781121e-40,0.0102574137620846,3.67203341621768e-40,0.0346731004317005
"5",0.194241993012109,0.244964797858265,0.359140174050371,0.215509467147698,0.565673439693791,0.21590647343077,0.870421362701436
