"","glmGamPoi (Pb)","edgeR (Pb)","limma (Pb)","glmGamPoi (cell)","Nebula","Devil (base)","Devil (mixed)"
"1",0.0609325527389192,0.068304691715103,0.0416197763967341,1.00061273819547e-06,0.000514363745423129,1.37876391968141e-06,0.00175698403509496
"2",0.554769935977269,0.58569793175608,0.676384797376376,0.242262224066047,0.240814056245956,0.244433741115233,0.20184778542165
"3",0.0713767275274371,0.101538772945784,0.0650574282600514,1.45144340655571e-05,0.00594960485151941,1.54435983169625e-05,0.0214941259248763
"4",0.0651380408960027,0.088506819236343,0.0729529613908268,0.00013290343728267,0.027609392523855,0.000150724343802793,0.0808949009624283
"5",0.0700321214525405,0.0681638184420324,0.0722772218392331,0.000151373756230511,0.0829969046580485,0.000167580041222698,0.206549982620375
