"","glmGamPoi (Pb)","edgeR (Pb)","limma (Pb)","glmGamPoi (cell)","Nebula","Devil (base)","Devil (mixed)"
"1",0.0486568249632805,0.0552263353202596,0.0281141845240562,9.25839351838338e-06,0.0130769824173131,1.01134055267291e-05,0.00449364395517358
"2",0.155171861381956,0.135940634164868,0.118584006035908,0.0581136363365118,0.0593461815290104,0.0596336414490407,0.00253845680709338
"3",0.0849248787067122,0.108225669521847,0.096364628398451,0.0457611584033607,0.0466326903980386,0.047848189518433,2.6532474100774e-08
"4",0.155096213941296,0.140178745086838,0.182143693025222,0.0788559903249341,0.0799905180435885,0.0807242594433108,0.0235768823467096
"5",0.0844585612452384,0.123474427225868,0.0575047146781178,1.06569769764168e-05,1.02312175070879e-05,1.21326252582934e-05,0.000745547325754478
