"","glmGamPoi (Pb)","edgeR (Pb)","limma (Pb)","glmGamPoi (cell)","Nebula","Devil (base)","Devil (mixed)","glmGamPoi (fixed)"
"1",0.465170934301107,0.429308109444402,0.457966284121591,0.0200744566033285,0.398387896695517,0.0203636164919365,0.466447502032725,NA
"2",0.0164048484589084,0.034532599058918,0.0354316156194581,1.47079073649814e-12,2.33807975882718e-12,2.46272193288478e-12,2.68760026948752e-17,NA
"3",0.155960531870607,0.142765846510461,0.0927053444227681,1.96554875766837e-55,2.66417379027996e-07,5.03722024583228e-55,4.09654455811834e-06,NA
"4",0.333750760143925,0.30179351625542,0.864270615958711,0.00228616533546854,0.285407899498717,0.0022708167377516,0.79612120200169,NA
"5",0.0376878096120467,0.0339197357901717,0.062921447663079,9.12309771122828e-31,0.00162424016769974,1.03022072846029e-30,0.0120543098950061,NA
