"","glmGamPoi (Pb)","edgeR (Pb)","limma (Pb)","glmGamPoi (cell)","Nebula","Devil (base)","Devil (mixed)"
"1",0.282601724123536,0.379802440682772,0.381234529792893,1.26073815431065e-13,5.0299845162414e-08,1.51051768158334e-13,5.78271917702481e-06
"2",0.586908003841059,0.641690467242246,0.581999449018864,3.31997400437436e-11,0.144058182648321,3.53403259736514e-11,0.208398463263376
"3",0.434604490757987,0.527738586335216,0.476132942081573,1.54632087279349e-32,0.0830175889016117,2.12043903226307e-32,0.140464933652172
"4",0.899659935073239,0.914969611013252,0.990791965699027,9.05479252441658e-05,0.193650519727064,9.16930227623496e-05,0.200549719309342
"5",0.422853868430107,0.509819081283931,0.448352385562045,9.95082780496041e-34,0.104454087407923,1.2706655022388e-33,0.166074717960318
