"","glmGamPoi (Pb)","edgeR (Pb)","limma (Pb)","glmGamPoi (cell)","Nebula","Devil (base)","Devil (mixed)"
"1",0.089432973821039,0.172744333876093,0.18713798053288,0.0381006730357296,0.105660415678248,0.0373849224456327,0.725634738617007
"2",0.272590111076171,0.301134888500363,0.251666179431149,0.0113383244365778,0.178158622094689,0.0110145172492521,0.699530603604825
"3",0.0530193173418521,0.071749086911994,0.0474166204163145,2.5512542276231e-05,0.0545550343115161,2.28303229487236e-05,0.411726207572836
"4",0.00856937047628965,0.023388667287621,0.00917038529513418,4.81860820751895e-07,0.00946184609128971,5.14372653902655e-07,0.432194063313685
"5",1.6383411347759e-06,2.13163120479271e-05,2.29238746632842e-06,5.38474976600711e-23,1.04711018337573e-05,6.2626235781463e-23,0.10364824269358
