"","glmGamPoi (Pb)","edgeR (Pb)","limma (Pb)","glmGamPoi (cell)","Nebula","Devil (base)","Devil (mixed)","glmGamPoi (fixed)"
"1",0.679727088993118,0.641988621528132,0.526148962998446,0.951250907053109,0.934688538806414,0.951351820268596,0.930346006217632,NA
"2",0.487218902586389,0.551261983870151,0.552525188873167,0.00190210038515959,0.0664218980428428,0.00185977646151204,0.190118089357556,NA
"3",0.0596583639538206,0.089384515582527,0.133502440235296,2.12380641201851e-08,2.29742428962323e-08,2.30415779773468e-08,9.0949305313002e-05,NA
"4",0.235533600727528,0.284992192176876,0.364200106774799,1.28909512168635e-13,0.00870973873182339,7.76496467778425e-14,0.0154003102635689,NA
"5",0.818047918875389,0.848603629708166,0.877281938899026,0.0970132065397219,0.155237402386186,0.0964667815390367,0.157043511035971,NA
