"","glmGamPoi (Pb)","edgeR (Pb)","limma (Pb)","glmGamPoi (cell)","Nebula","Devil (base)","Devil (mixed)"
"1",0.000414402834601186,0.00199071821609175,0.000390697251688999,8.75150081514875e-49,0.0129781059621892,3.32700020329968e-48,0.0415862533987297
"2",0.000293355106641413,0.00373254619069912,0.000435423447217965,3.83785082157936e-106,0.0324131278924183,2.79327211952152e-106,0.0218255846918053
"3",0.0155703786664498,0.0244596832211692,0.0349713638585183,9.41715015695397e-19,0.00519337876698239,1.36691253388713e-18,0.0385375185402785
"4",0.0337435937295739,0.0485119462287208,0.0442269999098004,7.54193413211406e-23,0.135585317147908,8.78616667779701e-23,0.299717148557907
"5",2.63723632572108e-05,0.000172797846524644,3.41269043223679e-05,2.83984198770462e-195,0.00244866214493097,1.70571921868697e-194,0.00210080812316678
