"","glmGamPoi (Pb)","edgeR (Pb)","limma (Pb)","glmGamPoi (cell)","Nebula","Devil (base)","Devil (mixed)"
"1",0.891168292232735,0.88666855502168,0.78049047958046,0.122600958428915,0.959206101787705,0.124947502924152,0.173985917616011
"2",0.960697655319656,0.97549013658544,0.73134653296676,0.413518212329116,0.423590422941858,0.412364068613818,0.420678525727357
"3",0.441716722977905,0.576483207972614,0.385001812489307,0.230003580915467,0.234931011986821,0.231825304643506,0.0888719245020355
"4",0.860122072051691,0.892086457111831,0.732462397969111,0.498280243900033,0.862992573571098,0.503734357993668,0.575860539976046
"5",0.0916479340658878,0.105985678258541,0.120115328966749,0.00961098096756946,0.00968719245142677,0.0092257521084105,0.00263989835147008
