"","glmGamPoi (Pb)","edgeR (Pb)","limma (Pb)","glmGamPoi (cell)","Nebula","Devil (base)","Devil (mixed)"
"1",0.679727088993124,0.641988621528132,0.526148962998438,0.951250906907714,0.934688538806414,0.951370936831707,0.930491139722427
"2",0.487218902586405,0.551261983870151,0.552525188873177,0.00190210038450597,0.0664218980428428,0.0017881537977702,0.188599035148239
"3",0.0596583639538339,0.0893845155825271,0.133502440235293,2.12380640954049e-08,2.29742428962323e-08,2.12682347423789e-08,8.73306560428286e-05
"4",0.235533600727425,0.284992192176876,0.364200106774803,1.28909511992432e-13,0.00870973873182339,8.30628643408732e-14,0.0155256243948539
"5",0.818047918875407,0.848603629708166,0.877281938899029,0.097013206524551,0.155237402386186,0.0949675469399103,0.155027895254668
