"","glmGamPoi (Pb)","edgeR (Pb)","limma (Pb)","glmGamPoi (cell)","Nebula","Devil (base)","Devil (mixed)"
"1",0.355653569958685,0.376511642740619,0.3790101287966,0.296697639063471,0.333714170621473,0.296867100466764,0.38408804516546
"2",0.411283814445214,0.381908861408949,0.26540623385794,0.979178579406739,0.656184783214212,0.979173342739262,0.998605282588942
"3",0.0821515103933142,0.100547779509295,0.163013991816331,2.00796883227128e-13,0.172189095061182,1.9974474557154e-13,0.296012240453285
"4",0.0975069153512759,0.143915617744978,0.134371217131423,2.95571165554493e-05,0.0154688015923709,2.98859502091141e-05,0.0196569632592907
"5",0.278789748744737,0.33337321076802,0.278185045584491,0.823430249079377,0.750839036194198,0.823380089003993,0.974607493797401
