"","glmGamPoi (Pb)","edgeR (Pb)","limma (Pb)","glmGamPoi (cell)","Nebula","Devil (base)","Devil (mixed)"
"1",0.93607910150798,0.948040829360152,0.899000892996478,0.344757577286711,0.514040295720383,0.344508682830828,0.842160490343165
"2",0.687807198611404,0.725078399384612,0.824719338002958,0.319880646343274,0.545981831095872,0.322147821131428,0.87417755034324
"3",0.365637279765934,0.399804354635147,0.379180484052662,0.157742928672846,0.959001952965099,0.156048263973676,0.66485309893751
"4",0.0190454394385795,0.0261688651278793,0.0225259731893794,2.18061502625744e-52,1.74750226285216e-17,5.41149292243668e-52,1.36651090813007e-17
"5",0.0338543240039195,0.0789938031672152,0.0406018341470143,2.97309904318606e-119,0.000224717988796863,1.20629114068726e-116,0.00290869659645066
