"","glmGamPoi (Pb)","edgeR (Pb)","limma (Pb)","glmGamPoi (cell)","Nebula","Devil (base)","Devil (mixed)"
"1",0.0832682678477343,0.0872061422587364,0.165910016997519,0.857454476888494,0.891393601664606,0.858693434311174,0.907271448638531
"2",0.514838604531184,0.53568010566342,0.678596390080905,0.124060723565796,0.296602834378327,0.135014484439564,0.627166784476336
"3",0.549261198977987,0.604852952507267,0.566522514105791,0.00195460257597821,0.250962629790856,0.00268485871024747,0.641808348422163
"4",0.0320825219120648,0.0398539565035719,0.110412638272559,0.562952831668334,0.558570347818366,0.56080574421571,0.748624768656755
"5",0.474377757786891,0.493642298507943,0.570831141591956,0.121408178570695,0.264277076930367,0.130463745099244,0.520724249380162
