"","glmGamPoi (Pb)","edgeR (Pb)","limma (Pb)","glmGamPoi (cell)","Nebula","Devil (base)","Devil (mixed)"
"1",0.247199361247894,0.29455701068944,0.241430829511851,4.3858495216478e-12,6.63370074052994e-11,6.75162665427336e-12,1.08038430541896e-39
"2",0.543435628409567,0.60432285024206,0.545832889351986,0.151150989559317,0.416590983358108,0.15162665442881,0.379476915153456
"3",0.594479758045662,0.609986876448855,0.754041207487002,0.615976523402214,0.664405411094293,0.61598547926656,0.88487072893194
"4",0.99821283930148,0.978932459256155,0.847481395386734,0.23814281187268,0.724555316259288,0.240317956591227,0.567206258773058
"5",0.438096730146024,0.455190744131283,0.341091483235201,0.000427138813466708,0.000526781879904067,0.000424703310902446,6.88566009584039e-09
