"","glmGamPoi (Pb)","edgeR (Pb)","limma (Pb)","glmGamPoi (cell)","Nebula","Devil (base)","Devil (mixed)","glmGamPoi (fixed)"
"1",0.0771923489063135,0.0666017336155402,0.0501922319938832,0.24137230281104,0.392418695873009,0.236775185172549,0.412804849320027,NA
"2",0.00669174358455888,0.00332440044701774,0.00255087313574333,0.000128417345749283,0.000688916088869884,9.47055369241386e-05,0.00106931697895962,NA
"3",0.2137288653574,0.29024691463342,0.269075941279062,0.881992963290033,0.950138954282168,0.882247948657377,0.924046335133926,NA
"4",0.290554500270763,0.332230623310317,0.304609765835728,0.870969809339526,0.99013666716372,0.870915805154535,0.948242703259625,NA
"5",0.194299261680936,0.190768921509512,0.194558888822682,0.506257870443518,0.503675524451511,0.504614780069308,0.594695662275336,NA
