"","glmGamPoi (Pb)","edgeR (Pb)","limma (Pb)","glmGamPoi (cell)","Nebula","Devil (base)","Devil (mixed)"
"1",0.0397682515415368,0.0267772070969559,0.0306557265529212,9.28806020758498e-06,5.77281638615726e-06,5.96930544372036e-06,4.38955544634867e-09
"2",0.726384070520752,0.771083406337141,0.875268601658518,0.0200538387263571,0.331991279711603,0.0249173749710786,0.0666207018303834
"3",0.157111235905062,0.139467305005831,0.115441680944213,0.00733653504999709,0.431088772137619,0.00879497071589662,0.33751817574962
"4",0.952230173468819,0.975046679609506,0.835176328473179,0.457129624135937,0.461256310314319,0.462570385899808,0.00384579142209631
"5",0.182209532724713,0.284086560845845,0.170517754974536,0.576904428761395,0.622436124420572,0.576364370913779,0.817155757168492
