"","glmGamPoi (Pb)","edgeR (Pb)","limma (Pb)","glmGamPoi (cell)","Nebula","Devil (base)","Devil (mixed)"
"1",0.440783214088789,0.477026442249249,0.49407832254189,1.67678611126094e-11,0.115008656271944,2.17381699636578e-11,0.157648750053336
"2",0.477331766293441,0.560925492893241,0.538176106229217,0.000284470657631127,0.000311995830474246,0.000281192158115685,5.55736933533704e-05
"3",0.0742008113366128,0.104473246225701,0.0740747760427835,7.48251522274818e-40,0.00819629669663445,2.42993135184236e-39,0.0221839115849962
"4",0.119923795965144,0.13768549008514,0.0951221173625068,2.05964730236208e-34,0.0562732462500445,4.61405313002822e-34,0.0934018244005873
"5",0.454455136797517,0.488536906023392,0.347025696744416,2.71624831664344e-05,0.540693791558069,2.97828354457006e-05,0.606168300124013
