"","glmGamPoi (Pb)","edgeR (Pb)","limma (Pb)","glmGamPoi (cell)","Nebula","Devil (base)","Devil (mixed)"
"1",0.0965103699228093,0.087668871838515,0.0775773657926994,6.07074453444676e-06,8.32170870792446e-06,9.34969689067582e-06,1.50923227397686e-06
"2",0.687203465356253,0.684361639084782,0.734152862547154,0.301060591018371,0.308476912716153,0.302601970100861,0.0370924820736623
"3",0.0492821572652307,0.0294470400493929,0.0834053890252452,5.26054517926345e-05,0.0217886478876642,6.63002338999692e-05,0.0994618170174802
"4",0.396104603339007,0.41920588796,0.240844481639289,0.000112802659644319,0.314841625515726,0.000135376329399284,0.000906098101497453
"5",0.0765177684213789,0.0977330758456203,0.040279308464815,4.8383714471441e-07,5.48610001722259e-07,5.86742265089349e-07,1.35765756116222e-19
