"","glmGamPoi (Pb)","edgeR (Pb)","limma (Pb)","glmGamPoi (cell)","Nebula","Devil (base)","Devil (mixed)","glmGamPoi (fixed)"
"1",0.072804284079541,0.0986190656404643,0.101946271278658,0.000169527534500986,0.00896896152694567,0.00017311608835034,0.0317603384257434,NA
"2",0.035788578387575,0.045264323655295,0.0498678257212299,1.82314141334272e-40,0.00245808900622909,1.01351053302713e-40,0.024928402523961,NA
"3",0.00223583890059799,0.0027361515833834,0.00483446266532783,2.21121140404553e-36,1.59253584651871e-08,2.07846521110316e-35,1.02584331507491e-15,NA
"4",0.13836041414312,0.159557393039756,0.191417125621951,0.000365161278029363,0.0526689430356297,0.000372873186357746,0.165299995112015,NA
"5",0.00513674728561479,0.0107553883103241,0.00634938501552034,6.0638945332593e-15,1.0705470826504e-14,9.06177074479371e-15,1.12913129764381e-56,NA
