"","glmGamPoi (Pb)","edgeR (Pb)","limma (Pb)","glmGamPoi (cell)","Nebula","Devil (base)","Devil (mixed)"
"1",0.99234003471476,0.981176214639458,0.674778644262538,1.07974723524186e-21,0.304544378496134,4.01241639182654e-21,0.0863240665749767
"2",0.31215090093467,0.367869263186435,0.153893475014885,0.46266980879087,0.807647737134931,0.463378585662736,0.855469624225636
"3",0.734959413888427,0.759458986438604,0.745206829050724,6.07246605132013e-15,0.104972238771553,9.19899538105707e-15,0.0332678339075686
"4",0.729982359986282,0.716440932664027,0.729444721005582,3.82639866828954e-20,0.289928380383365,7.44383746212242e-20,0.0959526429371463
"5",0.0535238926115072,0.0943306526537924,0.0801471498595113,0.0865458665463529,0.905073006687036,0.0869408356927298,0.646109508737854
