"","glmGamPoi (Pb)","edgeR (Pb)","limma (Pb)","glmGamPoi (cell)","Nebula","Devil (base)","Devil (mixed)","glmGamPoi (fixed)"
"1",0.0258573716576852,0.0366762447251454,0.0270518239064489,7.71683138150665e-27,0.000152302669548094,1.97391894029734e-26,2.11256166862002e-05,NA
"2",0.444714176083093,0.464028671936145,0.391344854366377,2.06429141989479e-06,0.331976338325315,2.13458788304483e-06,0.533645109654622,NA
"3",0.28296924085384,0.341288119852408,0.318211403848181,2.06576174759873e-38,0.437651161124537,4.33552334167536e-37,0.188186553539108,NA
"4",0.567078972066171,0.574485708153187,0.521271497272853,0.00284465487824147,0.54427147985199,0.00291505239687498,0.45887232036389,NA
"5",0.0745545835303224,0.0884648958125682,0.0508826961915696,4.19200261034002e-37,0.0906149506365343,1.69087041494328e-42,0.069008176804944,NA
