"","glmGamPoi (Pb)","edgeR (Pb)","limma (Pb)","glmGamPoi (cell)","Nebula","Devil (base)","Devil (mixed)"
"1",0.180882681484446,0.261669329169918,0.22243615796302,6.59496170721999e-44,0.0749851127271119,1.06140636360357e-43,0.185718760943375
"2",0.0728985452346331,0.130824216686916,0.124427802262717,8.0255990501677e-31,0.026516342608077,1.2754516199556e-30,0.00490624103661137
"3",0.548721049638391,0.612755977489445,0.611533333455504,9.44272203264049e-15,0.00587866978970482,1.05022058045213e-14,0.0185115183080027
"4",0.118454016062338,0.197534520684935,0.12975988019175,6.47180614724132e-85,1.4711462968527e-07,3.50987537490903e-84,1.11398043213697e-07
"5",0.742913358218125,0.77856463027869,0.826918517121658,0.44875023169861,0.435625299611389,0.448871829815516,0.94548824728803
