"","glmGamPoi (Pb)","edgeR (Pb)","limma (Pb)","glmGamPoi (cell)","Nebula","Devil (base)","Devil (mixed)","glmGamPoi (fixed)"
"1",0.0609325527389225,0.0683046917151031,0.0416197763967337,1.00061273839416e-06,0.000514363745423129,1.23553988824416e-06,0.00168824457861585,0.0113062822454984
"2",0.554769935977272,0.58569793175608,0.676384797376368,0.242262224208505,0.240814056245956,0.244460502572936,0.201868461537191,0.199600080157495
"3",0.0713767275274405,0.101538772945784,0.0650574282600508,1.45144340800965e-05,0.00594960485151941,1.60299065619062e-05,0.021744769277966,0.0492453437466271
"4",0.0651380408960063,0.0885068192363429,0.0729529613908273,0.000132903437320663,0.027609392523855,0.000147580662877374,0.0808753614500174,0.0469705400307453
"5",0.0700321214525438,0.0681638184420324,0.0722772218392358,0.000151373756384741,0.0829969046580485,0.000172157721327287,0.20744247761026,0.0353449663128616
