"","glmGamPoi (Pb)","edgeR (Pb)","limma (Pb)","glmGamPoi (cell)","Nebula","Devil (base)","Devil (mixed)"
"1",0.00132092802344325,0.0094747373716923,0.000620343362586422,1.82742327669083e-14,0.000816738976566073,2.2371610903358e-14,1.32728261375247e-05
"2",2.44006176072068e-05,0.000456041276926795,2.55939277555529e-05,7.04181757909314e-36,3.00914952743391e-06,9.49550525424226e-36,1.08023033628867e-10
"3",0.764398796858571,0.805924040402873,0.531699789691564,3.55225117529362e-06,0.134916219589437,3.487727223809e-06,0.143481627496431
"4",5.9640693220386e-05,0.000554947353665137,0.000222335009853093,3.10858674994612e-13,4.38145498438432e-13,5.25972406021969e-13,2.2423581861528e-15
"5",0.0127771040659595,0.0308244838761696,0.018312253898669,8.13578279991931e-07,6.337440088737e-06,8.98441862718484e-07,6.23733491278888e-05
