"","glmGamPoi (Pb)","edgeR (Pb)","limma (Pb)","glmGamPoi (cell)","Nebula","Devil (base)","Devil (mixed)"
"1",0.286295862548779,0.30070426575958,0.234777051615747,2.11843716520739e-08,2.51465330424346e-08,3.14430529701034e-08,5.18117117550202e-80
"2",0.395936805261399,0.378916292537684,0.323895826573408,1.46698284979868e-08,1.98157763465762e-08,2.40947392099324e-08,1.10552088140477e-60
"3",0.931581668029981,0.936186557733682,0.971475344020303,0.0609101425667817,0.060686097859022,0.0595913768282404,0.0199686208159856
"4",0.0216989550652471,0.0325529565002763,0.0232527172937503,1.52007066924529e-14,4.61137283392933e-14,7.01885249460033e-14,4.56685051794012e-247
"5",0.190027118480768,0.192068164544786,0.122017737572435,5.86279102829114e-15,5.68304385589923e-13,1.18771157773911e-14,2.13371815911414e-08
