"","glmGamPoi (Pb)","edgeR (Pb)","limma (Pb)","glmGamPoi (cell)","Nebula","Devil (base)","Devil (mixed)"
"1",0.00412142899449484,0.0106187451173971,0.00761097477038396,3.95078377327517e-98,0.0192265731294458,2.74357418818066e-99,0.00605156075051211
"2",0.0817449001825919,0.135369867202167,0.0412180976005663,1.23538509585233e-10,0.0811783844174975,1.34227525985979e-10,0.0538819808716929
"3",0.174047309132924,0.226521100793438,0.253061342230084,4.4580765058278e-45,0.0445782588500514,1.8995566714017e-45,0.0862020644848259
"4",0.00519534386165273,0.0267302971069434,0.00671474902410014,7.37958227454885e-54,0.0301537582434723,1.44568082455449e-53,1.15637575075447e-05
"5",0.051009758910692,0.0908613191024297,0.0549247217183128,2.50059269204892e-145,0.00323006879330194,4.73619390621565e-146,0.00489953638515539
