"","glmGamPoi (Pb)","edgeR (Pb)","limma (Pb)","glmGamPoi (cell)","Nebula","Devil (base)","Devil (mixed)"
"1",0.00158654103939597,0.00270927100492545,0.00123800880255078,1.87828133445086e-20,0.00183357989829896,2.15085308323277e-20,0.00833312480735347
"2",0.276324879933795,0.361436168315026,0.293505805777461,0.507826595710605,0.239159197175903,0.505516824258514,0.725447061223407
"3",0.00489008372505691,0.00790100634786159,0.00329906769126293,3.68390027199791e-23,4.39774588234429e-07,3.28506526296645e-23,1.4986104169211e-09
"4",0.0274903214817286,0.0125993535262335,0.0134325519968047,8.25805709945764e-05,0.13363548301633,7.98173713041826e-05,0.509307932030752
"5",0.00352932248596652,0.00205968792817672,0.00853625780620863,5.27310076697537e-07,0.0108684449960992,6.28422339624576e-07,0.0316654908609653
