"","glmGamPoi (Pb)","edgeR (Pb)","limma (Pb)","glmGamPoi (cell)","Nebula","Devil (base)","Devil (mixed)","glmGamPoi (fixed)"
"1",0.62971265142632,0.695587777549983,0.38826903070716,2.28521132595767e-15,0.33980820381642,2.2406378217651e-15,0.285625151270207,NA
"2",0.118334960399655,0.151405160114655,0.802309979913011,6.4220109863316e-05,0.0481160666164519,6.32446722585249e-05,0.657502204376685,NA
"3",3.13450643555613e-05,8.02735401311755e-05,2.89969642035764e-05,6.31389325201692e-50,6.93603824754103e-06,3.3368795306291e-49,0.000958887759392165,NA
"4",0.0175605878143779,0.0840515551330542,0.0191827985544463,5.7945648449927e-82,0.00128551026421544,9.20036216333458e-82,0.0583414785606307,NA
"5",0.0758974823500579,0.124068612079204,0.150214078303911,7.7282648778149e-74,0.0455520189107346,9.75442752465229e-74,0.0764154587540883,NA
