"","glmGamPoi (Pb)","edgeR (Pb)","limma (Pb)","glmGamPoi (cell)","Nebula","Devil (base)","Devil (mixed)","glmGamPoi (fixed)"
"1",0.863286578374032,0.936108638748601,0.791310438762446,0.00392490379408956,0.284635151861303,0.00444732989064368,0.329217384210555,NA
"2",0.233304764879691,0.267248544420487,0.359089137986487,9.70368564272132e-09,0.098810608674939,4.75783858483959e-08,0.172859826983067,NA
"3",0.255923869428191,0.237918731886253,0.32581254993331,0.241938947000243,0.745398351359183,0.244466899709893,0.512236038729596,NA
"4",0.205660605171576,0.253108078750647,0.218405393198377,0.466070802809221,0.778082641187858,0.466191692692171,0.703283330799821,NA
"5",0.165020302484221,0.235579149902733,0.267477434182507,0.390147695200389,0.867602082825987,0.391286003833398,0.730605088915225,NA
