"","glmGamPoi (Pb)","edgeR (Pb)","limma (Pb)","glmGamPoi (cell)","Nebula","Devil (base)","Devil (mixed)","glmGamPoi (fixed)"
"1",0.0605904294113343,0.0631045274487335,0.109599165757247,0.00274193671633118,0.063935199282301,0.00272799824132092,0.633356932820305,NA
"2",0.0152945524220483,0.0252782588834179,0.029482297934843,1.03689614225353e-23,0.0149638522680237,3.93117714975859e-24,0.113095446712866,NA
"3",0.000502323940763488,0.00266277846053823,0.000922382954115445,1.86697685532417e-22,0.00160517519174372,2.5233242448716e-22,0.00898581576463727,NA
"4",0.0306235509683477,0.128567848710753,0.0667514750802003,7.47211561283307e-06,0.0210018856981666,7.7595572583098e-06,0.0157536778830427,NA
"5",0.0451903813827449,0.0859432736702531,0.0586572016797708,1.45158831101685e-10,0.0541480752521803,1.46775809785751e-10,0.0914370286178718,NA
