"","glmGamPoi (Pb)","edgeR (Pb)","limma (Pb)","glmGamPoi (cell)","Nebula","Devil (base)","Devil (mixed)"
"1",0.0212466442153977,0.0287241794770147,0.0420114611134299,1.64858274666459e-18,0.00827638624664449,1.54035513811063e-18,0.0212091594885382
"2",0.00644919081109002,0.0139063629485091,0.00672111593652359,1.27691429923532e-65,0.00998446514766873,4.75251927139349e-66,0.0123851637239687
"3",0.0315832259861572,0.070605104647074,0.12319311102714,1.10826836314943e-10,0.00643469187090912,1.0701484597776e-10,0.0340007526524592
"4",0.0189461369013663,0.0567027907571372,0.0240004639652875,1.6725502679619e-11,0.00767657382015907,1.65178347744982e-11,0.00500715709852477
"5",0.0135916496301985,0.0455616279348116,0.0193529085676818,2.70061788436422e-10,0.0103625856878684,2.66991982487907e-10,0.0151091428121557
