"","glmGamPoi (Pb)","edgeR (Pb)","limma (Pb)","glmGamPoi (cell)","Nebula","Devil (base)","Devil (mixed)"
"1",0.00103807949561362,0.0020580636561772,0.000300764858442235,5.88512190479406e-110,0.000294106980959129,1.98996830558156e-109,0.000154591576179443
"2",0.0259111148648839,0.120468885854193,0.0276888409819789,8.0867863464106e-11,0.108644108487413,8.37189503641901e-11,0.184685203247827
"3",0.00243116276621458,0.00464478742178904,0.0011694490768344,1.24147477676875e-30,0.000203663010862975,2.17193980262445e-30,0.00303598826143788
"4",0.0604539523015513,0.144449494027015,0.0697352202574996,0.00231864320622965,0.240321539787409,0.00234607500876706,0.422159880655605
"5",0.476931684554715,0.51522495262977,0.544162242464852,0.282120962107117,0.646069372797291,0.282552340479813,0.859324008242674
