"","glmGamPoi (Pb)","edgeR (Pb)","limma (Pb)","glmGamPoi (cell)","Nebula","Devil (base)","Devil (mixed)"
"1",0.0621618354941657,0.0306995260236717,0.160581716964375,0.00177597403282098,0.00185127290665402,0.00179001744016772,6.07461703257191e-05
"2",0.0157168705425888,0.0351522225631472,0.0153430840806379,1.72644070867807e-16,3.12318528216549e-16,2.49901060831491e-16,3.86263986765061e-75
"3",0.0217096110391621,0.0266115897534674,0.0114252803405281,2.36949921753764e-38,0.000356932235234814,1.34803586795592e-37,2.26877597776464e-101
"4",0.0882119512385303,0.111294465742271,0.0857395351852628,2.70749355165088e-08,0.0780511077618026,3.03439291447925e-08,7.39957039881894e-14
"5",0.935573340037898,0.945851608234377,0.627844388603553,1.71335620547031e-49,0.932526442626178,2.55596115255102e-50,5.88426242491018e-16
