"","glmGamPoi (Pb)","edgeR (Pb)","limma (Pb)","glmGamPoi (cell)","Nebula","Devil (base)","Devil (mixed)"
"1",0.0771923489063148,0.0666017336155402,0.0501922319938844,0.241372302651315,0.392418695873009,0.241879148654603,0.416344501658513
"2",0.00669174358455915,0.00332440044701774,0.00255087313574338,0.000128417340929572,0.000688916088869884,0.000104358899383605,0.00111603863441036
"3",0.213728865357403,0.29024691463342,0.269075941279069,0.88199296328145,0.950138954282168,0.884411312957636,0.925398180199331
"4",0.290554500270766,0.332230623310317,0.304609765835729,0.870969809333423,0.99013666716372,0.871952475562295,0.94858573656636
"5",0.194299261680938,0.190768921509512,0.194558888822681,0.506257870330604,0.503675524451511,0.509248044516008,0.598821045345005
