"","glmGamPoi (Pb)","edgeR (Pb)","limma (Pb)","glmGamPoi (cell)","Nebula","Devil (base)","Devil (mixed)","glmGamPoi (fixed)"
"1",0.00115587793212091,0.00852803005078491,0.002504366137194,2.28275037242159e-13,0.00204708219177241,2.81243017965225e-13,6.45232102724554e-07,NA
"2",0.00175182293450621,0.00277812417628781,0.00139054016290719,5.86911249638591e-05,0.0177198590790411,6.47230659567251e-05,0.0618750405452181,NA
"3",0.145784260787437,0.188641782150382,0.478613898576068,0.18433132398813,0.28146558850824,0.184670337886844,0.57702715129079,NA
"4",0.000448259281747265,0.00165154993910971,0.000218625913485486,2.86461536241459e-08,0.0039813255557973,3.4109805675118e-08,0.0158616449457528,NA
"5",1.33011654827532e-05,3.85600008253088e-05,9.10775638101732e-06,7.25468628709455e-06,0.000123836085369429,8.2098218494766e-06,0.0600653284601607,NA
