"","glmGamPoi (Pb)","edgeR (Pb)","limma (Pb)","glmGamPoi (cell)","Nebula","Devil (base)","Devil (mixed)","glmGamPoi (fixed)"
"1",0.231647151649295,0.381878297419064,0.343927025654858,0.495795611540296,0.501154800091275,0.496401525808866,0.924920518490053,NA
"2",0.00397872086653882,0.00368576658375938,0.00268670831862305,1.72313559380524e-24,0.000572749756243181,1.0614927536867e-23,1.57773215610629e-06,NA
"3",0.0072601869922559,0.00708497662444281,0.00525746237554642,3.13087296989976e-09,0.00330253438385931,5.71253532095038e-09,0.000170571393159339,NA
"4",0.983918428282487,0.989926397890567,0.990505148307635,1.64019898996458e-14,0.0791338942412377,2.05305583754912e-14,0.213970938774345,NA
"5",0.0125548751951694,0.010941585124734,0.0261840251963513,4.02410116184228e-09,0.00938085617061066,4.4751903887343e-09,0.00150536442215716,NA
