"","glmGamPoi (Pb)","edgeR (Pb)","limma (Pb)","glmGamPoi (cell)","Nebula","Devil (base)","Devil (mixed)"
"1",0.866853230588327,0.864090825762738,0.892771834228724,0.432512219978353,0.682375362095071,0.441120872113148,0.663668038371792
"2",0.358533855380649,0.357143627898845,0.208902904134404,0.00841929503106489,0.0157427898373246,0.00930310313735403,0.011091412688143
"3",0.0989853437066633,0.0649675086399241,0.0395596619474233,0.00155111069618564,0.00159548982006108,0.0018048522402194,1.85270600588614e-13
"4",0.809879038663789,0.91504597517284,0.632924612649083,0.754628351266253,0.754773312355539,0.75810427885934,0.62776827050159
"5",0.100127745757138,0.231267850929254,0.218505111158411,0.00658606287933628,0.00627354455750927,0.00691856212189598,6.43183054035992e-06
