"","glmGamPoi (Pb)","edgeR (Pb)","limma (Pb)","glmGamPoi (cell)","Nebula","Devil (base)","Devil (mixed)"
"1",0.00731337380057248,0.0601860084721833,0.00667279148390216,0.186773675163174,0.518855841287857,0.187198707347599,0.776513900997869
"2",0.000214138448799128,0.00270683499216546,0.000354487923448602,1.26424858876055e-10,0.0176915832925698,9.9710818276529e-11,0.00627335898148952
"3",0.77168764116769,0.760699838857794,0.985991453468882,2.13628207828457e-05,0.223746419824094,2.2697233900151e-05,0.291224615635998
"4",2.24192658469833e-05,0.000473299467577242,8.00806929778181e-06,5.57050456303414e-27,0.00291786221188412,6.58602125579249e-27,0.00665419520011657
"5",0.00400441927027751,0.0213063300307117,0.00379423606237918,4.56187286987805e-06,5.00668893084411e-06,5.1047638662842e-06,3.10247782989474e-07
