"","glmGamPoi (Pb)","edgeR (Pb)","limma (Pb)","glmGamPoi (cell)","Nebula","Devil (base)","Devil (mixed)"
"1",0.0605904294113365,0.0631045274487335,0.109599165757244,0.00274193671690489,0.063935199282301,0.00278191484766871,0.633751262044488
"2",0.0152945524220489,0.0252782588834179,0.0294822979348424,1.03689614588882e-23,0.0149638522680237,3.9435392021419e-24,0.113003592096074
"3",0.000502323940763449,0.00266277846053823,0.000922382954115424,1.86697685753802e-22,0.00160517519174372,3.39444514329235e-22,0.00905419946961058
"4",0.0306235509683447,0.128567848710753,0.0667514750802023,7.4721156147716e-06,0.0210018856981666,8.57372259558529e-06,0.0159067131342287
"5",0.0451903813827449,0.0859432736702531,0.0586572016797699,1.45158831202362e-10,0.0541480752521803,1.62890146547883e-10,0.0918955839104354
