"","glmGamPoi (Pb)","edgeR (Pb)","limma (Pb)","glmGamPoi (cell)","Nebula","Devil (base)","Devil (mixed)"
"1",0.0288823500321722,0.0280963022183596,0.0175248282000414,1.0831019412048e-82,2.3520981044554e-06,4.40981758973102e-82,6.01652219583832e-05
"2",0.030776383086006,0.0403389751059746,0.027555161972985,4.73684575674839e-19,0.0118262785453954,6.88236332956913e-19,0.0485467337478415
"3",0.546919938484054,0.589902206469468,0.680067064443679,0.304498807098823,0.671183726980219,0.305244836501559,0.866980896322089
"4",0.199684497656387,0.289269603138085,0.20204147322081,1.85341590769098e-14,0.0167807955798614,1.26631434220234e-14,0.0203655616535916
"5",0.472583869767257,0.503654930841622,0.518451189047039,0.300061752542526,0.584893231474591,0.300227013392118,0.82604556678206
