"","glmGamPoi (Pb)","edgeR (Pb)","limma (Pb)","glmGamPoi (cell)","Nebula","Devil (base)","Devil (mixed)"
"1",0.0172284092241654,0.0266898112429803,0.0363098330710704,1.91938939124112e-15,0.00228269760674153,2.67199159049946e-15,0.128587760793295
"2",0.00171733210082092,0.0037827320610138,0.00163192810621891,2.99506363008235e-25,0.00904022869833761,1.26067978249341e-24,0.0505172117420514
"3",0.0032268472331882,0.0471143128937066,0.0187013871402319,1.05360428192526e-33,0.0616906395243688,1.84136076038572e-33,0.012294888560287
"4",0.04896999132595,0.0632978368089032,0.104134953532361,8.65405121536433e-25,0.141712836615999,1.17737280786249e-24,0.0338732600866786
"5",5.18357337434956e-05,0.000539779224316354,4.9294144621588e-05,1.92248795286724e-14,0.00755524186631017,1.80726663251291e-14,0.00855193428049505
