"","glmGamPoi (Pb)","edgeR (Pb)","limma (Pb)","glmGamPoi (cell)","Nebula","Devil (base)","Devil (mixed)"
"1",0.587791999353187,0.72549433527598,0.39857891692502,0.0541695900750914,0.842844685662913,0.052896234517563,0.582538898926122
"2",0.00236739809849798,0.00442327650991462,0.00195928446100434,1.27907024475162e-14,0.000331762293619719,1.04586433385224e-14,0.000824450024499774
"3",0.0528698652699649,0.111575477084377,0.0985650411162853,4.57945000134326e-14,0.1165920236813,5.49311091568794e-14,0.109966770933394
"4",0.00115846743336116,0.0141308616672073,0.00128012635203006,1.14622951739691e-16,0.00333632566568556,1.43490726465235e-16,0.0197277810666905
"5",0.0725776843965454,0.142362433048133,0.0975275150893627,3.27960173581077e-21,0.267677418285989,1.73744854237425e-21,0.265597756096232
