"","glmGamPoi (Pb)","edgeR (Pb)","limma (Pb)","glmGamPoi (cell)","Nebula","Devil (base)","Devil (mixed)"
"1",0.11430130744435,0.1757653507497,0.120498285621494,1.03603568414755e-07,0.0266171709346163,1.19720330386631e-07,0.258525272780024
"2",0.000529921589487154,0.00240786192396952,0.000230477959644699,2.09863548457697e-14,5.15956082290879e-11,2.67490142537588e-14,3.7943306288453e-11
"3",0.000180665582989615,0.00204856215507947,0.000305479274687806,4.02949343658634e-39,5.99780552639792e-05,8.91996427492971e-39,0.000311593296179334
"4",0.000328123575790411,0.000652460475930522,0.000385626922948654,1.64944767801795e-46,6.72265184345072e-07,2.92594815905779e-46,3.29593204495005e-07
"5",0.000337765001545683,0.0017409133422858,0.00154881796536013,1.17830598613325e-45,3.9420641529859e-05,2.44965274026234e-45,0.00309123730488245
