"","glmGamPoi (Pb)","edgeR (Pb)","limma (Pb)","glmGamPoi (cell)","Nebula","Devil (base)","Devil (mixed)"
"1",0.000880295725634728,0.01650633193964,0.000658349565279922,2.40503494411448e-82,0.000773439310579573,7.37170875348673e-82,0.0039410131579831
"2",0.00234711883088457,0.0148317945697827,0.00912689673370782,7.25465898734665e-35,0.0070135404884965,2.75509736446573e-34,0.00452988671709207
"3",0.0256200350552097,0.0590211517835006,0.0123657411924177,6.002965003518e-18,0.0449016553846283,8.3860703288544e-18,0.0189287536112192
"4",0.0144844934949549,0.0290474857402653,0.00634029922468071,3.83842032219686e-105,0.0280317631777919,6.10425513899608e-103,0.0193695911942517
"5",0.00166608035858494,0.00558923427181334,0.00124502806141918,2.16042315486312e-76,0.005252392898626,2.1030298869921e-75,0.0200814645297812
