"","glmGamPoi (Pb)","edgeR (Pb)","limma (Pb)","glmGamPoi (cell)","Nebula","Devil (base)","Devil (mixed)","glmGamPoi (fixed)"
"1",0.587791999353188,0.72549433527598,0.398578916925005,0.0541695900719757,0.842844685662913,0.0540661674979551,0.584308454825691,0.00816027062375934
"2",0.00236739809849802,0.00442327650991462,0.00195928446100431,1.27907024370606e-14,0.000331762293619719,1.20844616273272e-14,0.000852399079216759,0.00255046511820952
"3",0.0528698652699653,0.111575477084377,0.0985650411162833,4.57944999938737e-14,0.1165920236813,4.88915703935981e-14,0.109213366539258,2.54041479082178e-09
"4",0.00115846743336119,0.0141308616672073,0.00128012635203001,1.14622951658852e-16,0.00333632566568556,1.23225782036938e-16,0.0194804243494863,7.85582396143093e-08
"5",0.072577684396546,0.142362433048133,0.0975275150893633,3.27960173364979e-21,0.267677418285989,1.6963694238321e-21,0.265465434770744,3.73141833609427e-12
