"","glmGamPoi (Pb)","edgeR (Pb)","limma (Pb)","glmGamPoi (cell)","Nebula","Devil (base)","Devil (mixed)"
"1",0.245376616977575,0.330615839141497,0.211572705761976,0.212222177713545,0.239788109912076,0.211509202265395,0.782424749270911
"2",0.0204316215310936,0.0246132951784525,0.0212558090454209,8.20593450016904e-53,0.00137632274306909,1.23423571681871e-57,0.00167871913225013
"3",0.415633299583063,0.536703822696607,0.38241606916003,0.012498800618939,0.218664308654789,0.0122689923069337,0.363664434628971
"4",0.523172288905177,0.581360528649197,0.532865386015994,8.20761529937084e-21,0.522009485339156,2.80711142118786e-21,0.260120144028281
"5",0.4540374409236,0.464810978941366,0.381001969886236,0.00118407634758174,0.452943808802822,0.00124323623251382,0.78064433497408
