"","glmGamPoi (Pb)","edgeR (Pb)","limma (Pb)","glmGamPoi (cell)","Nebula","Devil (base)","Devil (mixed)"
"1",0.17825824587809,0.22316171350081,0.215654980939456,4.75532673904184e-06,0.0271998796766104,6.8227387072442e-06,0.015347527101031
"2",0.0136410942980253,0.0166008528526654,0.0104381686246426,3.8328110696569e-11,0.00352679831506371,7.26463899093536e-11,0.00360629670851776
"3",0.0460109149155204,0.0851003331368183,0.0637282583521558,0.000122804276600426,0.0477679170555216,0.000123832587453208,0.0926028038771459
"4",0.0303759237272393,0.0288145336932401,0.0181575135113531,8.76584322713259e-14,1.16811699330767e-13,1.19361829194848e-13,7.19719791322828e-43
"5",0.0379049666597411,0.0551881860587042,0.0384859653418228,3.81975300777923e-06,4.47805761142346e-06,4.41055861913576e-06,2.72771857757905e-05
