"","glmGamPoi (Pb)","edgeR (Pb)","limma (Pb)","glmGamPoi (cell)","Nebula","Devil (base)","Devil (mixed)"
"1",1.52443624766449e-05,0.00152420436144578,2.37824532151129e-05,1.58037840820529e-55,0.0488982052938313,2.33330738718013e-55,0.0130106058766072
"2",6.81931282214791e-06,0.000268391503631539,1.0679409394049e-05,7.41988488782062e-224,0.0273021876882547,1.46134087255377e-223,0.0137945398806896
"3",0.000870994391124508,0.00404183567437626,0.000673259226958717,3.16457964759968e-188,1.77899751998389e-06,1.25052796726018e-187,3.11156754229048e-12
"4",0.00293987423363758,0.0547488523643295,0.00183896122646043,3.08571186863691e-104,0.254424746409871,2.31788259611254e-104,0.0722315886826626
"5",0.000177462437200184,0.0024852388101619,0.000175444742171754,1.81717345394061e-67,5.31340683422429e-05,3.50507882739991e-67,2.68619276457921e-06
