"","glmGamPoi (Pb)","edgeR (Pb)","limma (Pb)","glmGamPoi (cell)","Nebula","Devil (base)","Devil (mixed)"
"1",0.000392458687811601,0.00257466202025953,0.000519291113935639,4.81657271806323e-176,8.57065570398536e-10,4.42068492173341e-175,1.6628676274009e-07
"2",1.52401347313422e-06,4.00699470834265e-05,1.39971043638434e-06,2.69723676181923e-145,1.49923876870837e-06,7.2310221917463e-144,0.000723733578732975
"3",0.000733172477518845,0.00781061779065598,0.00178361143017335,9.14574588842273e-124,8.05603051844845e-09,2.29810702783748e-123,1.09828286138966e-07
"4",2.08705264997633e-05,0.000236555837888174,1.53171673652998e-05,1.69050469530092e-88,4.59215737105307e-12,1.00091054557262e-87,1.84135629142836e-08
"5",1.80976374775791e-07,2.9066703167485e-05,5.5330103856772e-07,1.37553645162722e-254,0.000253192698245168,1.60480315273942e-252,0.014590800251638
