"","glmGamPoi (Pb)","edgeR (Pb)","limma (Pb)","glmGamPoi (cell)","Nebula","Devil (base)","Devil (mixed)"
"1",4.86685728738424e-07,6.28799485645707e-05,7.72920696271613e-07,9.34773235942488e-54,1.32745175013678e-23,1.59703790978129e-53,7.43026616858536e-26
"2",0.000210449154720853,0.00283362667404814,0.000181142763186695,3.10801913851509e-311,4.2609422036069e-10,1.76876806026284e-311,1.55124494276875e-14
"3",0.000796402375776583,0.00305889615209172,0.000617530053130835,6.55413349458656e-95,1.30511443251647e-06,9.84567577549675e-95,6.54905976354249e-09
"4",0.0182832794398448,0.0457560057526351,0.0162332432303888,0,0.0414276953007279,0,0.0218135036145112
"5",2.07125583315321e-05,0.00110876649041638,1.67892821484387e-05,1.54281077194161e-144,1.55527363146527e-11,1.01160112289858e-143,2.57698140216195e-19
