"","glmGamPoi (Pb)","edgeR (Pb)","limma (Pb)","glmGamPoi (cell)","Nebula","Devil (base)","Devil (mixed)"
"1",0.111819016401322,0.160101821409096,0.230844948125811,6.51628169296328e-46,0.0128370350795569,7.46276754969005e-47,0.034946670827831
"2",0.0355975320675827,0.0522580122942863,0.0820444631506268,5.0621357868665e-29,3.89436010296465e-09,4.33990939504301e-29,4.41028989285101e-08
"3",0.0581002203050923,0.0720363037211342,0.0504764984268421,1.18206721723808e-57,1.33445606526016e-56,1.16412564146885e-58,7.03922173273759e-87
"4",0.0397049674876591,0.113659140656721,0.100531912813047,5.10682804802358e-30,2.30253724853732e-14,8.95305796533416e-30,3.89967193691032e-17
"5",0.00742602443331982,0.0231829253529331,0.012705558655649,2.06581334786979e-134,9.28695540305066e-08,1.05141943908734e-132,4.35845669778771e-06
