"","glmGamPoi (Pb)","edgeR (Pb)","limma (Pb)","glmGamPoi (cell)","Nebula","Devil (base)","Devil (mixed)"
"1",0.101461581418682,0.155046463800822,0.100673629695971,0.22708817879594,0.194243293601199,0.225925926252391,0.180909949961312
"2",0.0203024215228185,0.00849756638128956,0.00395921081466293,2.03604347615883e-15,7.29801167388146e-15,1.35039918183027e-15,1.46801748014311e-46
"3",0.374469919913681,0.487710770683769,0.40407190469489,0.183267702919405,0.68626758905151,0.18070159423764,0.457479045553714
"4",0.0213460449574905,0.0542542401956514,0.0403598671918631,1.95351165322012e-27,1.19846603505427e-05,9.23862521254572e-26,8.66025993257804e-14
"5",0.107904867943913,0.242252576353711,0.132660548356187,0.171036693678553,0.267172063040724,0.171128939893075,0.636790011584772
