"","glmGamPoi (Pb)","edgeR (Pb)","limma (Pb)","glmGamPoi (cell)","Nebula","Devil (base)","Devil (mixed)"
"1",0.00905111317546991,0.00216544325839301,0.00499666512680673,2.91215205928864e-22,0.0117182141045784,4.11124714170809e-22,0.0157828062965764
"2",0.143206707217041,0.174671359646843,0.173808763478343,9.07776162692739e-05,0.591622444643779,9.20270896692814e-05,0.448697006546692
"3",0.022797913452513,0.0596658113574608,0.0518602766272041,1.18744665379955e-10,0.0248532290421734,1.12958688861074e-10,0.0305311460758451
"4",0.0335889387899257,0.0342228759514044,0.035400040859009,7.59189418393917e-42,0.118302089297784,3.26652054293691e-42,0.192250725363814
"5",0.00748279398967394,0.00772559716891165,0.0025704612967283,1.3349645309515e-39,0.0195069383700449,9.23987220337993e-40,0.0463982215583857
