"","glmGamPoi (Pb)","edgeR (Pb)","limma (Pb)","glmGamPoi (cell)","Nebula","Devil (base)","Devil (mixed)"
"1",9.73796055121354e-06,0.00103985457031623,1.87215511600724e-05,3.36257041056015e-206,7.57179893054271e-08,2.95469813687691e-206,2.09156509225011e-09
"2",0.0017685339895156,0.00385350432285203,0.00218981882755022,2.08331398911412e-145,0.00050225769207949,5.45935012009661e-148,0.000798538012453589
"3",1.20620358165659e-06,0.000347790412515497,1.14547491234121e-06,1.51891421352223e-282,1.08063674614162e-05,1.65217084818182e-282,0.00472637827712514
"4",5.84865004997758e-08,2.21704732553252e-06,9.53328305468425e-08,5.67668957738799e-123,1.75351906490875e-06,4.03303573273991e-122,0.000216786223583242
"5",0.000101791476128294,0.00443972642206542,0.000146485946390256,6.69528897831729e-154,6.6218466319755e-10,2.52323897504477e-153,1.83366234270884e-07
