"","glmGamPoi (Pb)","edgeR (Pb)","limma (Pb)","glmGamPoi (cell)","Nebula","Devil (base)","Devil (mixed)","glmGamPoi (fixed)"
"1",0.0696019122674846,0.103449247046234,0.0170411074175969,2.88307179771399e-49,0.0785862651016917,5.01225631950806e-49,0.0110813943906748,NA
"2",0.000811288001005994,0.0135144825687702,0.000247831343372227,5.8224672179506e-20,7.63754039377903e-05,6.24566480502093e-20,0.000166780199053923,NA
"3",0.000102585435492971,0.000471941562136753,0.000100911977454456,7.07220783309684e-44,3.71955123336674e-05,1.71321391076651e-43,0.000119835852601489,NA
"4",0.0067767768543926,0.0205964718930563,0.00259752880831624,3.59357381748051e-89,0.00117158967174994,4.78072970928962e-89,8.43993793685661e-06,NA
"5",2.20031216879003e-07,2.12490480721835e-05,2.72034418991547e-07,7.77562652473706e-213,1.79465192450871e-05,7.50526710416565e-212,3.58402816799486e-05,NA
