"","glmGamPoi (Pb)","edgeR (Pb)","limma (Pb)","glmGamPoi (cell)","Nebula","Devil (base)","Devil (mixed)","glmGamPoi (fixed)"
"1",0.664446252031873,0.655682155791991,0.564981072019595,5.82386070396482e-35,0.00193074360474833,3.50706990206654e-34,0.00837137053542554,NA
"2",0.431632339700452,0.501876889473487,0.544292029466032,9.16570269054751e-121,1.36216402701085e-05,1.32167847988701e-119,0.000148854873826631,NA
"3",0.250918268505861,0.313503944428935,0.28686956691632,1.91546088437357e-80,1.28642414416743e-07,6.9867799340949e-79,6.31209292430748e-06,NA
"4",0.548898411158893,0.605513246244625,0.565100736850568,4.0212257528457e-50,0.000133370469086249,1.5193272458515e-49,0.00127800746772334,NA
"5",0.430492500772445,0.507214534903555,0.419301581911793,4.6522933359062e-101,0.00363451999069709,2.21720943346485e-99,0.0162711780764631,NA
