"","glmGamPoi (Pb)","edgeR (Pb)","limma (Pb)","glmGamPoi (cell)","Nebula","Devil (base)","Devil (mixed)"
"1",0.0943240452528522,0.127939224577835,0.0782340841910983,0.0335759072282226,0.026439487326789,0.026298315413296,2.57536494348493e-54
"2",0.312179060454538,0.815569052946533,0.162402557429004,0.00238663468511875,0.976003125524149,0.00246441455675542,0.0282390569790201
"3",0.00423884088231732,0.00495994731544954,0.00208535922830967,8.83798769694869e-23,0.0055505216769203,2.88774673143567e-23,7.13654165267951e-15
"4",0.0595013065059111,0.200180504720016,0.0758139969446471,6.72151106583974e-14,0.575346992332434,1.84062815500969e-13,0.00071997473840536
"5",0.010275802002376,0.0145250268435019,0.0122349439500843,1.90753503188379e-21,2.22680019861043e-20,1.10588578034758e-21,9.65910609918453e-29
