"","glmGamPoi (Pb)","edgeR (Pb)","limma (Pb)","glmGamPoi (cell)","Nebula","Devil (base)","Devil (mixed)"
"1",3.06557208774818e-09,5.92188659908001e-07,3.14107526992036e-09,6.78219362633091e-77,4.19988140184005e-12,2.82066484768247e-76,9.15901406349354e-12
"2",0.0122175023126235,0.0454803655266333,0.0182688790714626,4.5725237182004e-25,0.028055534320898,3.41213587055997e-25,0.0171588516895534
"3",1.78700765710546e-08,3.26886035706494e-06,2.25677260961292e-08,3.4928716908141e-175,1.04936512115335e-06,4.84159829587474e-174,3.63683535656161e-11
"4",0.0128055266217048,0.0348119976720062,0.00955164994579937,1.02364107532816e-24,0.139631746710244,1.79908939618321e-25,0.028272185093231
"5",1.19216075394567e-05,0.00148740201668246,1.21722300573639e-05,6.54451624834215e-24,3.19523716012055e-05,7.34345408559005e-24,0.000360026715300274
