"","glmGamPoi (Pb)","edgeR (Pb)","limma (Pb)","glmGamPoi (cell)","Nebula","Devil (base)","Devil (mixed)"
"1",1.84719897078334e-07,2.82006183685994e-05,2.20159479157638e-07,2.17185773742565e-109,0.000557564310690856,3.05843868838879e-110,0.00043405846584414
"2",1.1049361998877e-09,3.3204628277283e-07,4.64303855437818e-09,4.01652993756356e-33,7.55268530166947e-12,1.17999109662896e-32,2.14817107597709e-09
"3",0.000247100052703808,0.00465351872505984,0.000233279479837196,5.04065952396496e-16,6.16260442487555e-16,4.79713767007773e-16,9.94228492182016e-27
"4",5.69427259519125e-07,5.16209501465247e-06,2.86943508536204e-07,8.94736563688139e-220,1.29755548134378e-07,4.22535642376816e-219,2.4459759715889e-05
"5",4.40463189854863e-06,0.00116502095861218,4.1707787543609e-06,1.15176266666618e-38,3.61454411108413e-05,1.24630508581819e-38,1.70638359181051e-11
