"","glmGamPoi (Pb)","edgeR (Pb)","limma (Pb)","glmGamPoi (cell)","Nebula","Devil (base)","Devil (mixed)","glmGamPoi (fixed)"
"1",0.0496783627095444,0.0631351011713121,0.104365664862738,1.01592066885601e-22,0.0738438307408619,1.82116372336801e-22,0.116293652911273,2.23201810260804e-06
"2",0.00387769678001471,0.000136210025218855,0.000834867446978585,9.21334249035483e-159,0.00298516704788302,1.22495573989021e-158,0.0461605934302744,3.02242006635562e-32
"3",0.0556327197051025,0.0540787859025696,0.0614959895308832,7.94112660226406e-70,0.0670405919470588,3.24532606301148e-69,0.0771800814570978,1.81158143216163e-25
"4",0.0179252423688777,0.0237040078323755,0.0456982103975612,1.97010628462583e-35,0.00180475366972094,5.03963923933399e-35,0.0142368925835833,1.30393084105413e-11
"5",0.0439910900880889,0.0857047186185273,0.106925859036066,7.78948125131103e-33,0.00143279466946184,1.60285899448665e-32,0.0022497790897983,9.96064341724236e-16
