"","glmGamPoi (Pb)","edgeR (Pb)","limma (Pb)","glmGamPoi (cell)","Nebula","Devil (base)","Devil (mixed)","glmGamPoi (fixed)"
"1",0.173490497237537,0.206175206711644,0.100308709368072,5.15831703661822e-06,0.317391467158667,4.57715815484389e-06,0.0601571245565331,0.0449048848766852
"2",0.0585106191882469,0.0698693750608153,0.0453242840870383,4.2656066049554e-15,2.22691428847872e-07,6.05177294265825e-15,2.2621065527246e-13,1.40606947263631e-05
"3",0.0599681886081549,0.0781339361905667,0.0460790541474706,1.12000731679826e-13,0.262230570211089,9.75660369040561e-14,0.030765897704316,0.00876480097681132
"4",0.0296394421415099,0.0322886313067276,0.0635308357455785,9.46853879928227e-12,0.0474405939381227,9.58850616879857e-12,0.00143639199664323,0.104482513957085
"5",0.0226498055449443,0.0282497782998366,0.0633247850300191,5.2600749836737e-11,0.0860764916995894,3.86271752200493e-11,0.00465540161374446,0.03146065350526
