"","glmGamPoi (Pb)","edgeR (Pb)","limma (Pb)","glmGamPoi (cell)","Nebula","Devil (base)","Devil (mixed)"
"1",0.0486340458311466,0.0790303763121093,0.0562303782189228,1.58026519369941e-45,6.40012758758661e-41,1.77588947017223e-45,8.2578305203437e-22
"2",0.599516398589831,0.657331617488116,0.69628235215628,7.1710344040594e-05,0.342935196968266,7.03472907744685e-05,0.0796225803976464
"3",0.138558152483158,0.137551421870857,0.0835227041447642,1.54513472797623e-24,0.0621297743348919,2.03497894362213e-24,0.0349152464238784
"4",0.0154408177645368,0.0316750140221457,0.0242457916418704,1.00703124064493e-52,2.73957522289308e-05,2.31111465296735e-52,0.000213695916189578
"5",0.536122184908014,0.576799210618104,0.399022655845926,1.24823848849477e-07,0.606676981701867,1.2946272834732e-07,0.334320859180732
