"","glmGamPoi (Pb)","edgeR (Pb)","limma (Pb)","glmGamPoi (cell)","Nebula","Devil (base)","Devil (mixed)","glmGamPoi (fixed)"
"1",0.00447661540430291,0.019709976506966,0.00346434156669099,7.85405806960324e-33,0.0129835792851528,9.91760557549434e-33,0.0081750773993561,9.1775919087445e-18
"2",0.000683233718738545,0.00297909778726438,0.000410353985408875,1.59272601394392e-139,3.22570303366957e-11,4.64082450968055e-138,5.08159588781032e-10,2.31656251366881e-65
"3",0.0054351247613404,0.0171567425125281,0.00471619440153246,5.21937437481243e-231,0.0138582795381732,8.74508393234638e-230,0.0276264726900681,1.49789224453943e-112
"4",0.00357998754973109,0.00800306789913536,0.00408586690302149,1.14516978969143e-160,3.20106186860195e-06,3.94071619206747e-159,1.94825043252711e-05,1.14697681374406e-58
"5",0.0316396783000686,0.0618670077667621,0.0278962452432874,2.69484289099992e-80,0.0322931142761103,7.12387009788357e-80,0.0715403166975385,9.20788717534569e-48
