"","glmGamPoi (Pb)","edgeR (Pb)","limma (Pb)","glmGamPoi (cell)","Nebula","Devil (base)","Devil (mixed)","glmGamPoi (fixed)"
"1",0.242840448674141,0.131973051117648,0.0899682634702755,0.0036986971888407,0.00388446683512891,0.0037259969568348,1.11395685891814e-15,NA
"2",0.967165360844525,0.873584968376052,0.511226752298753,0.118389525756547,0.87325980159251,0.119649686471726,0.540986912317454,NA
"3",0.591542206762959,0.563380420415483,0.680203994499245,0.170127357232659,0.611162035932524,0.170409099418779,0.470343263012607,NA
"4",0.752912467827488,0.764973172189483,0.808278882098357,0.00120210295823215,0.769388160723584,0.000863884840591154,0.000319131694436449,NA
"5",0.478702636237376,0.51083975044231,0.53765889996477,0.00316740113826256,0.522455479943311,0.00321980164360436,0.269139408710012,NA
