"","glmGamPoi (Pb)","edgeR (Pb)","limma (Pb)","glmGamPoi (cell)","Nebula","Devil (base)","Devil (mixed)"
"1",2.5377202941652e-05,0.000813093929986092,3.05235870850559e-05,4.80114361444658e-154,0.000148893841443158,1.63560823716132e-153,0.000830173649312001
"2",1.55806151820304e-06,0.00040854679845269,2.6612007519725e-06,1.17225695939157e-125,0.000742360920957482,9.14272922883505e-126,0.00689259463098445
"3",8.63515326023688e-06,0.000229668138875476,7.7371675277021e-06,4.95268071451435e-111,0.000363002769179292,4.42039546176684e-110,0.00173102386496085
"4",2.14695304225484e-05,0.00143866233601592,4.27225945279778e-05,3.80077780665279e-225,0.00415497863751701,1.25499785894401e-225,0.0194839341816371
"5",0.000413672833891595,0.00463682970692243,0.000659349089246822,7.33443431378001e-224,0.0106984033503212,1.08212630750941e-224,0.0427100884757752
