"","glmGamPoi (Pb)","edgeR (Pb)","limma (Pb)","glmGamPoi (cell)","Nebula","Devil (base)","Devil (mixed)","glmGamPoi (fixed)"
"1",3.92651091189839e-05,0.00101032017438198,2.37553427938184e-05,1.47998658175079e-167,1.18663651446277e-08,9.36103861212259e-167,1.3837995597085e-07,NA
"2",0.0128112323383133,0.0244952187880762,0.0171359551372602,6.32099684237912e-65,0.000314993411049249,6.36099732946465e-65,2.25083698785821e-05,NA
"3",1.17714535224193e-08,1.02373922794476e-06,9.05848741438557e-09,7.9003140090239e-110,2.27807108495304e-11,5.55846932727066e-109,4.63665391461461e-08,NA
"4",5.57625735846766e-08,1.28110573056792e-05,6.1565007769044e-08,1.16765624058254e-131,2.49342241970145e-09,7.50175975462706e-131,5.82615319731168e-08,NA
"5",0.000115443064409,0.00141090920981554,0.000143475693816845,1.13145080980589e-52,0.00328376755799844,1.93674772712053e-52,0.00763353381239078,NA
