"","glmGamPoi (Pb)","edgeR (Pb)","limma (Pb)","glmGamPoi (cell)","Nebula","Devil (base)","Devil (mixed)"
"1",0.079669303268097,0.094291614768853,0.117046400606435,3.53885029134016e-21,0.000331585796268876,2.48942901828061e-21,0.00095629886051525
"2",0.0496496079884816,0.0639985425145241,0.0966715397345461,1.0656434406757e-60,0.0796051509744897,4.80847997917057e-61,0.138630171793865
"3",0.433510938708787,0.484473355399403,0.575940560554487,1.06062897386731e-21,0.524238274950952,7.70299811868376e-22,0.586284611605783
"4",0.0220830288618875,0.0105981052589957,0.0275449718641638,5.32776092279608e-97,0.0262396516289859,3.98130089226483e-97,0.0564865090412007
"5",0.0201707040132474,0.0480969282769764,0.0648024633962855,3.86994495126977e-29,0.00391122547616295,2.74119531368919e-29,0.0110046441705592
