"","glmGamPoi (Pb)","edgeR (Pb)","limma (Pb)","glmGamPoi (cell)","Nebula","Devil (base)","Devil (mixed)"
"1",0.481764314761395,0.531158322693312,0.537417392511604,5.66834765599915e-16,0.562056415380075,6.07558501273275e-16,0.339408546005981
"2",0.120518766760964,0.154118171786339,0.0817692923926173,2.33824920757196e-104,0.304733124787983,4.71237692637314e-103,0.130674842236394
"3",0.232625499714667,0.302903999480244,0.2251753377201,4.01478693813962e-51,0.000532619705668134,7.1731896599988e-51,0.00414256521804851
"4",0.282679543755675,0.418659118215839,0.228981583382935,1.34807655743527e-58,0.566281914408607,7.85760965499517e-58,0.246254732454413
"5",0.0519960972108884,0.0629452748022244,0.0676753414641567,3.7544323935181e-87,0.000574580912663384,2.78330616362644e-85,0.000465377830129719
