"","glmGamPoi (Pb)","edgeR (Pb)","limma (Pb)","glmGamPoi (cell)","Nebula","Devil (base)","Devil (mixed)"
"1",0.994694419885084,0.998696128569097,0.968474199717656,0.664052447039508,0.968405745579619,0.664128381089113,0.694513826979835
"2",0.10591888792087,0.137298404689293,0.0645922287116257,1.27918526637046e-57,0.483783850042746,6.9441423405555e-61,0.163186567514936
"3",0.0400400901710002,0.0625377124642478,0.0582346251131585,1.28602236096711e-10,0.00322760966460846,8.61841850102318e-11,2.34707467155354e-05
"4",0.461342544958833,0.508530726557824,0.384881811555193,2.16438327473347e-05,0.128114977497319,2.09282584802168e-05,0.0239969813931961
"5",0.0869640710952765,0.107440852502795,0.336021271862478,2.79499450349545e-32,0.101680023148361,1.52705187530869e-33,0.0029875579713612
