"","glmGamPoi (Pb)","edgeR (Pb)","limma (Pb)","glmGamPoi (cell)","Nebula","Devil (base)","Devil (mixed)"
"1",0.00853799568277086,0.0151037402605245,0.0105998750723828,3.95013160243673e-30,0.000544470629562882,3.75296504935365e-29,0.000410080156138137
"2",0.0101696025046347,0.0288657371923511,0.0344403039344961,2.56617866204919e-61,0.00180484656091492,5.33149175871889e-60,0.0011336091432044
"3",0.042692987673693,0.0728596200709126,0.493082346305803,3.7988598201229e-130,0.00014229792524087,1.21650447542953e-21,1.61204067141654e-22
"4",0.0232089865315826,0.0666795163550478,0.393786529790681,3.40753465504192e-51,0.00470657477652385,1.86150645476802e-46,0.000732746787653568
"5",0.0010072197406087,0.00292403961525332,0.0010409973432491,2.96046304260291e-18,1.98361838172076e-05,5.65495058001091e-19,2.78990683212531e-05
