"","glmGamPoi (Pb)","edgeR (Pb)","limma (Pb)","glmGamPoi (cell)","Nebula","Devil (base)","Devil (mixed)"
"1",2.58590280915118e-06,5.25770192293615e-05,4.10508295273815e-06,5.94615706789673e-66,1.51244520631408e-07,2.45143695137442e-65,7.49600791458302e-08
"2",1.02483445393358e-05,7.12058149889273e-05,1.30685676697179e-05,1.0228045592161e-227,2.39004971010818e-06,2.00842595950885e-225,5.02715934408061e-07
"3",0.344278784510609,0.306185237588096,0.157553378980163,2.48320853029282e-166,0.271179858380999,2.55403787588285e-175,0.0121995662655137
"4",0.0225826718125882,0.0319388037511644,0.0230431503139835,3.37066076396005e-94,0.00722580931730166,1.72864890689398e-93,0.00373218762418699
"5",0.0161734970276391,0.0326288953409433,0.0259950807139564,2.44221169684837e-31,0.00568525968140241,3.42771372146711e-32,0.0674495906770161
