"","glmGamPoi (Pb)","edgeR (Pb)","limma (Pb)","glmGamPoi (cell)","Nebula","Devil (base)","Devil (mixed)"
"1",0.078328746842653,0.14069368161916,0.072305516325471,7.73835429201383e-06,0.15152807079211,8.36954147321506e-06,0.0904529356878138
"2",0.480696163659033,0.60291810439892,0.458410734556254,0.766400326679044,0.582229945204896,0.766883363690193,0.861891512730415
"3",0.937137004619377,0.953158510918774,0.612384303288223,0.369769176698657,0.778644920578158,0.370190332949828,0.83791201616671
"4",0.000279864408083859,0.00108728665903243,0.000751733627079,8.90109373339308e-35,6.32997623883334e-33,2.01786864931703e-34,2.15845415383668e-16
"5",0.323086667587657,0.411856260459021,0.170723215311342,0.0368922051457058,0.0376459180248574,0.0371153083376454,0.0140269986110028
