"","glmGamPoi (Pb)","edgeR (Pb)","limma (Pb)","glmGamPoi (cell)","Nebula","Devil (base)","Devil (mixed)"
"1",2.87108712162254e-05,0.00177708935390184,2.00171128923097e-05,1.15288956315512e-37,0.00040816192387055,1.68187168325827e-37,0.000126697791989701
"2",1.38480053005088e-05,0.000121164084951494,8.82717730782535e-06,1.19212981251227e-25,1.23006440307586e-14,1.76595265210714e-25,3.65539844567592e-15
"3",0.00408103125252645,0.024478502910084,0.00297131896556587,1.28755859699675e-23,0.0319567476445029,1.60459913165279e-23,0.021900202921631
"4",0.00382060174871823,0.0174974894292152,6.54067595752572e-05,7.61647409984633e-36,1.31850349938391e-12,8.83684594819971e-36,2.98931719188857e-13
"5",1.50656403235219e-07,3.83600941672545e-05,1.06780918931576e-07,1.55755528846698e-75,1.14876482225346e-08,4.07992781051129e-75,4.19474955660998e-22
