"","glmGamPoi (Pb)","edgeR (Pb)","limma (Pb)","glmGamPoi (cell)","Nebula","Devil (base)","Devil (mixed)"
"1",1.58638484057724e-05,0.00180243648530486,1.60534996231721e-05,2.15650913284979e-143,1.61568532157053e-08,3.06053006663672e-142,9.94594802714465e-09
"2",5.21844464232554e-08,2.36803304469457e-05,5.42469472266506e-08,0,9.76652481823304e-07,0,1.42057091153928e-06
"3",5.51948155852631e-06,0.00012331561493441,3.11606678028598e-06,0,2.43921362591376e-05,0,8.60699095587468e-06
"4",0.00299675215016177,0.0209489415229802,0.00137761030498073,1.71591604817983e-59,0.000414006675793963,5.2254991931414e-59,0.00104883010349464
"5",0.00210392814525909,0.0121815203341678,0.00209620750925724,3.48784566106171e-217,0.000205472618155786,4.99069418044919e-216,0.000538768555554774
