"","glmGamPoi (Pb)","edgeR (Pb)","limma (Pb)","glmGamPoi (cell)","Nebula","Devil (base)","Devil (mixed)"
"1",5.10904803338062e-06,4.86813032537498e-05,3.99551301652823e-06,4.75828617400301e-51,6.68150583130212e-06,3.1637765850293e-51,1.51701563875215e-10
"2",0.000145393943092478,0.00244730403869738,0.00018444196293052,2.43454840906333e-18,3.76038087223088e-18,2.1995323565245e-18,1.40776934821311e-28
"3",0.71961638120036,0.747931318797334,0.28876901047278,0.0107777785804585,0.694607989261535,0.0108198408697019,0.365009059288807
"4",0.00173819243109346,0.0376247143895126,0.000547409853296601,3.78929893202472e-08,1.20141679228306e-06,3.85760488602692e-08,1.78482159248725e-05
"5",0.00423855767237662,0.0185192821329489,0.00333787314393739,1.21554714852678e-11,0.00869513685225701,1.29302640237613e-11,1.20761035236463e-09
