"","glmGamPoi (Pb)","edgeR (Pb)","limma (Pb)","glmGamPoi (cell)","Nebula","Devil (base)","Devil (mixed)","glmGamPoi (fixed)"
"1",0.0459266469520772,0.0807069512058559,0.0721210803897894,1.22111229333611e-06,0.137301244403554,1.21450410966556e-06,0.232865729613862,NA
"2",0.0105016259454841,0.0137664026601527,0.00685422667778585,4.83446098939207e-45,3.11262455381392e-10,1.15949865349735e-44,1.30379042706272e-10,NA
"3",0.0226329022999666,0.0189455699961184,0.0209645880937176,5.82076610811967e-36,0.208520599079436,5.2349732369066e-36,0.22719425473122,NA
"4",0.0481463930806326,0.105701147547511,0.095338160330059,4.66189550686428e-05,0.0070766432736282,4.72413922046135e-05,0.0344575686027651,NA
"5",0.67070263063337,0.693496392959512,0.818243053282467,1.35489433670841e-17,0.629723613921053,1.37157929396006e-17,0.383484115404581,NA
