"","glmGamPoi (Pb)","edgeR (Pb)","limma (Pb)","glmGamPoi (cell)","Nebula","Devil (base)","Devil (mixed)"
"1",0.00377768952791941,0.0957347111162653,0.00188976147265113,6.70308950087454e-15,0.0862493397307215,7.01961687398684e-15,0.0641415656469355
"2",2.11437183454021e-08,1.68342573489242e-05,2.90660474682835e-08,9.84259235093628e-54,4.3296008657332e-07,1.4575243623177e-53,4.62457812869504e-07
"3",3.30590762500027e-06,0.000177638748696267,2.08220168363537e-06,2.8659574122202e-106,0.000159016548560892,1.10145635107699e-105,0.00628323050915139
"4",6.16877526143281e-08,3.72379151297267e-06,8.83910530017938e-08,6.15134484030753e-45,9.53120489422754e-13,9.06308068329247e-45,7.66124295886072e-16
"5",0.00341781714850286,0.0190652619000047,0.00381736386384265,9.95366057473078e-20,0.0413344969892658,1.17903864822516e-19,0.181614634869755
