"","glmGamPoi (Pb)","edgeR (Pb)","limma (Pb)","glmGamPoi (cell)","Nebula","Devil (base)","Devil (mixed)"
"1",0.0180571273285598,0.120706714612714,0.0274161722981625,1.63963988317973e-58,0.00277497228160326,2.53501833714679e-58,1.66490716763377e-05
"2",0.000193321900648759,0.00349154981477134,0.000100607917618829,0,3.24053684814283e-06,0,3.36688210110059e-05
"3",0.0278540490824086,0.0722778391865118,0.0250086802420411,1.34342575061682e-29,0.000913246419247843,1.81980658086897e-29,5.87516866361888e-07
"4",9.57468473926418e-05,0.0183507447117009,0.000107129706434413,2.13515209278149e-46,1.93119009318973e-06,3.69448755775945e-46,4.95047813824863e-18
"5",0.00939539205476523,0.0644458401011989,0.0205716207568662,1.71669558370778e-30,0.00221860308153962,2.3376070884838e-30,8.0052864830953e-05
