"","glmGamPoi (Pb)","edgeR (Pb)","limma (Pb)","glmGamPoi (cell)","Nebula","Devil (base)","Devil (mixed)","glmGamPoi (fixed)"
"1",2.76204354965458e-06,0.000370318327629406,3.61604171317538e-06,1.31550555356191e-273,3.18136432966534e-11,2.47907160794233e-272,1.42037955747495e-14,NA
"2",8.43769665505751e-09,2.5939603010333e-06,1.05844183435825e-08,0,0.000107644322611701,0,0.000528207770775416,NA
"3",5.58473538190805e-09,1.77589638997888e-06,2.93360763721028e-09,0,3.83826563953829e-06,0,0.000162764795271004,NA
"4",9.99600714987965e-09,1.61578617529826e-06,1.18485118821618e-08,0,2.65627963211909e-05,0,0.0005244172184089,NA
"5",6.47229880829113e-06,0.000411093050374486,5.26266891947373e-06,1.78503922547433e-274,0.00213094394578617,4.60904773473025e-273,0.00223715371350595,NA
