"","glmGamPoi (Pb)","edgeR (Pb)","limma (Pb)","glmGamPoi (cell)","Nebula","Devil (base)","Devil (mixed)"
"1",0.0117792677024096,0.0363858868778488,0.0174119793431397,5.35134457404662e-90,0.0356713319014274,7.94800756809788e-90,0.0295534550054056
"2",0.0158717939374234,0.0371000276522411,0.0137138123809801,1.38578297257204e-68,5.05219343968292e-13,3.92288279188608e-68,3.57120499214331e-16
"3",0.389747215413595,0.446765604256382,0.488253062190958,2.67251618331017e-63,0.371293612708023,1.2868963068135e-63,0.416155126816131
"4",5.07112125196721e-05,0.00838693713023204,6.32958978798791e-05,1.5450901859197e-211,0.00334040178710409,2.30696021499732e-213,0.00333185123925086
"5",1.9009965168637e-06,0.000207733301868023,1.44344093104905e-06,5.81420120174243e-103,0.000114868288416348,2.50374551652316e-102,9.93847383266963e-05
