"","glmGamPoi (Pb)","edgeR (Pb)","limma (Pb)","glmGamPoi (cell)","Nebula","Devil (base)","Devil (mixed)"
"1",0.841450386037783,0.786872707870628,0.96971284711243,2.59575278777837e-05,0.923657274052168,2.57847501245864e-05,0.361626189328797
"2",0.21165740343456,0.194690094552995,0.271063085170672,1.57872479834153e-06,0.0943598398621961,1.37071349124606e-06,0.146155013981605
"3",0.647786732542528,0.630898611901057,0.65027096896903,0.855066066371018,0.631075827753953,0.855172709325165,0.927843261936682
"4",0.476165402222838,0.575485688504203,0.455251071855549,1.11735859327311e-07,1.62822091319965e-07,1.16276337091509e-07,8.3525674851153e-08
"5",0.189567320754763,0.199166354665409,0.203350284614978,1.49694724631465e-05,3.13467146479618e-05,2.75064596643286e-05,0.000388439300927091
