"","glmGamPoi (Pb)","edgeR (Pb)","limma (Pb)","glmGamPoi (cell)","Nebula","Devil (base)","Devil (mixed)","glmGamPoi (fixed)"
"1",0.0616471535344701,0.130686458089021,0.0546386413417445,3.83583879680147e-05,0.00580050605787773,3.87930560626618e-05,0.00756428818077534,NA
"2",0.00946789879944674,0.0320198336713023,0.0225105129467426,1.79963674177392e-24,5.05356161578704e-06,3.93113208032605e-24,1.38745364298151e-07,NA
"3",0.0321233051348558,0.0105288924661156,0.00487673013486423,5.82581804061364e-10,9.96776547559016e-10,5.93934052667678e-10,3.68958573044737e-20,NA
"4",0.0104351633243696,0.0119811202525454,0.0043452110055176,3.35812696123445e-22,6.57255610832013e-21,3.91326448396373e-22,2.43333619486983e-26,NA
"5",0.0552477173103821,0.0808073743953256,0.0279226143272132,2.0805877221415e-15,7.08426109652407e-05,2.67816407464089e-15,4.37094724224056e-05,NA
