"","glmGamPoi (Pb)","edgeR (Pb)","limma (Pb)","glmGamPoi (cell)","Nebula","Devil (base)","Devil (mixed)"
"1",0.021585722854785,0.039325784894752,0.0245187805795217,6.72741165833385e-47,5.66727502167481e-09,1.59629072574855e-46,7.35102826308567e-14
"2",8.87743668701589e-09,9.09135494234499e-06,7.4121767206721e-09,1.25585906596335e-112,0.00514762147332811,3.79278127117231e-112,3.86609727327546e-09
"3",5.91096305693648e-08,2.72646974287351e-05,8.41498084302929e-08,1.75110878908824e-104,6.06808667452719e-06,1.21235646925681e-103,6.54352708721818e-13
"4",0.000843488068979322,0.00309287465681946,0.000887845637155644,1.14349241981725e-26,5.58262082216461e-06,1.36075589679104e-27,4.07415995148296e-06
"5",0.000506532310376151,0.00774842664873398,0.000102193998360623,2.532610141547e-15,0.0344654165529639,2.64524430781587e-15,9.51816411270035e-05
