"","glmGamPoi (Pb)","edgeR (Pb)","limma (Pb)","glmGamPoi (cell)","Nebula","Devil (base)","Devil (mixed)"
"1",0.0790672365135926,0.144446005729308,0.0588233062429185,5.27749464945247e-07,0.0705819253877591,5.3322687734415e-07,0.00155529365404871
"2",0.130750466609067,0.30864138972436,0.200834810332618,0.000209169820537543,0.156279812447563,0.000213672389640695,0.00777095364984676
"3",0.0112135605039309,0.0374656449035207,0.0312271225456214,7.47818871541988e-18,0.0536306090281231,8.48571302317712e-18,1.15415061520859e-05
"4",0.00109869126842705,0.0087151384333737,0.000691868961142321,3.18314648655262e-15,1.3855368235211e-05,3.43715072741788e-15,9.10705348485663e-14
"5",0.0472410926031271,0.0794004593714103,0.0414736364004556,2.08750721323268e-13,0.0369763270020224,2.43833953765565e-13,0.00454641997691527
