"","glmGamPoi (Pb)","edgeR (Pb)","limma (Pb)","glmGamPoi (cell)","Nebula","Devil (base)","Devil (mixed)","glmGamPoi (fixed)"
"1",0.00405850908525335,0.0153719785010659,0.00286384645642123,2.43802899650311e-77,2.56988029172096e-07,4.9965493194697e-77,2.03092519563607e-07,NA
"2",1.24550797190328e-08,7.40560511715653e-06,8.38149653453833e-09,0,3.57997346322667e-07,0,1.04224149236232e-05,NA
"3",0.000259682957758061,0.00225729303127444,0.000361476527227596,0,0.00193609733233046,0,0.00271403209997715,NA
"4",0.000236151847771158,0.00790782937132317,0.000226382137814875,0,2.35139208113382e-07,0,5.03772020701378e-11,NA
"5",2.57500279591581e-05,0.00112232465768584,2.81895793335998e-05,7.56314879098023e-94,1.09424469593025e-11,1.89887895833911e-93,1.53302939636289e-08,NA
