"","glmGamPoi (Pb)","edgeR (Pb)","limma (Pb)","glmGamPoi (cell)","Nebula","Devil (base)","Devil (mixed)"
"1",0.176339464475181,0.265795955370636,0.151297790517099,1.22219251630602e-24,1.44509889373482e-23,1.66258630787414e-24,1.26853119021378e-40
"2",0.0117164933254544,0.133788312643524,0.0370190772375098,0,5.0806832797358e-13,0,8.01612820779427e-11
"3",0.999189682706728,0.98514651810285,0.719099660131611,0.00384067298650532,0.253106245517757,0.0038866559563769,0.344826261814631
"4",0.118067506813452,0.188897134499108,0.0848124332997055,5.83840846725995e-18,2.26918524844093e-17,8.1337201021843e-18,8.70345468854658e-13
"5",0.0563732356762018,0.0447499207641446,0.0296329689761224,3.18774299372708e-26,0.000385327843700017,1.00600730375158e-25,0.000755710069956076
