"","glmGamPoi (Pb)","edgeR (Pb)","limma (Pb)","glmGamPoi (cell)","Nebula","Devil (base)","Devil (mixed)","glmGamPoi (fixed)"
"1",0.0891892385737471,0.128603086384461,0.147269444681086,1.5615181677054e-79,0.132264812095747,7.12173852544819e-80,0.204037131443235,NA
"2",0.012672409594468,0.0311206492150632,0.0166439553075429,8.03263706984232e-59,9.77392413369744e-05,2.92165516431082e-58,0.000944319775200675,NA
"3",0.0278442187725354,0.0639846304802615,0.025779544977281,3.46656278657663e-80,0.00507312888288883,3.99687354416119e-80,0.0178803172365968,NA
"4",0.0268494253065519,0.0514478369075412,0.0279164118492544,3.84267533808073e-81,0.0370150245537531,8.27729461665851e-81,0.0823870629425161,NA
"5",0.35698204594019,0.435672288775529,0.432991849590792,1.72176507395419e-05,0.00248048948619863,1.757135665499e-05,0.0103194234176824,NA
