"","glmGamPoi (Pb)","edgeR (Pb)","limma (Pb)","glmGamPoi (cell)","Nebula","Devil (base)","Devil (mixed)"
"1",7.79500594894191e-05,0.00060371483581892,4.30484068632987e-05,2.91635136357716e-125,0.00019184512444762,9.7691741253917e-125,0.000812190653569551
"2",7.34052013420674e-05,0.00034297985712163,8.41667356230711e-05,1.07880082665143e-61,7.19146534514644e-06,3.1232935406198e-61,3.50287593308887e-06
"3",1.08570318469729e-07,4.6426835967347e-06,1.31190677866303e-07,1.12884293396105e-85,1.99777761084652e-13,2.09068687359198e-85,1.72001322461547e-11
"4",4.99234751136557e-05,0.000321376485713769,6.86491552735435e-05,5.87837702022155e-76,2.53244686507827e-06,1.81881112152472e-75,3.18984302845021e-09
"5",0.000292689249817528,0.00248695710088089,0.000681049825231569,6.46115867737003e-124,0.000188911268654648,1.40523501834894e-123,4.82292803634166e-06
