"","glmGamPoi (Pb)","edgeR (Pb)","limma (Pb)","glmGamPoi (cell)","Nebula","Devil (base)","Devil (mixed)"
"1",0.0125451044472211,0.0344365464009219,0.0287204372493047,3.61102811993395e-41,1.07897843982715e-06,3.16652838435248e-41,3.12529384729503e-05
"2",0.59195578570457,0.688705802269041,0.778320666811078,0.182950985665373,0.667038092860312,0.183394494580076,0.867723135329826
"3",0.123888697938223,0.14448090047642,0.0977186437483486,2.48327329151206e-57,3.66961545436442e-49,5.93394164957017e-58,4.73313455092679e-23
"4",0.0145136314011034,0.0352441559458267,0.0248196825297374,4.52596264443289e-31,0.0110646373738495,3.72230796957828e-31,0.0321118981245254
"5",0.00701905503730915,0.0168558871526544,0.00740816111501945,7.0648958947827e-53,0.0331145899575787,1.30649514338205e-54,0.0808330106066553
