"","glmGamPoi (Pb)","edgeR (Pb)","limma (Pb)","glmGamPoi (cell)","Nebula","Devil (base)","Devil (mixed)"
"1",0.00208237245789311,0.0534045051572806,0.00225977703179894,4.28519246826941e-208,7.42414179009384e-05,1.96397856525895e-207,9.66440425175735e-09
"2",0.00032471128715651,0.00280371049773082,0.000182026391418876,4.35708302349879e-69,3.09693608312984e-06,1.13605121746013e-68,4.11715502054067e-08
"3",2.20563729343939e-05,0.000685520531598718,1.71933713104933e-05,9.13717227210626e-131,5.49237594479041e-06,9.70478069251159e-130,7.44279413453722e-06
"4",0.00137451323854715,0.00708237761448172,0.000660955967647259,3.61324110427027e-205,0.000108354263924474,1.67329610790086e-203,0.000235690680373664
"5",0.0792520236077606,0.122814998243137,0.0807113367219673,0,0.0374620003456796,0,0.0232184959626919
