"","glmGamPoi (Pb)","edgeR (Pb)","limma (Pb)","glmGamPoi (cell)","Nebula","Devil (base)","Devil (mixed)"
"1",3.45701650771884e-05,0.000331900333293724,1.68264289566904e-05,7.57684594912339e-126,1.10977882186194e-06,3.83177480397025e-124,3.00196027674221e-07
"2",1.17537181519254e-05,0.000148260510829014,4.46421449974125e-06,0,8.74974117898475e-15,0,6.0042960036488e-15
"3",0.000764795982145913,0.00583983494293768,0.000796038617552263,1.82864539634526e-93,2.79909990435944e-08,1.13582966117905e-92,2.77397255215624e-12
"4",4.06547330399983e-09,2.49775484823157e-07,2.66854222604688e-09,0,2.00485342434125e-15,0,1.82374727806347e-15
"5",6.49281901863256e-05,0.00104446938520691,4.30253285695105e-05,0,8.11372363378832e-10,0,2.27436555816662e-13
