"","glmGamPoi (Pb)","edgeR (Pb)","limma (Pb)","glmGamPoi (cell)","Nebula","Devil (base)","Devil (mixed)"
"1",0.862174186011062,0.888824878404694,0.84495871030946,0.329405732670558,0.352020526416795,0.330887337515399,0.596108453968242
"2",0.0482787403335794,0.133532999728351,0.0603339928091003,4.23476363476081e-12,0.00832611470159439,4.95351613494188e-12,0.0414137550035761
"3",0.351201055308918,0.364004711833867,0.281967854963478,7.4625209859313e-13,2.25243280346294e-05,6.91102110912649e-13,0.000146280202025182
"4",0.0451668261555427,0.0620086173134591,0.0296668230774371,1.85999725218274e-19,3.20660158903209e-19,2.04286488384052e-19,7.14702340986449e-17
"5",0.00433034297258281,0.00569636201872037,0.00245014582088201,5.73769297066638e-17,0.000112026725862799,1.64732124258773e-16,0.00068385427418235
