"","glmGamPoi (Pb)","edgeR (Pb)","limma (Pb)","glmGamPoi (cell)","Nebula","Devil (base)","Devil (mixed)"
"1",5.39907256445391e-07,3.86669265606061e-05,2.95713940723523e-07,2.09349736298724e-74,0.00145408352105922,1.38419115463189e-76,0.0305509811361655
"2",0.0130267902483438,0.0673203731582442,0.0103579340964223,5.98463668446756e-31,0.0124335579774788,2.37324301448837e-31,0.165229215864758
"3",0.000541775415363473,0.0246585076449312,0.000448877297421088,6.05755708281662e-32,1.26810899212702e-10,6.19795781852108e-32,1.28556675065932e-10
"4",0.119884477202569,0.207781968612388,0.0957659144037761,1.01365526706346e-08,0.0136989681247866,9.36881115622343e-09,0.0147965603791373
"5",3.83684111882376e-07,0.000184351480957719,4.55142632306594e-06,2.42517408423568e-09,3.3318886086982e-06,2.25707973710619e-09,0.000808968501107221
