"","glmGamPoi (Pb)","edgeR (Pb)","limma (Pb)","glmGamPoi (cell)","Nebula","Devil (base)","Devil (mixed)","glmGamPoi (fixed)"
"1",0.00335953536359463,0.0247970727036309,0.00154094829785412,6.86714633114834e-27,9.08105383311849e-11,1.03109184307816e-26,1.58756243301746e-11,1.60258271382418e-28
"2",0.0219171742958081,0.0111315793997177,0.0269294250030246,2.28405704216393e-37,0.010579648185012,3.08462628956414e-37,0.00293935626648786,3.96231852897535e-13
"3",0.000134514299890826,0.000482551548468147,2.81419767905098e-05,4.52144191954642e-167,4.47428239746177e-05,6.21529856617553e-168,0.000125712758798873,4.27524504674467e-71
"4",0.272547347517764,0.195991804111981,0.26496007604984,2.33436614510158e-35,0.238110981728687,9.46946423704457e-37,0.0209164410844528,1.06332822209125e-11
"5",0.00155188931961943,0.00241351668121235,0.000520209282226586,7.68826234245183e-82,6.89778429643268e-07,2.74573019889176e-81,2.47812053976196e-16,3.47089840956383e-49
