"","glmGamPoi (Pb)","edgeR (Pb)","limma (Pb)","glmGamPoi (cell)","Nebula","Devil (base)","Devil (mixed)","glmGamPoi (fixed)"
"1",0.118105217542175,0.173716458562699,0.0947256312122187,4.39344476921536e-06,0.140534590498974,4.55401021456462e-06,0.12348559574167,NA
"2",0.0101033585110742,0.0403617434773297,0.0124230867690806,4.12699628174215e-10,0.276897608970451,4.08889043159789e-10,0.320955447690444,NA
"3",0.0465639437591543,0.0669029425151144,0.0355779216292042,2.78468507686634e-17,1.12774100341532e-15,2.68516151814362e-17,0,NA
"4",0.293446783227315,0.366759978296331,0.249100563096095,0.689701955672509,0.964505542593345,0.690302055994726,0.950038586471869,NA
"5",0.0551033255952647,0.126588617461589,0.0730274221973467,0.226753337435626,0.674928124763274,0.227388859827496,0.724586231161908,NA
