"","glmGamPoi (Pb)","edgeR (Pb)","limma (Pb)","glmGamPoi (cell)","Nebula","Devil (base)","Devil (mixed)"
"1",0.0204330730029177,0.0193859506997928,0.014416704625007,6.00322096647053e-25,2.33907788968405e-08,3.28682839756919e-25,1.28816371076773e-09
"2",0.139007242098024,0.222039477256366,0.123724966148465,3.76157801893384e-15,0.0284073642014676,1.93531533314411e-15,0.0286148559238849
"3",0.0151222580509288,0.022791505624497,0.0234415793130595,3.81660236548536e-30,0.0394494275376309,1.35033144605949e-31,0.0354296468883637
"4",0.0292036059337378,0.084005958864214,0.0467937382346131,3.27569721524228e-22,0.16022815615494,2.40538051527804e-23,0.0893629804312373
"5",0.00880966218029041,0.0115847541452605,0.00512172791531611,1.82223104485989e-67,1.54534731121343e-05,9.83641994141354e-69,1.86662196086558e-05
