"","glmGamPoi (Pb)","edgeR (Pb)","limma (Pb)","glmGamPoi (cell)","Nebula","Devil (base)","Devil (mixed)","glmGamPoi (fixed)"
"1",2.04951179885828e-05,0.000261642308177526,1.98836944613641e-05,3.9246535193353e-16,1.99667369630522e-06,5.60788318654403e-16,6.15454126007279e-06,NA
"2",1.41574382309371e-07,2.27366930911946e-05,5.27148099465174e-08,8.07306345267562e-72,0.000587872920187141,2.40096394652514e-71,5.81266156579741e-05,NA
"3",7.3445858098841e-05,0.00327485367168267,8.63709571947237e-05,6.73152265327531e-75,1.80695667412837e-11,1.64542245966354e-74,5.32443716622975e-10,NA
"4",3.85096787582554e-07,0.000124084098364892,4.95754997870246e-07,6.08692417599377e-38,1.39605080590874e-07,9.09199696524246e-38,8.94946996281779e-09,NA
"5",1.45721555428897e-05,0.000104959660982903,8.45272172886284e-06,1.99283755829195e-40,0.000122165569422653,6.28932534730035e-40,0.0001076458811778,NA
