"","glmGamPoi (Pb)","edgeR (Pb)","limma (Pb)","glmGamPoi (cell)","Nebula","Devil (base)","Devil (mixed)","glmGamPoi (fixed)"
"1",0.0474419804682463,0.0750001624432099,0.0500253691703696,4.40986930299676e-75,0.00106428608000334,5.09051024957718e-74,9.50604491020979e-05,1.06513899580238e-11
"2",0.0724001584273499,0.0986778058445054,0.065304285493008,4.12737499879319e-319,0.0513987653989193,1.19516342071777e-305,0.0109300793959251,1.17529561138096e-45
"3",0.0117429152286176,0.0200841962574643,0.0140955940151348,0,0.00314349133140825,0,0.000742457592281759,1.34138855566662e-36
"4",0.153541017009615,0.191279790703911,0.136070482944137,7.8184730729255e-32,0.127869940403093,2.87487623036315e-31,0.0362550678650225,1.79529704789616e-05
"5",0.0212734933344329,0.0309277844200037,0.0307552509609551,1.91592627319724e-156,0.000286887063349966,2.9292322181071e-152,0.000118205855422446,3.19777678862842e-15
