"","glmGamPoi (Pb)","edgeR (Pb)","limma (Pb)","glmGamPoi (cell)","Nebula","Devil (base)","Devil (mixed)"
"1",0.0102448368703789,0.00491680059463287,0.00801971147199204,7.84094934067073e-09,1.32090873460757e-08,7.33887415545859e-09,1.34438611904686e-05
"2",0.0107324523747103,0.0108934309522126,0.0202478190290585,0.00249855251215449,0.288184277811398,0.00247527899812148,0.400484891241395
"3",0.341479881570948,0.180782668317954,0.313354644950786,0.0100188196067133,0.900522861082086,0.00904023330207364,0.705019179934033
"4",0.00365829934160408,0.00163607034499897,0.00286520463004438,3.17554597080372e-11,0.00183421159838894,2.79536687151811e-11,0.0119974578384321
"5",0.00532228163428948,0.00486482284203473,0.00569712332236397,1.54941254473372e-08,0.0537534605327109,1.4717775134436e-08,0.10034116691453
