"","glmGamPoi (Pb)","edgeR (Pb)","limma (Pb)","glmGamPoi (cell)","Nebula","Devil (base)","Devil (mixed)"
"1",0.00267912968663849,0.00828227485358249,0.00568989023208157,6.61499314925875e-78,3.76541467258026e-20,9.4012967212169e-77,6.69350711464511e-16
"2",0.00288692551902798,0.0448357738769894,0.00253170766854186,1.95131832230798e-126,8.418020140487e-63,5.07853395016893e-126,2.09972056217103e-70
"3",0.000849572565802356,0.00354799948846315,0.000828429795284269,1.5047612507106e-154,3.23689175537055e-120,8.29836201333157e-154,1.19155519096515e-163
"4",0.0181903808808445,0.0495965081791179,0.0208482255906364,1.09700271541311e-41,2.60400053341369e-13,2.42568929590065e-41,1.4866934098593e-11
"5",0.000108298444939451,0.000442170828329421,0.000246588039351848,6.21310164567155e-160,3.76894733692977e-139,3.31229237694011e-158,0
