"","glmGamPoi (Pb)","edgeR (Pb)","limma (Pb)","glmGamPoi (cell)","Nebula","Devil (base)","Devil (mixed)","glmGamPoi (fixed)"
"1",0.0247555902410265,0.0517162572883327,0.0384177185994379,3.24687508062943e-06,0.0137106367349346,3.52277389248381e-06,0.0014599349831871,NA
"2",0.170222286040393,0.183546492162698,0.147977865157199,7.89259100015869e-07,0.125687844768162,8.68883664760043e-07,0.00216248692431009,NA
"3",0.127832060830527,0.219872612480229,0.124264361483245,2.34070162517075e-08,0.337964379918583,2.44573620393953e-08,0.0301037728419156,NA
"4",0.000158938507751534,0.00297471799651026,6.01536702021912e-05,4.25898336308042e-26,0.000651131745910546,6.32693589155496e-26,0.00053833400404516,NA
"5",0.0123471604626179,0.0214225139779627,0.00948025552922512,8.66004016600335e-06,0.0126896249039521,9.19669874118348e-06,0.00819141774564969,NA
