"","glmGamPoi (Pb)","edgeR (Pb)","limma (Pb)","glmGamPoi (cell)","Nebula","Devil (base)","Devil (mixed)","glmGamPoi (fixed)"
"1",0.0228820864394692,0.0453514930085698,0.0402509029428485,4.10599972443049e-13,0.000452480124328626,7.75523014844149e-15,0.00205445686299603,NA
"2",0.635451253566896,0.665447314763741,0.56178800784506,1.63531476756406e-07,0.0579419485601897,1.56612716186618e-07,0.285239989740196,NA
"3",0.25504653432611,0.303138833140775,0.353975349976728,2.32082126110797e-19,0.068008505122671,6.94368040130274e-20,0.325442072815072,NA
"4",0.0859963421582058,0.126433595534356,0.0989055955725625,2.97794289716985e-36,0.00107915251569326,8.19909106864631e-37,0.0128269277010475,NA
"5",0.922485466164833,0.93012651284848,0.897707431609686,0.0270437919590621,0.190104348056376,0.0263255482939743,0.583077377000508,NA
