"","glmGamPoi (Pb)","edgeR (Pb)","limma (Pb)","glmGamPoi (cell)","Nebula","Devil (base)","Devil (mixed)"
"1",0.0900084104004544,0.11340110470688,0.0782180065096721,3.69851589508917e-08,0.000136410450308255,3.72313519757598e-08,0.000172645970585539
"2",0.106029085191899,0.171052063863182,0.122740181763922,2.47108595347759e-30,0.0102436591856509,5.16186327090472e-30,0.0209189391352997
"3",0.279491701008734,0.389694630107465,0.279925754608621,0.0361505024293342,0.258866130871766,0.0362554680976091,0.274774238976692
"4",0.0160204129056649,0.0242544766390866,0.0187454903603526,5.84703917166611e-24,0.11510322696335,1.31401123290352e-23,0.170502869755457
"5",0.0193296493306057,0.0340756488938762,0.022758715566785,8.67617472704857e-21,0.32044416236573,1.71006567833179e-20,0.410586572412207
