"","glmGamPoi (Pb)","edgeR (Pb)","limma (Pb)","glmGamPoi (cell)","Nebula","Devil (base)","Devil (mixed)"
"1",1.80705118766946e-06,2.24421289294854e-05,5.07650487066285e-06,3.31977877183031e-81,6.54941685844677e-07,6.64396242257943e-81,6.82609777207543e-08
"2",0.000551858907787876,0.00488018626981102,0.000997391109966347,1.02696084677081e-18,0.0891595341565448,1.11458166014598e-18,0.0592086718335577
"3",0.720476833939371,0.760181386997773,0.99698668814154,5.36263165060733e-06,0.835200757748525,5.20657895280812e-06,0.362522123473243
"4",0.000228271841922362,0.00136137636431569,0.000330726037500504,7.24599746345944e-103,0.00161856657477568,1.39063477923895e-102,3.37609763749422e-06
"5",9.10885773696581e-05,0.00218633225596501,0.000149051424091078,8.28141795739317e-32,0.0458734154123684,9.08283689954554e-32,0.0208828601331449
