"","glmGamPoi (Pb)","edgeR (Pb)","limma (Pb)","glmGamPoi (cell)","Nebula","Devil (base)","Devil (mixed)"
"1",0.0207372540382771,0.039355789842608,0.0331560992020038,2.48289093421359e-158,0.0192171671343194,3.31072873767441e-157,0.0163413857734917
"2",0.0316680822477813,0.0486959597547601,0.0285898034172593,2.1666005190372e-113,5.69138973825475e-06,1.37403287990236e-113,1.52407357285545e-05
"3",0.0422851724970618,0.0643173191273093,0.0399256500506847,2.64019498651797e-175,0.000616424715138902,4.74297992784622e-176,0.00193130297402995
"4",0.0560474316357902,0.0733358176368494,0.0319783324969581,0,1.59335957537078e-07,0,1.22007883403991e-06
"5",0.145126979986771,0.172151729324573,0.111592399552938,1.32373802731735e-150,0.010821755664337,1.95128571530617e-151,0.0294098538414727
