"","glmGamPoi (Pb)","edgeR (Pb)","limma (Pb)","glmGamPoi (cell)","Nebula","Devil (base)","Devil (mixed)"
"1",0.0879793694180554,0.1561751613179,0.139656556263969,1.08290954221651e-131,9.7083316027595e-05,4.75292278525406e-130,2.49312951150475e-05
"2",0.0153184322467044,0.0242203417000504,0.0122995944208825,1.29425029410252e-313,0.00974827572283982,1.78055048772552e-306,0.00968270223700838
"3",0.0279527254888591,0.0403428917486687,0.0220525498381683,4.3177658427617e-203,9.97554930019771e-05,2.58890986454486e-198,0.00178416811085243
"4",0.0890850594870026,0.1420096658875,0.114753993846534,8.7841837712268e-92,0.00102331789565947,2.65496182310822e-90,0.000101200268766437
"5",0.149315579657694,0.163829919109448,0.116835501410549,5.47247002709537e-65,0.0051238603067578,2.41750687652103e-64,0.0336283310186656
