"","glmGamPoi (Pb)","edgeR (Pb)","limma (Pb)","glmGamPoi (cell)","Nebula","Devil (base)","Devil (mixed)"
"1",1.2905480322644e-07,3.86794688167839e-06,7.82067923042156e-08,4.80566240652198e-87,2.83166214314715e-10,5.49200576065804e-87,5.45385857659922e-11
"2",2.07412598909098e-05,0.00121626873805439,2.83733319391276e-05,2.62994508569845e-68,0.000224762947661979,1.24258674266574e-68,8.04488243238678e-05
"3",0.000316670462998693,0.00325293674827558,0.000321853745650382,6.98967548745643e-71,0.00220042300682487,2.68584853467965e-71,0.00212659985190162
"4",2.14389467184333e-06,3.63735213183014e-05,3.37901458841284e-06,1.23060291125165e-111,2.03367229194568e-06,1.25983254081424e-111,7.35894451933777e-07
"5",0.0016857610799324,0.00962984742568005,0.00100579521673319,4.71125215657425e-136,2.21588947159669e-06,1.4753846801748e-136,6.13253636313689e-08
