"","glmGamPoi (Pb)","edgeR (Pb)","limma (Pb)","glmGamPoi (cell)","Nebula","Devil (base)","Devil (mixed)"
"1",0.00754296347655156,0.0359924874631129,0.0100570368320051,5.40179302915157e-315,8.54589040273622e-06,1.15158841945354e-313,7.21028969425628e-09
"2",0.000206910629689728,0.00195320849446062,0.000185614472944406,1.7056845777613e-147,0.00173907013227262,1.36427896788747e-146,0.00334233004765718
"3",0.000672435700032984,0.00762148155626408,0.00103695312055112,5.01534815522794e-127,0.000320717656436881,1.69953992272529e-126,1.55461728284084e-05
"4",0.000786227224444789,0.00480474949694831,0.000813320866342192,1.14929020674773e-143,0.00498804947396632,7.88024673678916e-143,0.00752281843088823
"5",9.07275591412776e-07,0.000128165650342131,1.38254083015123e-06,0,2.08098701289693e-05,0,1.07562219914805e-05
