"","glmGamPoi (Pb)","edgeR (Pb)","limma (Pb)","glmGamPoi (cell)","Nebula","Devil (base)","Devil (mixed)"
"1",0.494330835505829,0.670092170818052,0.560625307623271,8.89563655568389e-24,6.56310431959614e-22,1.03295443608476e-23,2.93257171453594e-105
"2",0.28070486430967,0.357667317433178,0.193124533943297,3.96842683074775e-68,0.000180091737876456,1.33286178349258e-66,9.98990885814163e-05
"3",0.809014980337015,0.870596762967939,0.804565289572402,3.15270564150961e-40,4.42188160798919e-37,5.19934489430701e-40,9.61838709120611e-58
"4",0.717976676853094,0.741551178888865,0.671099578249246,1.13889103333864e-18,0.00473958697189395,1.56425113394022e-18,0.00949131694899907
"5",0.0177561370495966,0.0172523223819549,0.008454603141171,2.37396731156633e-294,4.84149564429838e-24,4.33228796789192e-285,9.82170612673071e-23
