"","glmGamPoi (Pb)","edgeR (Pb)","limma (Pb)","glmGamPoi (cell)","Nebula","Devil (base)","Devil (mixed)"
"1",2.8831539627999e-07,5.32585551290184e-05,2.15212292289943e-07,2.21724559915436e-48,0.0313929847882334,3.49631480600241e-48,0.0425103590101924
"2",8.47560411494433e-07,6.1323969176149e-05,9.22371677389631e-07,2.54125326332668e-87,0.000481953880221307,2.38627105305355e-87,0.000267221961895866
"3",0.00329515090033439,0.00846795010548775,0.00461346053048872,7.94286837075614e-115,0.0378265254805855,3.95546018392711e-115,0.0116424226808457
"4",1.70398372714563e-06,8.30223892093271e-05,1.56867463854355e-06,6.83999784404819e-311,0.00499220251730554,6.99929702783023e-315,0.000162291987091889
"5",0.000712582938283391,0.00226077407269116,0.000916644573473682,5.98103583143974e-278,0.00475446264137297,1.64797290684577e-278,0.00189998535270966
