"","glmGamPoi (Pb)","edgeR (Pb)","limma (Pb)","glmGamPoi (cell)","Nebula","Devil (base)","Devil (mixed)"
"1",1.05381825933378e-07,2.94429487258725e-05,1.24942839703242e-07,5.21400141807534e-111,1.99688581024047e-08,1.75544794290241e-110,1.91510938582341e-10
"2",1.35654132312352e-09,4.27578524956547e-07,1.15409778410169e-09,0,1.95317762489981e-15,0,1.89711549133411e-07
"3",3.25099238060942e-09,6.32141472920833e-07,3.27928007190333e-09,0,3.55674927290906e-10,0,1.50396084872829e-10
"4",6.03547577078668e-05,0.00371927050432472,5.40751045996903e-05,5.44263741680178e-65,2.37230691778515e-06,8.48240312973406e-65,0.000116470011983999
"5",0.00018668411458934,0.00637302358141004,0.000192464499357609,3.81123135151507e-140,2.32948761844336e-05,7.84330579762666e-140,9.18944917637933e-07
