"","glmGamPoi (Pb)","edgeR (Pb)","limma (Pb)","glmGamPoi (cell)","Nebula","Devil (base)","Devil (mixed)"
"1",0.232578837714006,0.229353538174871,0.442310391801877,4.0771441642598e-18,0.240822298084556,3.12221417068338e-17,0.0634793585059644
"2",0.00154503418787105,0.00886690074141525,0.00138761844741798,9.0789398773071e-16,0.0110906568991529,1.20961607631418e-15,0.128086685074038
"3",0.00180732521697944,0.0301278828112261,0.0012802163126625,1.04805174885877e-16,2.98197474338347e-05,1.4388042460815e-16,8.95377792442248e-10
"4",0.078400154722645,0.112173000022183,0.015588355352622,2.15075612513342e-37,0.0567463567089115,1.24287700952116e-36,0.000200155585173083
"5",9.15004028992837e-06,7.76925478886316e-05,5.29864152042234e-06,4.26839082462745e-33,9.77331013049307e-08,7.17025471037974e-33,1.47659007665074e-10
