"","glmGamPoi (Pb)","edgeR (Pb)","limma (Pb)","glmGamPoi (cell)","Nebula","Devil (base)","Devil (mixed)"
"1",0.380895315183438,0.493049784562236,0.343461839852704,1.73099256806639e-07,0.822129430756107,1.56509921715746e-07,0.111447893264578
"2",9.8676700607768e-05,0.0033631571430682,3.867564162487e-05,1.09477991083618e-24,0.152253024141013,1.01278947908043e-24,2.54734237417644e-07
"3",0.000684152016849943,0.00664689355607953,0.000365646088299571,1.64683699269953e-37,0.184590652980432,2.06428140602036e-37,0.000423927217513083
"4",3.96559225912741e-09,6.49521929508291e-07,6.94323456905482e-09,7.62074550702092e-72,8.81230985023472e-11,3.48198387288346e-71,7.02660916651236e-16
"5",3.78701479210457e-08,2.0527713347285e-06,2.113862398017e-08,3.92479127226108e-46,0.00447722433271621,6.47386711784348e-46,1.29376183369931e-06
