"","glmGamPoi (Pb)","edgeR (Pb)","limma (Pb)","glmGamPoi (cell)","Nebula","Devil (base)","Devil (mixed)"
"1",5.68080456070201e-06,0.000104163426592289,1.72692122760925e-05,1.30842322502379e-67,7.42692993955355e-11,3.43754054614011e-67,0.00432326302831909
"2",0.170670889664047,0.222261637433598,0.291891289515107,9.74104661129084e-94,0.326358699490899,1.68113857959936e-93,0.0138476354088817
"3",0.000470687548632706,0.00205755936493309,0.000524987169628495,1.51455021446109e-67,2.60659817068779e-07,4.41708577795154e-67,1.07115705940571e-06
"4",0.0155875550386853,0.0573004400171652,0.0177520551223113,7.6340436109577e-66,0.131988752024871,1.28847500280046e-65,0.00221160299508088
"5",4.53816679782949e-05,0.000216295140981666,3.6929613914305e-05,1.58795235304029e-314,3.35563240328956e-10,2.96406100980068e-312,0.000191599240591969
