"","glmGamPoi (Pb)","edgeR (Pb)","limma (Pb)","glmGamPoi (cell)","Nebula","Devil (base)","Devil (mixed)","glmGamPoi (fixed)"
"1",0.0322926143621637,0.13059020500655,0.0244729986269373,1.5161174097118e-39,0.00026371411618497,2.70431016732117e-39,1.65419646482413e-09,9.38890854490077e-43
"2",0.0204568312995763,0.105672208080739,0.0153566495059425,4.79564723545863e-143,1.9956934531286e-05,5.99344752624492e-143,6.81460269268377e-17,3.09697771380032e-148
"3",0.00221624886465077,0.0330155360584598,0.00381645774654935,7.61019804213243e-100,0.00022462752499147,3.02825125739228e-99,3.03087759849334e-10,2.27035798541545e-92
"4",0.000617610418352156,0.0017277141788352,0.000650148020496814,2.32747800693206e-258,1.42300356257483e-07,7.06400564367557e-258,1.62947336776155e-06,1.69216528913668e-95
"5",1.73464735705873e-09,2.23116626496372e-07,1.15630539083945e-09,0,1.6294669691072e-19,0,4.48747430220984e-27,0
