"","glmGamPoi (Pb)","edgeR (Pb)","limma (Pb)","glmGamPoi (cell)","Nebula","Devil (base)","Devil (mixed)","glmGamPoi (fixed)"
"1",0.018547007989733,0.0233330036371471,0.00940115615300304,8.62993104476258e-25,0.00197534751885859,1.37620984675647e-24,0.0087957245784311,1.59359928602875e-09
"2",0.00260863017759982,0.011738246121338,0.00428470699659967,3.40131492196961e-22,6.0156750335451e-05,4.45158185081109e-22,0.000760433308218128,6.06837551752869e-07
"3",0.00499045079488685,0.0188707094270683,0.00711572427714866,3.79463797882273e-25,0.000177283093905667,7.45764272759926e-25,0.00127775494983003,3.6586321608076e-10
"4",0.00660170079499585,0.01406967875884,0.00403446803498032,1.12862308241043e-60,0.000752985731002524,1.66330536779995e-60,0.00632127790675139,3.63668394007097e-18
"5",0.00306928684661943,0.00750016973602239,0.00640583943717524,5.54042036680306e-21,0.00194730147021296,9.0613241967195e-21,0.0147193746357969,0.000177211439621652
