"","glmGamPoi (Pb)","edgeR (Pb)","limma (Pb)","glmGamPoi (cell)","Nebula","Devil (base)","Devil (mixed)","glmGamPoi (fixed)"
"1",0.125760701427292,0.156345363064135,0.141901662108155,0.00258574134774379,0.0599227792812831,0.00268430679163484,0.13630585442938,0.0632721297860012
"2",0.391697456002888,0.423531703071247,0.444484884535331,0.000966858307964561,0.00102315141232745,0.00103930581501747,0.000277902119422556,0.0102971768143824
"3",0.0529273625614604,0.101905145015435,0.0466154034182461,3.03934679466286e-96,2.55688291665419e-06,8.97999804346373e-96,1.52150763404019e-06,9.73734015250127e-44
"4",0.766013475216196,0.81438271844514,0.795923803416112,3.68460146936623e-05,4.31763588167259e-05,3.97416039293998e-05,6.92475334678324e-09,2.19603106851691e-05
"5",0.227151012603366,0.261955235122386,0.195430758413608,4.01006721806203e-07,4.88181005243814e-07,4.6967351301707e-07,8.11237149775156e-07,0.000143771884907868
