"","glmGamPoi (Pb)","edgeR (Pb)","limma (Pb)","glmGamPoi (cell)","Nebula","Devil (base)","Devil (mixed)","glmGamPoi (fixed)"
"1",0.258455738675126,0.335190110678319,0.224911792052291,0.92936089672537,0.73850790945925,0.929329873582014,0.986861395012379,1.2964012930605e-07
"2",0.0075282170505597,0.0218871837122756,0.0107762945501091,2.32626525169729e-20,5.19995848806274e-19,1.76468524217168e-20,8.8435704529462e-13,6.97561196300947e-13
"3",0.0165959668847377,0.0284516623920923,0.0175379362529772,7.72562508720539e-12,0.000629044992980218,7.74740879120539e-12,0.00026023254070304,3.35758919337179e-09
"4",0.0401943343224568,0.0827619428353011,0.0370834897869175,1.75609809274164e-05,0.0757458551383326,1.70206859119162e-05,0.304942865353097,6.78359059549889e-23
"5",0.176253306645182,0.281115856362707,0.170602228722767,0.0154645086420468,0.659042537739672,0.0156155201550759,0.71753860255756,1.34283117881748e-20
