"","glmGamPoi (Pb)","edgeR (Pb)","limma (Pb)","glmGamPoi (cell)","Nebula","Devil (base)","Devil (mixed)","glmGamPoi (fixed)"
"1",2.53946618128504e-07,2.57862333178119e-05,2.13123650936737e-07,3.63267833077338e-213,1.10672304482633e-07,1.60588952781802e-213,5.29257302419392e-07,NA
"2",0.00252017842749424,0.0209315994971604,0.00217114629595725,2.49206236541589e-154,1.06175028377338e-05,2.21221325991678e-153,0.000887811896292844,NA
"3",1.82234909049222e-06,0.000788118224485901,2.01996060032073e-06,2.61911667206154e-314,2.05733847719625e-07,3.80074057590649e-314,9.49257736076297e-11,NA
"4",5.95577411539933e-05,0.000713866372201142,9.7701111404761e-05,4.1794693593383e-105,1.28479756878261e-06,1.92570385798401e-104,9.33912493714407e-06,NA
"5",4.08566110623834e-07,2.13255107189338e-05,5.08560556023841e-07,0,5.58694317534175e-07,0,6.19353083234916e-07,NA
