"","glmGamPoi (Pb)","edgeR (Pb)","limma (Pb)","glmGamPoi (cell)","Nebula","Devil (base)","Devil (mixed)"
"1",0.122863009016296,0.157941025607252,0.145895630527854,1.30982695508815e-05,0.0158701271265247,1.35000495954915e-05,0.0608373988108346
"2",0.696053525556064,0.720910980993846,0.733863931658124,0.0218046734545715,0.870893791580576,0.0218909926368665,0.725861840611364
"3",0.00644831515899698,0.0054832326361561,0.00467530392706514,1.02097978304638e-46,0.000157133459542066,2.9795251127951e-46,0.0031904625449429
"4",0.0402054831298967,0.0598493435384218,0.0635085862116774,1.06975469131653e-21,1.04391872420436e-20,1.51092620679312e-21,9.53951548987445e-10
"5",0.500043699241184,0.539116147949783,0.474596246905712,0.155848628907782,0.183174159175442,0.156058237330194,0.0940341525338035
