"","glmGamPoi (Pb)","edgeR (Pb)","limma (Pb)","glmGamPoi (cell)","Nebula","Devil (base)","Devil (mixed)"
"1",0.0457601737595613,0.0644223622535965,0.0272868377605815,2.39290724406324e-22,6.38431213226979e-22,3.28216848981326e-22,4.64534752152329e-40
"2",0.00157481725996029,0.00373838516494244,0.00181465360136308,9.63056846881943e-194,6.99789575334384e-57,5.40726224218459e-194,3.51988144181604e-55
"3",0.929558414386244,0.980511824008944,0.993201603925305,4.74997876650713e-15,1.12330863001579e-06,4.43150072960524e-15,1.41949870636887e-07
"4",0.0189445162801247,0.0472796779702689,0.0422032662915996,3.58959259103597e-302,5.53688353019031e-09,1.44183952020027e-306,9.67329700988068e-07
"5",0.0601611736117448,0.125655097804398,0.0875431260653936,7.06785117460948e-80,1.21625603299499e-15,2.53254248558286e-78,8.20670668130287e-18
