"","glmGamPoi (Pb)","edgeR (Pb)","limma (Pb)","glmGamPoi (cell)","Nebula","Devil (base)","Devil (mixed)","glmGamPoi (fixed)"
"1",0.000709122804602105,0.00216446655001619,0.000184423734094378,8.91896061189335e-214,5.36796421232897e-06,7.14766052059076e-211,3.10048818502885e-07,NA
"2",1.26202082007283e-07,6.75432237311507e-06,6.48285175219417e-08,6.69309148848038e-204,1.92233120284245e-09,3.69668601123223e-202,1.52601502561676e-06,NA
"3",0.0012669593026983,0.00485209776975455,0.000614445464126357,0,9.82231203475305e-08,0,1.19261176499487e-07,NA
"4",7.68537236691488e-08,1.23036284220216e-06,3.97972646592142e-08,3.61732143033439e-258,3.39516924297822e-17,8.79528326997688e-255,6.01728995082958e-21,NA
"5",0.00482005891324989,0.119570497011593,0.00332918526318346,1.00215733392247e-178,0.00337145124585833,4.61302561912814e-178,0.000869895443856491,NA
