"","glmGamPoi (Pb)","edgeR (Pb)","limma (Pb)","glmGamPoi (cell)","Nebula","Devil (base)","Devil (mixed)"
"1",0.201295781080499,0.314703149610211,0.230747327687252,2.44045210382074e-17,0.663338334969601,2.60314096031129e-17,0.383596498018256
"2",0.303681917540773,0.364840841983012,0.299693131249811,6.8869052605218e-16,0.511809018223126,7.39101502351508e-16,0.207127604540822
"3",0.250172302885662,0.359093766211705,0.240363169400897,0.000604488267428013,0.476114244777122,0.000613086294374973,0.340216149509302
"4",0.272207313481036,0.361400963596324,0.361263125021937,2.47923523317769e-148,0.773654402391049,1.16544216381135e-149,0.265645343159911
"5",0.612268037547015,0.644360378463361,0.590368357722911,0.970457106058304,0.561624304084215,0.970462428333891,0.996751988414722
