"","glmGamPoi (Pb)","edgeR (Pb)","limma (Pb)","glmGamPoi (cell)","Nebula","Devil (base)","Devil (mixed)"
"1",0.000931541060822438,0.00311356979567895,0.000498721672653493,0,2.79789039419658e-08,0,8.70301090692354e-09
"2",9.61654689617414e-06,0.00055790917023884,1.13212555861963e-05,5.88532321201552e-224,3.41515508588377e-06,6.78978061249268e-224,7.61467314393733e-07
"3",3.17005366101439e-05,0.000332320178744919,3.10343004377636e-05,0,1.04614805843984e-08,0,9.99050397974969e-07
"4",0.000764486528570474,0.0290165811214033,0.00052586078054636,3.97719109827198e-151,0.0117528256137653,3.33114861423644e-151,0.00302312683638341
"5",0.000443751787691669,0.00191452817778736,0.000955064569323036,6.5737057018397e-210,3.84766291564916e-06,1.39360506458573e-208,4.74148096118377e-05
