"","glmGamPoi (Pb)","edgeR (Pb)","limma (Pb)","glmGamPoi (cell)","Nebula","Devil (base)","Devil (mixed)"
"1",0.293602175817286,0.361300083655271,0.346166815534031,0.00446192541078463,0.819089227559945,0.00451450597949948,0.563553279211146
"2",0.0224648974605604,0.0313651364523029,0.0178970498865729,3.59756237058499e-27,0.000811469937793988,7.27786190974049e-28,0.00574267516429187
"3",0.615523235181882,0.676786221002694,0.551441875340867,0.00472345681816527,0.698850842783043,0.00478565356009528,0.661624390699506
"4",0.140155676542572,0.131024885664198,0.149239327298437,2.79091349827143e-20,0.27524040089328,1.99635405649637e-20,0.132554550123184
"5",0.00963065011189404,0.0159909756537622,0.00957316368601974,8.67988125363712e-101,0.000263387274484041,1.25117164354971e-104,0.000530501665923045
