"","glmGamPoi (Pb)","edgeR (Pb)","limma (Pb)","glmGamPoi (cell)","Nebula","Devil (base)","Devil (mixed)","glmGamPoi (fixed)"
"1",0.117507707668404,0.15329533207645,0.23845901245545,1.96895941891892e-07,0.261712642209315,2.16521453459357e-07,0.278723675583255,NA
"2",0.0365354942340221,0.0612426624447004,0.0564133389913999,1.32885780470282e-06,0.0474094275108714,1.40971560694459e-06,0.0809428727562861,NA
"3",0.0998368534375172,0.142488513772365,0.127796207366108,0.00930241398110401,0.0096169041613381,0.00947354102733273,0.0186164881765531,NA
"4",0.172700799226971,0.260997876975272,0.217332733128612,0.0244121118302609,0.591257971737845,0.024569592149419,0.684145768525509,NA
"5",0.0462852964304252,0.127284158560436,0.0611089809659084,0.00202396909548963,0.28067804386868,0.0020404940204299,0.426813628391627,NA
