"","glmGamPoi (Pb)","edgeR (Pb)","limma (Pb)","glmGamPoi (cell)","Nebula","Devil (base)","Devil (mixed)","glmGamPoi (fixed)"
"1",0.231343858290039,0.293816095404207,0.149134378784113,0.000100204519790827,0.000105917527105351,9.40470417207012e-05,0.000116913059278648,0.000870262593805925
"2",0.0599006160027382,0.072438198115209,0.0441496109767347,2.91323027507714e-11,8.18777149722732e-11,3.44237123340813e-11,4.74520552357648e-08,1.38450238870761e-10
"3",0.0547649825313813,0.0489764822763146,0.0124650244845926,1.36445337068781e-128,0.000124366552307837,2.17474365241506e-129,2.12505184413579e-08,2.09649908223686e-121
"4",0.467235577275003,0.524507070577298,0.978473474832787,9.28807750298936e-06,0.514973030518313,9.07545793412884e-06,0.626286447565901,2.16672903027212e-22
"5",0.0934099394598288,0.148692169589227,0.0778529180908128,1.83791028222139e-17,0.0596883462379775,2.27924245860103e-17,0.00422483772046889,7.4984642623821e-19
