"","glmGamPoi (Pb)","edgeR (Pb)","limma (Pb)","glmGamPoi (cell)","Nebula","Devil (base)","Devil (mixed)"
"1",0.00167838748630696,0.00340482318708498,0.00126466167979045,1.87527042851228e-38,4.53437098320352e-13,2.9938937888055e-39,3.33171182803572e-15
"2",1.59762641518595e-06,8.91414619260751e-05,1.25004960189427e-07,6.91428533490591e-84,1.26982207445876e-15,2.35938632029723e-77,7.86236116892088e-63
"3",4.61271732215819e-05,4.91054192253483e-05,2.68490065017828e-05,1.86627366048223e-90,7.93136652343733e-16,3.7641861758119e-90,2.45951542293095e-30
"4",4.71676531166312e-06,1.32413667647115e-05,3.91077387052585e-07,0,2.49814428217065e-20,0,1.34409809543109e-78
"5",0.0181287825538678,0.0392567264667687,0.013738401377306,4.99884443083776e-19,0.0286321144241114,3.18043029433639e-19,0.000127130654251637
