"","glmGamPoi (Pb)","edgeR (Pb)","limma (Pb)","glmGamPoi (cell)","Nebula","Devil (base)","Devil (mixed)"
"1",0.00757144932361203,0.0369448087279773,0.0132511161205508,8.54495159150443e-09,1.32013917938431e-08,8.96037775880423e-09,1.05474711319115e-06
"2",0.00132209223069888,0.00230100272886778,0.0017095383473539,2.01378388926884e-35,3.64382687844386e-07,4.6604074145292e-35,8.22297358165345e-06
"3",0.955397686872311,0.953305987601524,0.920933771723751,0.403766127578094,0.851213286560369,0.404144596214077,0.795507442604506
"4",0.0291579444677853,0.048573213636126,0.0123783666504649,5.82836228656473e-08,9.08646493670397e-08,6.09971296890209e-08,0.00102563617627834
"5",0.155811307110912,0.23125656140925,0.303597053899545,4.57346504875832e-15,0.148202525717715,5.28617027091226e-15,0.429537705509808
