"","glmGamPoi (Pb)","edgeR (Pb)","limma (Pb)","glmGamPoi (cell)","Nebula","Devil (base)","Devil (mixed)","glmGamPoi (fixed)"
"1",0.000167865430920027,0.00118957121603849,0.000244807904396082,8.491074003584e-34,0.052733932419731,1.07159480463429e-33,0.107743215435859,2.04924742588542e-37
"2",0.00013329392406494,0.00049053511265979,0.000120784482444775,2.5114390219414e-258,0.000931081266771234,5.5336759825909e-259,0.00547092389995358,3.28678709376386e-152
"3",0.00041554496262555,0.00294644887621766,0.000736464781507479,8.12729962505748e-82,0.0877588234900326,1.63030364585226e-81,0.147369509495967,4.84153679893572e-105
"4",0.000109987584660992,0.000424323181316981,0.00022177450238326,4.7364668631677e-75,0.000216849085731553,1.28744402363529e-74,0.000847500875302029,7.07426439290114e-47
"5",5.86047408241614e-08,2.02256340605353e-06,9.056839451874e-08,4.14738743392304e-74,4.44605157129933e-05,8.7679681363638e-74,0.000383818537036397,5.62356091280125e-69
