"","glmGamPoi (Pb)","edgeR (Pb)","limma (Pb)","glmGamPoi (cell)","Nebula","Devil (base)","Devil (mixed)"
"1",0.0600924374076848,0.094507780198098,0.0417404415906113,5.00090682701074e-24,0.0102471857132928,1.61515792349948e-24,0.00138313527991696
"2",1.91379082466063e-07,2.33089705206163e-05,2.58865351155846e-07,7.22062498064283e-56,3.76221691705897e-13,1.70544211235553e-55,1.8548194690332e-09
"3",3.29696485504109e-08,6.22449192874285e-06,1.83370647772699e-08,0,4.04766312743213e-13,0,7.99757704142431e-17
"4",0.245328819462367,0.307651923596539,0.330875959229095,1.80721500937869e-43,0.143314591610837,5.02171271555972e-44,0.291209552389721
"5",1.76594078705062e-07,3.89274661830905e-05,2.52831593994714e-07,1.26409717479052e-116,2.68212464485789e-09,1.03913715563161e-115,6.4806442450657e-10
