"","glmGamPoi (Pb)","edgeR (Pb)","limma (Pb)","glmGamPoi (cell)","Nebula","Devil (base)","Devil (mixed)"
"1",0.00210355091161314,0.00606903827231068,0.000856198413146866,3.35784732013784e-91,3.50205914215356e-05,1.50678502663057e-90,2.72749524895892e-07
"2",7.53162661286617e-07,6.72632976490602e-05,5.86678693621154e-07,6.91698754244116e-160,1.75252854614893e-06,4.62841446330601e-159,2.58211488871478e-07
"3",7.35358076157119e-09,1.80861090242063e-05,9.23288452954837e-09,1.7374991079258e-114,1.09176717473299e-05,7.25099191225067e-115,3.55157384716498e-06
"4",2.00462013950245e-05,0.000109218912102439,1.72255004926974e-05,0,5.85425669769234e-10,0,1.55456731382389e-09
"5",6.20255314766918e-05,0.00220982925952881,8.40658513184243e-05,4.06992625813702e-247,0.000595327616955358,4.81047489833868e-248,2.08591491887655e-05
