"","glmGamPoi (Pb)","edgeR (Pb)","limma (Pb)","glmGamPoi (cell)","Nebula","Devil (base)","Devil (mixed)","glmGamPoi (fixed)"
"1",0.000488569978935427,0.00220051561129369,0.000905835124297854,1.87649814025816e-78,1.58601280245793e-05,9.3361721098702e-79,0.000148275360167071,1.52478821220595e-64
"2",0.000912185283332477,0.00405506565891299,0.00113635709936984,2.11119907971684e-219,3.81641452194575e-07,1.57465577694397e-218,1.60037124386898e-08,9.81548881625037e-184
"3",1.58706257311558e-06,9.88561864970065e-05,1.7113171276644e-06,4.78017377322868e-87,0.000507962346832321,5.75665617435723e-87,0.00301890046287329,2.91889563609529e-76
"4",8.74404713961586e-05,0.000744707123888073,6.35508305192852e-05,3.46521416692772e-122,1.84680819598869e-05,1.17451839439186e-121,7.80475883555531e-06,2.27995490063525e-86
"5",5.62486531670629e-05,0.000409331863978718,5.7550815434893e-05,2.26263995632125e-250,4.36611917690707e-06,2.91654754508183e-250,1.53037477562868e-08,6.88320218439147e-172
