"","glmGamPoi (Pb)","edgeR (Pb)","limma (Pb)","glmGamPoi (cell)","Nebula","Devil (base)","Devil (mixed)"
"1",9.59440481109615e-20,4.38026468783249e-05,1.8911034026775e-11,5.82296029470863e-09,1.5883993410641e-08,6.04287874196722e-09,2.39760882302022e-220
"2",2.53565992609844e-113,4.46498293844995e-11,9.50602864432419e-13,1.81705897592896e-38,3.87626636493413e-35,2.77028065333355e-38,0
"3",2.77199239681215e-07,0.99888848018709,1.48915329405525e-08,0.0325389631076063,0.0406898149587664,0.0325898471906379,5.1202979504561e-18
"4",9.83795400336396e-29,1.29461913887296e-09,6.01199433649836e-11,2.9591308291432e-08,4.07351397123244e-08,3.22072826506415e-08,9.2385210314047e-81
"5",4.95743037275564e-51,2.17856486436257e-12,1.96386925979142e-13,5.0290645123244e-25,6.26368531607668e-24,8.09620357920231e-25,0
