"","glmGamPoi (Pb)","edgeR (Pb)","limma (Pb)","glmGamPoi (cell)","Nebula","Devil (base)","Devil (mixed)","glmGamPoi (fixed)"
"1",0.000120604401949794,0.00184764347913618,0.000103840499282851,5.17048168824133e-145,0.00247543413902484,2.21412019725164e-144,0.00035853495992197,5.16749153451565e-130
"2",2.9296988952094e-05,0.000720377328929514,2.38165849962279e-05,1.56224232076385e-181,1.72228491701825e-09,1.80864648579092e-180,1.02769963327643e-09,3.65488159647613e-120
"3",2.16394505990456e-05,0.00186854525100889,1.6157764249499e-05,2.54556009976729e-309,8.6044118865513e-07,3.60434601875292e-308,4.27365487535824e-11,4.94065645841247e-323
"4",4.31924798146621e-07,6.8869560713002e-05,3.20454695669631e-07,2.90037838216386e-262,1.45150822351688e-09,4.73201194941853e-261,1.11484418612924e-14,2.83001570114861e-226
"5",6.28018507493448e-06,0.000157490465790457,8.92545380907223e-07,6.64086456982114e-42,2.23027043079861e-06,9.6574415558936e-42,4.71416619923209e-06,2.49442132604483e-35
