"","glmGamPoi (Pb)","edgeR (Pb)","limma (Pb)","glmGamPoi (cell)","Nebula","Devil (base)","Devil (mixed)"
"1",9.30512135984544e-09,2.15680137915964e-07,3.08354192241022e-09,1.09416028123707e-85,1.64838273229387e-06,8.07954975452663e-85,8.14684584014607e-07
"2",0.00166776812412013,0.00531625294709522,0.00213753028437973,2.64831007073271e-54,0.000667705683331228,6.40634280801907e-54,0.000753897104513323
"3",2.64311131268718e-06,0.000216773003021471,1.07776956164317e-06,1.02474809091935e-26,1.34850816570548e-09,2.23452733201895e-26,6.39416267308851e-09
"4",1.49587710959462e-06,3.00052953697782e-05,8.90878567574719e-07,1.56083982547847e-47,8.53880236005868e-06,6.68394187679226e-47,3.63354824782289e-06
"5",0.00079255916418135,0.00861888243081525,0.000657904341215108,5.7643684139234e-117,2.29245909882093e-05,2.20672050553935e-116,0.000286845334645497
