"","glmGamPoi (Pb)","edgeR (Pb)","limma (Pb)","glmGamPoi (cell)","Nebula","Devil (base)","Devil (mixed)"
"1",6.37605249661677e-05,0.00897750700823381,4.62738252662017e-05,4.95077178716697e-93,0.0808528267465391,1.16371494223248e-92,0.0257357040993363
"2",0.00252880540153411,0.0211535213838185,0.00462169799796161,1.20933510594243e-93,0.0115962298527492,2.5656797827842e-93,0.000495182336992993
"3",0.000116866560202621,0.000842143001333578,7.01416131337145e-05,5.47448185979111e-80,5.85758306869754e-05,3.13305701791767e-79,2.54282608207223e-06
"4",0.000173753866891329,0.00472474660990245,0.000243687794982562,0,0.0183837284729954,0,0.00293356738607765
"5",3.44040882503519e-06,2.53764618583576e-05,1.40764378354207e-06,0,1.90541252837359e-06,0,6.2861146048901e-07
