"","glmGamPoi (Pb)","edgeR (Pb)","limma (Pb)","glmGamPoi (cell)","Nebula","Devil (base)","Devil (mixed)"
"1",0.0123767085252727,0.0303245943531378,0.00634841022781042,0.0272100661007961,0.757237072203959,0.0272433227726099,0.185803259463162
"2",0.0137795331896191,0.022550846732627,0.0129560735190235,0.00543173131148063,0.00577541899878014,0.00561839933667664,1.35241725574848e-08
"3",0.00302550626655635,0.00564294635450081,0.00404403461040738,0.00116723647408405,0.00121731393983441,0.00116397795059351,0.00117652054899745
"4",0.0741293683736723,0.157225303158751,0.110418686433728,0.0736275927869036,0.0748942126128243,0.073745103515404,0.129133235921558
"5",0.0475690239577926,0.0686618940968115,0.0211093887393474,0.012249371442886,0.889903718225768,0.0123389931069446,0.239683522879566
