"","glmGamPoi (Pb)","edgeR (Pb)","limma (Pb)","glmGamPoi (cell)","Nebula","Devil (base)","Devil (mixed)","glmGamPoi (fixed)"
"1",1.04723676671521e-05,0.000115061296774618,1.44698165631819e-05,5.88139160817631e-149,0.000146063495875506,1.04689669701822e-148,4.1594640930001e-05,NA
"2",4.51679556177501e-07,1.42374958225555e-05,4.44953723869785e-07,4.09590903051359e-122,2.70825823842039e-06,7.54412121916475e-123,1.80669152407772e-05,NA
"3",1.89526824446236e-05,0.000231186008000532,3.25857707526624e-05,3.47500161255043e-89,2.72009769744538e-05,1.25024453790353e-88,3.2200583221336e-09,NA
"4",1.48105532843829e-08,6.21913956036942e-06,1.5800116868967e-08,3.60178345145094e-214,1.16462014420551e-05,4.26449830564322e-216,2.01764325435318e-08,NA
"5",0.0025452785287929,0.011932108297887,0.00471546759920566,5.11187806912369e-34,0.00325924503906448,4.44383391624924e-34,7.24418227144998e-05,NA
