"","glmGamPoi (Pb)","edgeR (Pb)","limma (Pb)","glmGamPoi (cell)","Nebula","Devil (base)","Devil (mixed)"
"1",0.103834419808869,0.160027046138279,0.123762970875791,6.57787937087377e-29,0.0103340238164054,8.74221224575147e-29,0.00201289510445705
"2",0.0172331955178435,0.0270184535884634,0.0159422246678988,2.95094469971064e-37,5.93131123014576e-07,7.4917068067545e-37,3.12527651335412e-08
"3",0.280554666369222,0.390120485754753,0.170377838753631,1.22679139913694e-15,6.61798826766426e-15,1.5395790208742e-15,3.11938598317373e-23
"4",0.0157650648416193,0.0302584398477396,0.0316404416188345,2.15551352735966e-17,2.46993213694321e-17,1.99834049080833e-17,1.68365278883814e-74
"5",0.175442540408547,0.13106157378517,0.121334375769796,4.62821791416884e-08,0.0016876667173722,5.00171656359366e-08,0.000101354180979386
