"","glmGamPoi (Pb)","edgeR (Pb)","limma (Pb)","glmGamPoi (cell)","Nebula","Devil (base)","Devil (mixed)"
"1",0.369649894510174,0.380181988066685,0.369660348066822,0.0935525352916949,0.663868790527991,0.0936697556357198,0.615253541565949
"2",0.0323283296564567,0.0351846066990342,0.0339272887709313,1.60311311940827e-17,0.0213821318420409,1.64227164297654e-17,0.0123990059811494
"3",0.248675728299642,0.319190383629707,0.241935121942911,0.0350992755555276,0.861259243696065,0.0351717058418079,0.542153421513434
"4",0.528047263189145,0.572574561225144,0.69303874189212,0.197506396270969,0.69172300229317,0.197801820130939,0.832292012262672
"5",0.04037397378186,0.106698976415994,0.0291519309781713,8.10924080468547e-21,0.600600081779683,5.8330969552084e-21,0.290337375290342
