"","glmGamPoi (Pb)","edgeR (Pb)","limma (Pb)","glmGamPoi (cell)","Nebula","Devil (base)","Devil (mixed)"
"1",0.174317929660118,0.164431102906669,0.0472329179858286,5.27226089791615e-44,4.80580551782252e-06,8.00376364765552e-44,4.16917374722637e-07
"2",0.123101421644781,0.176224456337571,0.151071738323776,5.29442544844648e-11,0.00325154608365663,4.84101041286241e-11,0.0352807153149947
"3",0.252292631207062,0.350719786611025,0.239035391559283,1.94744566261046e-218,0.00367698268296417,8.313628914319e-234,0.000193423725588814
"4",1.70271845407495e-06,4.95495265795943e-06,3.11103654854392e-07,3.58207260085637e-51,1.2930797916733e-09,9.08803064495209e-52,9.27120078369573e-11
"5",0.0281283767021739,0.0649183077732918,0.000700640541831926,1.39417094240629e-100,0.000215267759134277,4.88945786900565e-102,1.57404409149915e-06
