"","glmGamPoi (Pb)","edgeR (Pb)","limma (Pb)","glmGamPoi (cell)","Nebula","Devil (base)","Devil (mixed)","glmGamPoi (fixed)"
"1",0.00497189885228835,0.0163006658294335,0.0142094014622519,8.59216594556553e-20,4.47638077845416e-07,1.22374611706541e-19,1.5247131638392e-09,7.75966835301919e-06
"2",0.0250664220824216,0.0765225298891078,0.130767126181813,1.42153186409219e-32,0.00633844897891146,2.10635759215774e-31,0.000173714950893523,0.0144954046678562
"3",0.00261281094982777,0.0103825174113481,0.00340896618470332,1.25646351120328e-16,6.02351328909348e-16,1.31172081611813e-16,1.29125375992674e-36,3.76659317557337e-13
"4",0.0258743787025137,0.00986713406239511,0.00592831670257061,0.000263015959937809,0.000283213167770767,0.000270856370709423,2.23914728477787e-225,0.00343841628857297
"5",0.167609244615048,0.32504836868416,0.261877917893731,0.00428841497275799,0.124846166948885,0.00421208099797259,0.263987645162828,2.64610832531785e-08
