"","glmGamPoi (Pb)","edgeR (Pb)","limma (Pb)","glmGamPoi (cell)","Nebula","Devil (base)","Devil (mixed)","glmGamPoi (fixed)"
"1",0.00137275489502333,0.0120370685616884,0.00122728361775905,2.19548621817919e-07,0.0652228603582972,2.25352217733154e-07,0.0818099228598556,5.44271055729385e-13
"2",0.000381779887547788,0.0021295547766537,0.000293385649274857,1.30579533445295e-59,1.18657697734461e-08,3.19562241367418e-59,3.95968430112502e-06,5.0730182278618e-57
"3",0.000131801630568324,0.0027271574847248,0.000250489933632824,3.82375766048738e-12,0.0143735688943629,4.10256119651632e-12,0.0427945060401585,9.52581945589678e-19
"4",0.00228938161007285,0.0139134739708165,0.00219988644911894,2.85470217879635e-08,0.0270255133664018,2.99335629765358e-08,0.0370777297897925,3.62720275376952e-12
"5",0.000215823653371297,0.00144651992002618,0.000239751575731513,2.07867644563144e-13,0.000240382888522696,2.49090525525704e-13,0.000824016097286219,5.75995325583607e-16
