"","glmGamPoi (Pb)","edgeR (Pb)","limma (Pb)","glmGamPoi (cell)","Nebula","Devil (base)","Devil (mixed)"
"1",0.0681232069363104,0.151677706398913,0.0472197075233566,4.39995304991518e-06,0.00409990298990862,4.45450456805071e-06,0.0147626780407152
"2",1.45668442681761e-08,1.10002136666437e-05,5.57772109400314e-09,6.69684510506498e-201,0.000527331476568658,1.11466890373975e-198,1.50979893230389e-05
"3",1.91740751176982e-05,0.0019922715202924,4.05335735320531e-05,2.47783299179926e-31,1.96681603511054e-10,4.02554370688718e-31,3.69845762277253e-09
"4",1.29197774017746e-08,1.80905920724144e-06,1.22523274689343e-08,7.4631798022277e-133,2.26697587553515e-08,5.9584969095591e-132,5.7864882730442e-12
"5",0.694903557650104,0.732196539464454,0.777759464761533,1.15223740611464e-06,0.717059163761098,1.20963893636848e-06,0.619777515475843
