"","glmGamPoi (Pb)","edgeR (Pb)","limma (Pb)","glmGamPoi (cell)","Nebula","Devil (base)","Devil (mixed)"
"1",0.566287769181919,0.654718232359385,0.904331595747704,1.31355711461e-10,0.924727394771676,1.19943047870973e-09,0.0534062559784458
"2",0.23501551192684,0.323783381675342,0.320390770988121,0.000117672423280781,0.95474409631663,0.000170807891243602,0.0789078139194656
"3",0.0761504660492826,0.0988311527670743,0.0570217826140347,0.0114363740670912,0.777976430660037,0.0122712451957512,0.159125793581736
"4",0.00746275482766946,0.0152838946364041,0.00895227429025302,0.20398979364113,0.143523800732953,0.203506876083521,0.166020479391039
"5",0.00975384862624412,0.0151615364747591,0.00660819321111786,0.817697031144759,0.441539412008676,0.817931195158855,0.826338607353715
