"","glmGamPoi (Pb)","edgeR (Pb)","limma (Pb)","glmGamPoi (cell)","Nebula","Devil (base)","Devil (mixed)"
"1",2.05534797817111e-08,7.76860768241174e-07,2.16266775044601e-08,4.40873944543072e-314,3.13477465627118e-11,1.46372108449989e-306,1.93220530799103e-09
"2",0.0298191327704365,0.121829123909077,0.0708842678087589,1.05171725968851e-95,5.63517818728473e-05,3.37333320117698e-94,1.59924778205884e-06
"3",0.00736433741708595,0.0407489774430109,0.00894200208146522,8.84466439301826e-107,3.90882551371988e-11,8.71298217080856e-106,1.13858480983525e-08
"4",0.302516848670836,0.399881442380756,0.357531948359269,5.86150219133079e-80,0.000108141788395019,2.3058465387009e-79,0.000258117020843696
"5",0.903134718194397,0.915085093792757,0.97772981024931,3.03144165387547e-45,0.166166546697775,7.05295391248397e-45,0.235865000874079
