"","glmGamPoi (Pb)","edgeR (Pb)","limma (Pb)","glmGamPoi (cell)","Nebula","Devil (base)","Devil (mixed)","glmGamPoi (fixed)"
"1",0.039674377601246,0.0675117056974325,0.034678066758309,5.93479252546885e-07,0.278524289120799,6.57954047037006e-07,0.109838019312418,9.01867545328076e-05
"2",7.82066866345926e-05,0.000622460430786237,7.36507215694967e-05,6.65466396491428e-10,2.7242786791879e-05,7.6176918029722e-10,1.93050356902067e-05,4.61305105179864e-06
"3",6.37714003394299e-08,0.000257668128327966,5.69614359552226e-08,5.29219949570939e-111,0.00332583659076453,1.29230211262129e-110,0.000413881103966964,3.87684644377111e-216
"4",2.52540273876216e-05,0.00013890501922646,3.03000419244455e-05,8.35102960935518e-22,2.6645271476015e-06,1.26771906037032e-21,2.60916530196905e-05,1.20135252092554e-06
"5",8.45809306094187e-09,3.95913346737307e-05,3.24528908593623e-08,1.94930226706015e-11,6.3647121303432e-07,2.17984152146263e-11,3.63329196085183e-08,2.31820176032106e-10
