"","glmGamPoi (Pb)","edgeR (Pb)","limma (Pb)","glmGamPoi (cell)","Nebula","Devil (base)","Devil (mixed)"
"1",0.178060162251833,0.261157350301549,0.201917962333593,2.56150750372002e-26,0.49679511696978,3.53676947911342e-26,0.329472565564194
"2",0.0156716298479864,0.0189984507387112,0.0146448721718921,3.88035205461016e-20,4.26784142455915e-11,5.8382377309425e-20,2.21306185175897e-08
"3",0.00708075477494285,0.0112245479508786,0.0102881609573207,2.52776366444373e-83,2.3322987591131e-06,3.48002091944657e-82,2.80863141895708e-05
"4",0.0215924266649304,0.0451210407083955,0.0198434211541395,3.48274385051674e-62,0.160651693090906,1.87864302863047e-61,0.104201343677634
"5",0.106129539056307,0.164398951982321,0.121997818626696,4.64300103917957e-05,0.154881352417012,4.68673481693907e-05,0.187848452715454
