"","glmGamPoi (Pb)","edgeR (Pb)","limma (Pb)","glmGamPoi (cell)","Nebula","Devil (base)","Devil (mixed)"
"1",0.0574204596485817,0.13282241753426,0.136867059112547,1.26045791634648e-27,1.18529706878424e-26,2.56215596732766e-27,4.37383824753992e-75
"2",0.251602407744098,0.286169664465481,0.387596809697377,7.56504765527811e-09,8.60217882474694e-09,6.66378137374705e-09,0
"3",0.379002091674372,0.290422226393491,0.359388367972746,3.09755417975022e-07,0.135999890457853,1.16611688213973e-07,0.00204801016773887
"4",0.211462150002956,0.369620105197779,0.251636910516704,3.08135943185426e-13,1.4573270192866e-13,1.2258112695305e-13,2.08541809084767e-29
"5",0.904678576393222,0.844136482950161,0.941784247837642,3.17150677986315e-07,1.73076288633128e-07,1.28628395292221e-07,1.02930302942318e-07
