"","glmGamPoi (Pb)","edgeR (Pb)","limma (Pb)","glmGamPoi (cell)","Nebula","Devil (base)","Devil (mixed)"
"1",0.646039824688103,0.683083765239237,0.659723508015659,2.98584343819745e-30,0.215126499406809,3.6046876344002e-30,0.19179348481107
"2",0.0249052153288441,0.0550645042675782,0.0311719764580695,9.57989254835561e-38,4.26014408673513e-08,2.74782477095741e-37,1.53172788661557e-06
"3",0.519633100892586,0.614366351711701,0.612065112722822,1.45926065106695e-12,0.158337819201575,1.74287719651928e-12,0.143408725080966
"4",0.0443261403586689,0.0701971097301802,0.0404331693805753,4.06708287239113e-46,0.00448584510094732,1.62186776119209e-45,0.00816546342490866
"5",0.00783375877261169,0.0269277472616765,0.0104990587760192,4.69616771994316e-173,8.00559999202658e-06,1.62505541297866e-171,4.42283015571923e-05
