"","glmGamPoi (Pb)","edgeR (Pb)","limma (Pb)","glmGamPoi (cell)","Nebula","Devil (base)","Devil (mixed)"
"1",0.0501674511805765,0.0415139827701125,0.0284360764018915,0.000575016412500259,0.000621774180318412,0.000642050260725282,3.99753659079425e-70
"2",0.000913171438946785,0.00059289643959837,0.000327465110757771,2.34428419952557e-16,1.71419534089301e-15,3.15512492214294e-15,4.51786307532784e-29
"3",0.688754744300157,0.629784267328771,0.920094714838497,0.0847905104204187,0.672253106979062,0.0863151016110766,0.586184864516275
"4",0.112477657381563,0.181245201333811,0.0645138672984459,1.23637559813238e-06,8.12104506997778e-05,1.31045469721926e-06,3.71994983901368e-06
"5",0.0750307667404469,0.0604811851334367,0.0433602797693018,0.00141502628647052,0.023221273089914,0.00151886320690368,0.00521755578801897
