"","glmGamPoi (Pb)","edgeR (Pb)","limma (Pb)","glmGamPoi (cell)","Nebula","Devil (base)","Devil (mixed)"
"1",0.000451351354767126,0.00279515644235367,7.64555708895007e-05,1.7598576819707e-08,0.000122438796969381,1.17935585727233e-08,1.11998292794571e-07
"2",0.000466436938886077,0.00280418568029623,0.000177635282977668,7.666254189843e-12,0.00255793677355623,5.10197084816012e-12,0.0129882243789591
"3",3.77144222124675e-06,9.21757883076025e-05,3.33449150973371e-07,4.2426739515171e-20,1.28602809236596e-07,1.21859375542968e-20,3.43492799887331e-07
"4",0.00244219653568396,0.00253017506726379,0.000242451002856238,5.04236640509384e-30,0.000280521114987394,1.1423845712261e-30,3.5091014263769e-05
"5",2.58216511097718e-06,0.000813643822889079,1.40338610548666e-06,4.99605701453634e-64,0.00196214558105948,3.28923444918415e-66,0.00121583335246122
