"","glmGamPoi (Pb)","edgeR (Pb)","limma (Pb)","glmGamPoi (cell)","Nebula","Devil (base)","Devil (mixed)"
"1",0.160331390861308,0.214217769460321,0.115585971088463,1.39054050904691e-07,0.00772338998386727,1.41168272237611e-07,0.0282729033381019
"2",0.699247271752112,0.742231187246306,0.773889067243061,0.597659941712525,0.680269373811952,0.59782784610063,0.920579464550891
"3",0.248577586307997,0.338616247165443,0.23211212262292,0.00150748878413343,0.008839119814247,0.00152879661364582,0.039872563258323
"4",0.256800501020137,0.374499777678337,0.283251422940752,0.00446894125332438,0.0705979090444029,0.00450672190798846,0.173157385003227
"5",0.464109749834463,0.555562441656978,0.607730630501958,0.000401902257336215,0.503674199192158,0.000403047305985307,0.740760040270868
