"","glmGamPoi (Pb)","edgeR (Pb)","limma (Pb)","glmGamPoi (cell)","Nebula","Devil (base)","Devil (mixed)"
"1",1.38023900894077e-05,0.000374620320522465,1.58045191780762e-05,1.977733786527e-41,0.00043382775345465,2.75572350366826e-41,0.000961026492801449
"2",4.59466040139042e-05,0.000643708108209308,2.99888797883015e-05,1.22479005033872e-165,0.0231454494127003,4.11199094140833e-166,0.0557637516052853
"3",0.000579295899182017,0.00261855779712937,0.00110746773592269,1.29886747165019e-106,2.09656348825739e-05,2.8540336197041e-107,1.27375884312283e-06
"4",0.00270853898871538,0.0112805695656425,0.00226603061997528,1.15304334842832e-138,0.0886582009621128,5.35611573680374e-140,0.152098655573087
"5",0.0054058393511102,0.0315564150364474,0.0052160228489995,3.64918195294074e-22,0.0326263833153813,3.7617687308065e-22,0.301048171724547
