"","glmGamPoi (Pb)","edgeR (Pb)","limma (Pb)","glmGamPoi (cell)","Nebula","Devil (base)","Devil (mixed)"
"1",0.0692327379476477,0.0646869672459356,0.0404702468897662,3.46118283017679e-32,0.00795904588849809,1.02475959018719e-30,0.06283241742718
"2",0.128421099676501,0.162972528892163,0.106645545209863,1.97534240122392e-64,1.85099077189092e-08,2.72388637991669e-61,1.00532024379797e-08
"3",0.292766783493879,0.356218460860693,0.277720688910852,2.15511130957667e-24,1.8101942478932e-23,3.37795037337417e-24,8.29264436477392e-14
"4",0.364593856606983,0.450256748347331,0.441741783777918,3.96330565369304e-23,0.0728287979412594,1.59685091217712e-22,0.0126928078211167
"5",0.0843975751899102,0.113524957208147,0.0974202680263305,1.31720737171155e-05,0.000181753650894889,1.49474579297205e-05,0.0029063540965027
