"","glmGamPoi (Pb)","edgeR (Pb)","limma (Pb)","glmGamPoi (cell)","Nebula","Devil (base)","Devil (mixed)"
"1",0.0277890742398057,0.0562419523271826,0.0689321954626818,5.62331700195825e-196,0.000154039973081971,5.63735750126954e-198,7.64723043223971e-06
"2",0.0403803899524175,0.0743595391298696,0.157131216420633,3.21968127569638e-83,0.00187271542756766,3.2787029586007e-87,4.3178343799631e-05
"3",0.00459776812011928,0.00894199954789319,0.00529983186648943,1.08011582608599e-47,0.000219289876414641,8.73419482091565e-48,0.00205899897802748
"4",0.0592897510292348,0.141005700931194,0.0983194304324826,1.29364182223959e-05,0.0880168024327018,1.29692212702202e-05,0.229042004520851
"5",0.00411125224900113,0.0107284642837525,0.00686859789975823,8.83535329882449e-67,1.97182464976225e-56,2.1278894049407e-66,1.90316955712477e-184
