"","glmGamPoi (Pb)","edgeR (Pb)","limma (Pb)","glmGamPoi (cell)","Nebula","Devil (base)","Devil (mixed)"
"1",0.280508301994608,0.317216560190593,0.325682148532647,2.3226992255333e-06,0.381951856202916,2.43291053774152e-06,0.548532897147418
"2",0.350923587732553,0.405064024087101,0.457900872117138,0.00194539356015945,0.529887016806195,0.00194864004693995,0.550111064951519
"3",0.371873761560696,0.425545461673028,0.483913876794113,1.09228638402378e-08,0.618182855077759,1.01009908431243e-08,0.614570732237481
"4",0.260918721856837,0.355440234988036,0.298642565632545,0.00853181109938386,0.36094911799502,0.00855139576381113,0.314905369371098
"5",0.366924621829945,0.425239743169101,0.574997528013726,2.99444377369763e-06,0.561596807189876,3.02376506049082e-06,0.642949818358775
