"","glmGamPoi (Pb)","edgeR (Pb)","limma (Pb)","glmGamPoi (cell)","Nebula","Devil (base)","Devil (mixed)","glmGamPoi (fixed)"
"1",0.0264199635190698,0.0409926654885503,0.0261131745081084,5.40624818775536e-21,0.000306872253098941,7.05298639616624e-21,0.000313361569130408,5.57731178206802e-21
"2",0.0696214101324406,0.119398628412177,0.0749408260552557,3.62633118483546e-09,0.000346836150216829,3.89342014696753e-09,5.36917746850901e-05,3.6012035191024e-09
"3",0.111139399360621,0.195009615820982,0.168592409519019,3.08240052578794e-13,0.0251550588585318,3.87901413218871e-13,0.00811649198552706,2.63441479258705e-13
"4",0.148387495132,0.225001196985332,0.212280348783358,3.09695208776887e-18,0.118922170926632,3.67288396121183e-18,0.132141031786047,1.72953209106464e-18
"5",0.0856062487295203,0.163405165844839,0.136462207117507,1.85153151346036e-31,0.0615698781263569,2.81338857757964e-31,0.0669935847853533,5.57712838848512e-32
