"","glmGamPoi (Pb)","edgeR (Pb)","limma (Pb)","glmGamPoi (cell)","Nebula","Devil (base)","Devil (mixed)"
"1",1.49606125674141e-06,6.19888518928934e-05,1.9687362399333e-06,9.54409735436235e-125,2.51098986766169e-05,2.02850510281543e-124,8.78526933137855e-07
"2",0.0108394471669318,0.0205110535489308,0.0140317960078372,5.22181090486227e-70,0.00948728705317189,1.84183627479058e-69,0.0010385953800945
"3",8.78626211800541e-05,0.000545589265416244,9.74951274711535e-05,0,0.000256811733496811,0,0.00034156193327085
"4",1.81242080597839e-06,9.66144928909735e-05,2.6502831555629e-06,1.81671661499374e-32,5.03467860930778e-06,2.91078764318483e-32,1.19484101406945e-06
"5",4.34731846054654e-07,0.000146431399060472,6.45800117052084e-07,1.33145222998939e-76,1.20598353915291e-06,1.34658568156122e-77,9.17426051174685e-06
