"","glmGamPoi (Pb)","edgeR (Pb)","limma (Pb)","glmGamPoi (cell)","Nebula","Devil (base)","Devil (mixed)"
"1",4.62179335129221e-05,0.000696798968500082,2.06392492361531e-05,1.09400702922531e-22,0.000135303801912866,1.49378740525059e-22,0.000129053733330864
"2",4.66214611415314e-09,1.19344942546386e-06,1.80734466819967e-09,5.57366489047078e-51,6.36096029919987e-09,8.30104787871757e-51,2.99692063310172e-11
"3",0.000711090658839016,0.00559990830694905,0.00045752972489483,1.23706111318954e-44,0.0229098853877462,1.93969198167276e-44,0.0544015223811911
"4",0.000741807946550895,0.00288182912876494,0.000355966666310887,4.77949948491803e-45,0.000553035517313984,8.26537436232433e-45,0.000644127114121031
"5",6.72316519966442e-06,0.00370564487487661,1.27603639797389e-05,2.57217804006483e-71,0.0219787950287866,4.02995827402395e-71,0.0219035843762042
