"","glmGamPoi (Pb)","edgeR (Pb)","limma (Pb)","glmGamPoi (cell)","Nebula","Devil (base)","Devil (mixed)"
"1",0.0342452870032815,0.0440700935926933,0.0314104282945012,6.85334432398363e-88,7.44634595133638e-13,4.65784404534033e-89,3.67650943494554e-12
"2",0.018349639397413,0.0430517793211919,0.0271407993611651,1.14837804154208e-62,0.0220880243715725,1.79393805435606e-63,0.112164725795766
"3",0.118736278252006,0.214885999696354,0.0905137465700522,4.85472048179861e-52,0.146520649481888,7.38416073479261e-53,0.310644829452931
"4",0.0801960190436538,0.174730572642184,0.101880600880137,4.51428888966476e-23,0.104669309570706,1.82661685068435e-23,0.339948619341344
"5",0.0049561915404063,0.0086545159757144,0.00711532976706396,9.54724699439663e-100,0.00183250790874708,4.70129821401992e-100,0.0154020216212013
