"","glmGamPoi (Pb)","edgeR (Pb)","limma (Pb)","glmGamPoi (cell)","Nebula","Devil (base)","Devil (mixed)"
"1",0.249258729770533,0.2792562442507,0.246381648173807,3.05572932117318e-41,0.0234478488041348,4.7051094701376e-41,0.0158198545122351
"2",0.873267657857579,0.880655808669138,0.941496316003847,0.0211681523844294,0.642241947362243,0.0213083808984191,0.498416367376683
"3",0.0864653344188617,0.134966486091523,0.084939014706622,2.75912318578001e-29,5.42520979655015e-07,5.35177191688277e-29,1.52551116541859e-05
"4",0.0212556515876215,0.0621133644563658,0.0312961189899061,3.22362183070225e-57,4.66110483726747e-11,1.38111611588724e-56,2.42542626612489e-08
"5",0.00811174509729684,0.0302297669401572,0.00423957760779728,4.31782470876966e-108,9.93116041780981e-37,4.94101378973177e-107,3.01547926404632e-35
