"","glmGamPoi (Pb)","edgeR (Pb)","limma (Pb)","glmGamPoi (cell)","Nebula","Devil (base)","Devil (mixed)","glmGamPoi (fixed)"
"1",0.000950997125410471,0.00546431379692703,0.00134155759539058,0,1.95079883973662e-06,0,1.61532363412854e-12,NA
"2",1.03872820194475e-07,1.69376555086792e-05,8.8514792399967e-08,0,9.70748173173272e-07,0,8.084104934405e-05,NA
"3",3.41258437872932e-05,0.000494340287586555,4.18924487759491e-05,0,2.5316423348044e-08,0,2.44321225909457e-11,NA
"4",0.00202035760068369,0.00842513529777508,0.00229076362671691,4.7065048206033e-196,0.00011670456319296,4.54997607593886e-196,3.05950520314073e-06,NA
"5",0.00017367526610339,0.00173168388703744,0.00018117251848104,1.11518674030567e-191,5.81830415511886e-12,8.25739044672837e-191,5.54108278487732e-10,NA
