"","glmGamPoi (Pb)","edgeR (Pb)","limma (Pb)","glmGamPoi (cell)","Nebula","Devil (base)","Devil (mixed)"
"1",0.132362403377681,0.161706229666543,0.187137919346002,1.63584914271177e-32,0.0597172011871385,2.55456304240423e-32,0.11995461612106
"2",0.297052501298658,0.408858303069212,0.343447547449677,1.29900810606968e-10,0.116405168192321,1.42261963798059e-10,0.20103853516903
"3",0.548976033201594,0.594865756917215,0.486198063008577,9.4261462517332e-05,0.310590864840138,9.70679264349217e-05,0.532465326507342
"4",0.0280384532638915,0.064089929945519,0.0338642959736095,1.30407032690357e-90,0.0159858533751673,1.50695153170943e-89,0.0156564864939839
"5",0.582913899431501,0.616474881235756,0.63701086226852,0.0393105337919589,0.540383478851224,0.0394316854895487,0.764360195494903
