"","glmGamPoi (Pb)","edgeR (Pb)","limma (Pb)","glmGamPoi (cell)","Nebula","Devil (base)","Devil (mixed)","glmGamPoi (fixed)"
"1",0.179734239817543,0.231560453753059,0.202108975892819,7.70012536699406e-08,1.2918644231673e-07,8.03622449010281e-08,0.00342136034149333,NA
"2",0.0934200256275599,0.131490164160057,0.0977034135808641,1.06714858101877e-32,5.36291943563169e-09,1.84019857462021e-32,2.2023912451613e-07,NA
"3",0.208776260356171,0.318248768092171,0.297325609270071,2.31264624085722e-07,0.0322892797002441,2.39545770929372e-07,0.0535503538349069,NA
"4",0.0764768658234196,0.130925205711839,0.0904518242771426,1.52489443282531e-25,6.07533624447605e-05,2.00549143648642e-25,0.000535080853895487,NA
"5",0.247862401895039,0.371427058006902,0.302656471502551,1.46756792862126e-18,0.187149202189142,1.69206109399685e-18,0.196794722023576,NA
