"","glmGamPoi (Pb)","edgeR (Pb)","limma (Pb)","glmGamPoi (cell)","Nebula","Devil (base)","Devil (mixed)"
"1",0.234593263004338,0.234419936614185,0.145021326036654,1.44460045035538e-07,8.26448609176706e-08,1.32481997219264e-07,1.45411191567897e-08
"2",0.413562949957829,0.443342652737422,0.438027391212238,0.29955385364346,0.319231696930773,0.307457637489764,0.316611252721358
"3",0.332289752765623,0.376067318447005,0.460982463943408,0.458370407790614,0.34135690776532,0.465214823371031,0.672452168416062
"4",0.587503977243976,0.510101578513266,0.54014379161858,0.593082681129263,0.594115657321815,0.597244358807583,0.621077702039427
"5",0.889184228279259,0.914196220757631,0.968321111115988,0.00956069125958007,0.837730570987723,0.0108705573455061,0.241548054800991
