"","glmGamPoi (Pb)","edgeR (Pb)","limma (Pb)","glmGamPoi (cell)","Nebula","Devil (base)","Devil (mixed)"
"1",0.0130814029142783,0.032401882025095,0.0193499340007489,0.127287421264668,0.0955583630005866,0.130401534198966,0.564248523950647
"2",0.00556480075346295,0.0174195631559456,0.0147564125144962,0.182838334896378,0.0799561574048785,0.185703015159972,0.468818960489797
"3",0.0127167825479594,0.017522231248117,0.0157835704194566,0.02408935914199,0.0857087563794701,0.0255710551741855,0.104174453233509
"4",0.00037718277405214,0.00101667897882951,0.000166033499982127,1.24581966784297e-13,0.000417190786501491,2.09706918870074e-13,0.00180093188010532
"5",0.00549026001127602,0.0290174109532209,0.00399606107428803,0.183108566710035,0.0853287920726003,0.183454756782202,0.599648057810183
