"","glmGamPoi (Pb)","edgeR (Pb)","limma (Pb)","glmGamPoi (cell)","Nebula","Devil (base)","Devil (mixed)","glmGamPoi (fixed)"
"1",0.0383546497712481,0.0673519464655395,0.0133446480032283,1.62440749975915e-20,0.0474922830827339,1.79125639603368e-20,0.0521588713777649,7.86124382822369e-15
"2",0.0688999892862326,0.121870924399756,0.0711207474924878,1.08081403191545e-08,0.00844162541235853,1.14812340992705e-08,0.000427589130667302,3.16527846148275e-05
"3",0.00192391474007559,0.0245494600395129,0.00264633935662343,2.27594132401306e-07,0.0134016056723017,2.50740546226007e-07,0.0285431612729969,0.00169902904929564
"4",0.592176529762505,0.649677110146291,0.621075163262138,0.0206309699853022,0.599817249630956,0.0215098009798777,0.443005958487378,0.257327732641121
"5",0.0175892855800344,0.0464841200261062,0.00197291707083845,1.35361146391441e-07,0.00165553354222369,1.68663366294627e-07,0.000393581597556237,9.23225407482852e-06
