"","glmGamPoi (Pb)","edgeR (Pb)","limma (Pb)","glmGamPoi (cell)","Nebula","Devil (base)","Devil (mixed)"
"1",0.168573629896309,0.221306244288452,0.429522809794727,1.95287661183315e-11,0.543977098194384,2.0662773497773e-11,0.344425547016855
"2",0.000209233770965037,0.000926874487662607,0.000266066673145979,1.50138298613545e-35,0.00402494959390971,3.51582844047954e-35,0.00121792163527636
"3",0.0751841706352821,0.110847781081771,0.345110704139903,9.4974169916245e-71,0.197907088751896,1.44354053969113e-70,0.0545124091140395
"4",0.0041181442016841,0.0145276827452462,0.00667097633360086,1.47037505749365e-75,0.00161073072760835,3.14593176773386e-75,9.84471094778767e-05
"5",0.0163509597319576,0.0290246502766779,0.0789844351692609,1.07232946536082e-12,0.0679249912621502,1.21677965436877e-12,0.175281783535448
