"","glmGamPoi (Pb)","edgeR (Pb)","limma (Pb)","glmGamPoi (cell)","Nebula","Devil (base)","Devil (mixed)"
"1",0.101303396574562,0.127975004022718,0.541197434088347,8.21969592258552e-08,0.183749661918974,9.22105347566732e-08,0.207695674100496
"2",2.99893391652029e-07,3.9761284410719e-06,3.59002177577669e-07,1.05745487522606e-73,9.52709287682135e-10,9.26302885527986e-73,2.23846616829404e-06
"3",0.00928382880998041,0.0295319041150348,0.0148396262657263,1.52913945166406e-08,0.0443934156795121,1.62930891064782e-08,0.154379190540228
"4",0.0959147558137363,0.139154069363904,0.153906892124511,2.96791116941487e-09,0.180553235276872,2.85914793664611e-09,0.358102449697042
"5",0.160030646500069,0.284343376054162,0.123986197894449,0.182456423787816,0.438850402397083,0.183057355777364,0.624463182901435
