"","glmGamPoi (Pb)","edgeR (Pb)","limma (Pb)","glmGamPoi (cell)","Nebula","Devil (base)","Devil (mixed)","glmGamPoi (fixed)"
"1",0.681645167508521,0.733340803277665,0.683248810319264,1.77796483218693e-11,0.00481763760585758,2.53797181245457e-11,0.00329868663261235,NA
"2",0.284218684075217,0.386123396335931,0.276690091331661,1.44750609581007e-14,0.00255653928621688,3.06304856748182e-14,0.000909579567931518,NA
"3",0.0218546595231498,0.0425378337184829,0.0312313003544861,6.25605945568409e-23,4.04850937968406e-14,1.30329711224853e-24,4.68732452141993e-12,NA
"4",0.702694637877731,0.664824849263244,0.160332120074365,0.0484857592709937,0.989837457558383,0.0496884414874594,0.765163500152903,NA
"5",0.03902272471759,0.0772643543739587,0.0985181071730072,2.84076094500699e-15,3.60782034038965e-15,3.79153209843152e-15,9.78396599849683e-15,NA
