"","glmGamPoi (Pb)","edgeR (Pb)","limma (Pb)","glmGamPoi (cell)","Nebula","Devil (base)","Devil (mixed)","glmGamPoi (fixed)"
"1",0.621118947540261,0.629686331723402,0.476266521771613,0.0560474143573363,0.64466635696827,0.0563424486471063,0.667801497006363,NA
"2",0.162131829204816,0.172101165325989,0.113227443774855,1.74151371616628e-24,0.156457405486451,1.09855894372026e-24,0.181818593473047,NA
"3",0.327922254928597,0.291740556634071,0.256950943953006,6.72054676578158e-05,0.0269283074766557,6.97593771028384e-05,0.0920756534136423,NA
"4",0.297219783183758,0.293846642915532,0.205638491132549,2.32907890851575e-11,0.112281501076351,2.8527535673231e-11,0.166347870744823,NA
"5",0.149680670607903,0.16877559538302,0.147891757081434,2.79428480601248e-29,0.00436900868052214,1.26853003996708e-29,0.0147338965079841,NA
