"","glmGamPoi (Pb)","edgeR (Pb)","limma (Pb)","glmGamPoi (cell)","Nebula","Devil (base)","Devil (mixed)"
"1",0.524354717815823,0.494210241091242,0.9009661323132,1.77978035548452e-05,0.711018955596706,2.0541105039357e-05,0.363366897177599
"2",0.513768173920711,0.612786141541764,0.330586367713516,3.70303738218481e-14,0.918791465603123,2.35377045753909e-14,0.664926192293612
"3",0.520730951357844,0.546219526458859,0.37208899662484,7.59642735491866e-08,0.679364692577691,6.98841530669693e-08,0.350930512131759
"4",0.626982812898266,0.691894114954727,0.594004934403209,7.50475041852339e-08,0.953459881604647,4.87367268500187e-08,0.252751556875613
"5",0.795824193297462,0.796375633770184,0.783205171320732,0.0535906953472726,0.511456716520866,0.0547080899900356,0.385100723480288
