"","glmGamPoi (Pb)","edgeR (Pb)","limma (Pb)","glmGamPoi (cell)","Nebula","Devil (base)","Devil (mixed)"
"1",0.00809116003363991,0.0148586639784156,0.0124625654585163,1.30288169559306e-105,0.00544235452089609,4.24052871631551e-101,0.00022766489432119
"2",0.119804508360985,0.218034120250805,0.0713357740119696,3.014568362578e-11,0.218106101333538,3.10079012301781e-11,0.0731363500749445
"3",0.00755422407320837,0.0119285241443991,0.000608863325442079,8.17356753511768e-127,0.00191009473735062,5.99599968460083e-121,0.000504337130836462
"4",3.67006924350914e-05,0.000322742311448848,3.09014735719255e-05,1.27010221879946e-31,6.14517286610052e-06,7.61284116109818e-31,3.69926699703922e-07
"5",0.0203804232519214,0.045175968248172,0.0123793538148944,9.24314161678506e-13,0.000561311518313289,1.15853138642242e-12,0.000132684540540826
