"","glmGamPoi (Pb)","edgeR (Pb)","limma (Pb)","glmGamPoi (cell)","Nebula","Devil (base)","Devil (mixed)"
"1",0.0101718733070273,0.0117861870079526,0.00783314848915156,3.24528248095461e-15,0.00110835986034002,6.17316169610911e-15,0.001894478662794
"2",0.00496044595681879,0.0127462521766657,0.00998334148010102,8.06592330502083e-12,1.89951193725985e-06,1.18066434698423e-11,2.38468454455532e-06
"3",0.828825358784566,0.874238053301793,0.892061071618433,0.1966402987622,0.980346179991607,0.195894790835143,0.786671847397181
"4",0.122960111130367,0.186555762703648,0.347274393607446,1.34932525735468e-09,0.202426649279122,2.58674028995909e-09,0.00104608800019202
"5",0.889736074519638,0.915215146943099,0.905373598093371,0.725056056341688,0.994922159618722,0.725727323135621,0.869496927987793
