"","glmGamPoi (Pb)","edgeR (Pb)","limma (Pb)","glmGamPoi (cell)","Nebula","Devil (base)","Devil (mixed)"
"1",0.0360737184757739,0.081680765058355,0.00961296092522486,6.78835447904298e-79,0.00167151588036097,5.77298244604811e-78,2.82912992334585e-06
"2",8.19182749269867e-05,0.000853684227628991,9.20042438431361e-05,3.33103669007053e-73,1.64499314895407e-07,1.80189250994504e-72,3.40896395842322e-06
"3",0.00495440881893906,0.0128114756236445,0.00463422925546523,1.22695182059785e-207,0.00111117787751683,5.12004722220408e-206,0.000698302832225962
"4",0.154081126162731,0.201838032423597,0.158177002252562,1.18999340657906e-23,0.0630851647826308,2.08942436488264e-23,0.0675339877247572
"5",0.00105073384273286,0.0040531054434387,0.00089904780668456,7.03883663849919e-82,3.00564664250409e-06,6.05201204794221e-81,0.000168844284207253
