"","glmGamPoi (Pb)","edgeR (Pb)","limma (Pb)","glmGamPoi (cell)","Nebula","Devil (base)","Devil (mixed)","glmGamPoi (fixed)"
"1",0.00433176444621707,0.0194725695766175,0.0029402845375908,0.000129197252567211,0.102818898395214,0.000143164314507877,0.037368646914629,0.0780254995602653
"2",0.0437799449598382,0.053788228038945,0.0595350724524057,0.0285997349151441,0.153055374057273,0.0300513740119559,0.335169974139387,0.792313867815223
"3",0.0468228862507398,0.0644086055089556,0.160141927481491,0.0691993658316789,0.224599994145639,0.0710793358810792,0.227732221044094,0.246477146353717
"4",0.0526443300246508,0.0789323789868624,0.0504335824143279,4.35554571730998e-05,0.197601581624547,5.30478499401692e-05,0.0624679095126521,0.777296662703835
"5",0.0091058229833675,0.0143515063535286,0.0146440382750768,4.16974054593277e-06,0.0448895368428669,5.01352309446585e-06,0.0985463155853774,0.231189645979173
