"","glmGamPoi (Pb)","edgeR (Pb)","limma (Pb)","glmGamPoi (cell)","Nebula","Devil (base)","Devil (mixed)"
"1",0.1494804589786,0.117643417403541,0.0750757548550041,3.19730179006877e-15,0.0491750569501164,4.61837527271634e-15,0.106356896190186
"2",0.00611852111625742,0.0136387718914968,0.0109762821534783,6.51693596050536e-27,3.56069321221464e-13,4.58127454238024e-27,6.53652611841893e-10
"3",0.77819021646424,0.78002656404171,0.753414889874936,0.565109110670337,0.879970813530419,0.565800505583586,0.875152103518505
"4",0.020876918744511,0.0126969014395697,0.00789131312867334,1.30687325888216e-57,0.000729899976028061,8.37298514583284e-57,0.00211646303976582
"5",0.0439027988609884,0.0578188202200509,0.0325049574202624,8.68438852972877e-14,0.0325523664228215,1.38565881863786e-13,0.053309258681077
