"","glmGamPoi (Pb)","edgeR (Pb)","limma (Pb)","glmGamPoi (cell)","Nebula","Devil (base)","Devil (mixed)","glmGamPoi (fixed)"
"1",0.157217625796364,0.181475093097352,0.36195187757734,4.96729430319187e-09,0.154738073169309,2.73348981532235e-09,0.23414416000186,NA
"2",0.00270306353292657,0.006915529022017,0.00385301063900953,5.98348177021254e-10,0.00010894229326978,6.95752425899952e-10,0.000192790347427207,NA
"3",0.0210438337731229,0.0399713951276183,0.0286515832740344,1.69410023212004e-16,0.000644712162283152,1.54298120068802e-16,0.00455661272738872,NA
"4",0.00069982719306998,0.00276112700272382,0.000382850824409298,2.61520184094184e-11,7.24136175843083e-07,7.29374910578699e-12,1.21613043722314e-08,NA
"5",0.0109875534061845,0.0176271853869134,0.0176352664374836,7.27514187126454e-14,0.00150496729650935,1.11240544214911e-13,0.000291922956230624,NA
