"","glmGamPoi (Pb)","edgeR (Pb)","limma (Pb)","glmGamPoi (cell)","Nebula","Devil (base)","Devil (mixed)"
"1",0.218686105265157,0.246548337997358,0.182577183002036,1.80536938807541e-05,0.0198583508798964,2.02772094410693e-05,0.0309942841166092
"2",0.393630700809244,0.393781222304305,0.415342061913426,0.0479651754291638,0.0491182942910013,0.0493243658885682,0.0265252078769814
"3",0.19948267031765,0.188056382615217,0.205841996310618,0.000374243818710892,0.0004152147196299,0.000422268498091465,7.90462935635637e-07
"4",0.388752281995514,0.494006482491578,0.4514858871936,0.0185347703906574,0.198896874474109,0.0200782955087834,0.361984850367611
"5",0.000104245388885007,0.000445493426816382,0.00261301175173558,8.48906065603448e-27,0.0022305816620821,4.87848591681316e-30,5.4502880357321e-05
