"","glmGamPoi (Pb)","edgeR (Pb)","limma (Pb)","glmGamPoi (cell)","Nebula","Devil (base)","Devil (mixed)","glmGamPoi (fixed)"
"1",0.0074494584621591,0.0158853373468835,0.0109448608513657,1.9576817462809e-84,0.00665946146269489,1.47999872524047e-82,0.00416620135745023,4.15676919359063e-06
"2",0.000678660364979018,0.00179197727507435,0.000541577373226672,4.6807477699065e-180,0.00012305387285684,2.08105888121227e-176,0.000481668549732722,1.28132127844537e-12
"3",0.034056337014997,0.0618794966177984,0.0471651866730594,3.67035793809743e-09,0.00427882945136652,3.94748072038255e-09,0.037919999556987,0.0206144524621027
"4",0.00151088601132997,0.0113580221214729,0.00112650457117329,1.35869744614616e-168,1.81780247457639e-05,1.06592782861595e-166,0.000140829955973919,4.78217590435895e-34
"5",0.00304861870233541,0.00756999739541256,0.00280971769519551,6.04870061613018e-166,0.00284335045594112,3.41695731333288e-163,0.000408065435870668,1.5046796550737e-12
