"","glmGamPoi (Pb)","edgeR (Pb)","limma (Pb)","glmGamPoi (cell)","Nebula","Devil (base)","Devil (mixed)"
"1",0.00987722012842167,0.021085678125799,0.0066283029288191,1.01855651125342e-38,0.00629254168533215,7.77834743452363e-39,0.00426136224476056
"2",8.05881259071993e-05,0.00566395676351701,4.91538217580298e-05,8.77022400317501e-71,0.000821375401880466,1.80855044268288e-72,3.1028407673158e-05
"3",0.666481943923573,0.742523517388415,0.53985702349321,0.0215357957852519,0.533865781300128,0.0211393918653655,0.35959075203413
"4",0.0111820303668425,0.0212129551166664,0.059252806611881,0.00776433455251173,0.00772279468563021,0.007819110904844,0.00016535506550391
"5",0.0701899589454979,0.101756407298072,0.0492340186006616,0.000318174376334347,0.018686846148215,0.000332185900350039,0.0149063848505713
