"","glmGamPoi (Pb)","edgeR (Pb)","limma (Pb)","glmGamPoi (cell)","Nebula","Devil (base)","Devil (mixed)","glmGamPoi (fixed)"
"1",0.0143571772084486,0.00443713924175694,0.646393167896954,4.60843410526088e-08,0.00298843043982539,2.81186099106273e-12,0.00444035918028018,NA
"2",0.00239352279276892,0.00259239173020816,0.0153258463718274,2.37564425576563e-34,0.00521591545400286,1.75992235671688e-35,0.0165983083817835,NA
"3",0.0106793507953241,0.0132764481145837,0.0386524196801549,9.26494277925354e-07,0.0292471590844613,1.11684831036861e-06,0.0460989937997562,NA
"4",0.0791921149753077,0.128625149171299,0.162802656229499,0.0847345884857604,0.197465690672063,0.085385763953507,0.332107040018359,NA
"5",0.508620179423608,0.538117027436795,0.576835209910007,0.843901565255062,0.569833393448174,0.844533934174113,0.964972112191871,NA
