"","glmGamPoi (Pb)","edgeR (Pb)","limma (Pb)","glmGamPoi (cell)","Nebula","Devil (base)","Devil (mixed)","glmGamPoi (fixed)"
"1",0.357028272563723,0.402273712562532,0.530465219897573,0.309160182939766,0.577661583000489,0.317708807881479,0.511718246194529,NA
"2",0.962418508324948,0.97741522609395,0.875724457917324,0.000798782222021241,0.129510804179679,0.00112997855594258,0.115814648081741,NA
"3",0.186472923635543,0.189977535054075,0.138528510730163,0.995521388428841,0.934605952063701,0.995582308088973,0.997136678415967,NA
"4",0.473709662894869,0.471840009195021,0.56634292406943,0.355933647202352,0.357075337135561,0.35989287061031,0.207437332665695,NA
"5",0.328613276547392,0.391277339111656,0.480277634402842,0.219360351663227,0.355616365770288,0.226583149212472,0.339220642694211,NA
