"","glmGamPoi (Pb)","edgeR (Pb)","limma (Pb)","glmGamPoi (cell)","Nebula","Devil (base)","Devil (mixed)","glmGamPoi (fixed)"
"1",0.0288189924236989,0.030475216595445,0.0158297149885616,1.83751337187653e-05,2.18121297595849e-05,2.24069013740392e-05,2.51662482564568e-27,NA
"2",0.480554833234907,0.581985051521149,0.464115263349004,0.141131934180175,0.415194054627395,0.139944484686078,0.497034909737679,NA
"3",0.165494108349328,0.145825724724935,0.0771543362586732,4.05605015814362e-05,0.147268766352068,3.65770617641433e-05,0.00573970835523441,NA
"4",0.00673523530104486,0.00341586426373777,0.0027815159887061,8.95221047944846e-09,1.04017795406308e-08,1.23555110683369e-08,8.20693573679909e-30,NA
"5",0.00105131382019348,0.00056717495358164,0.000394319517783529,2.79962838559525e-09,1.04012054533798e-07,1.24135522935808e-07,4.69739356000155e-12,NA
