"","glmGamPoi (Pb)","edgeR (Pb)","limma (Pb)","glmGamPoi (cell)","Nebula","Devil (base)","Devil (mixed)","glmGamPoi (fixed)"
"1",0.0442761530994873,0.0685488974424365,0.0364561397546454,2.2912046928187e-36,0.118685383164416,6.82790502996895e-36,0.0924749418662719,NA
"2",0.00474240281841335,0.0108302284880167,0.00537368650709959,2.23163436343206e-28,0.0184559413757909,5.89466193970533e-28,0.0229402407881731,NA
"3",3.49031920826816e-05,0.000165585337680524,4.01939869726536e-05,8.10717255357485e-64,0.000194841191032993,4.25354501953222e-62,0.000646163951659276,NA
"4",0.00152107142934159,0.00376843002584283,0.00282502838316419,1.76495126566144e-44,0.00353934048007694,1.01878404435129e-43,0.0101905024921908,NA
"5",0.00396474812558015,0.00873126384975759,0.00238018957976425,1.11599504629537e-26,0.00271005295616723,2.62227708530167e-26,0.0183494871534939,NA
