"","glmGamPoi (Pb)","edgeR (Pb)","limma (Pb)","glmGamPoi (cell)","Nebula","Devil (base)","Devil (mixed)","glmGamPoi (fixed)"
"1",0.145317749392823,0.193393094920333,0.120573295628532,0.0800659710011879,0.0498901474160028,0.0801166701059848,0.685002219102977,NA
"2",0.00178586269605637,0.00778181256255397,0.00248827842212791,7.05273429324135e-28,0.00186038663496986,1.15104476105243e-27,0.00443574064446417,NA
"3",0.0421349172032317,0.0885225580133658,0.036617572643146,1.30946739085817e-13,0.0176463598888652,1.53114180543071e-13,0.000724937401176991,NA
"4",0.010634334862803,0.0724510476985965,0.0104014215965632,1.39179124675974e-30,0.000481067297587184,1.94496337089768e-30,0.000149476329702122,NA
"5",0.011467526583888,0.0400830690766175,0.00693442777078074,7.42948850315651e-22,0.00392443174554622,9.40146514511466e-22,0.00150991875105928,NA
