"","glmGamPoi (Pb)","edgeR (Pb)","limma (Pb)","glmGamPoi (cell)","Nebula","Devil (base)","Devil (mixed)"
"1",0.0673213165001812,0.0653593028148691,0.0546458827746936,1.19779840572544e-41,3.96413988470676e-40,2.33838266895872e-40,3.04399572138275e-49
"2",0.283639532106377,0.315764924195657,0.26229828479482,1.1641359619506e-23,3.51785207361056e-09,2.48381751342565e-23,4.58504479206769e-07
"3",4.69112964050623e-05,0.000288438953926467,0.000169349587213108,1.27419940292632e-140,1.06701732673576e-09,1.97405463876773e-149,4.02045823079262e-09
"4",0.0216034648118973,0.0285070059108469,0.0205090834292435,0,1.40741089044388e-05,0,0.000103724429380424
"5",0.220290197478778,0.265491662295688,0.262315159284913,0.00773508303617812,0.861372367356241,0.00775439174857315,0.781253657416897
