"","glmGamPoi (Pb)","edgeR (Pb)","limma (Pb)","glmGamPoi (cell)","Nebula","Devil (base)","Devil (mixed)"
"1",2.94960696879743e-05,0.000485904037655261,0.000114455081366917,3.17578459875115e-35,1.58109411285778e-06,1.23709162995519e-34,5.8014781775341e-06
"2",0.427318901963144,0.512559767693199,0.40090569311793,0.0223807090064288,0.50905333079862,0.0230714982085645,0.18388564932083
"3",0.0286648342656176,0.0845553368316833,0.0297980752843497,8.85449404157021e-13,0.07609351618249,1.04738128037461e-12,0.0739562533303145
"4",0.000861075396629992,0.00227537875936713,0.000809938260730167,6.98355204800127e-06,0.000118166597323738,8.40670361225247e-06,0.000627754195398908
"5",0.00820259065129338,0.0158273857006793,0.00575954659170226,4.32828797112251e-10,0.0225875189902931,5.63807600572962e-10,0.0601204012950598
