"","glmGamPoi (Pb)","edgeR (Pb)","limma (Pb)","glmGamPoi (cell)","Nebula","Devil (base)","Devil (mixed)"
"1",0.0208017663484515,0.052456889693672,0.0089093064303316,1.58696661897544e-09,0.0788227528382056,1.71582657542091e-09,0.167814073404642
"2",0.0650465134921943,0.134970221445028,0.0649560937185138,8.48387927802585e-07,0.0349346159769562,9.10892459680589e-07,0.00111730991066822
"3",0.000467266595636527,0.0020692570487207,0.00047894223629581,1.40312836504566e-13,0.000508934623256084,1.88334689840667e-13,0.000152802893098798
"4",0.0132439895587382,0.0209353760317787,0.0394265195216712,8.20402215082383e-26,0.0121249076597491,5.19090787385964e-26,0.00114537991702971
"5",0.0192678109412959,0.0264994357689743,0.483106243100487,8.16245345432107e-16,0.0400296295870627,1.87152258715677e-17,0.0495721478932655
