"","glmGamPoi (Pb)","edgeR (Pb)","limma (Pb)","glmGamPoi (cell)","Nebula","Devil (base)","Devil (mixed)","glmGamPoi (fixed)"
"1",0.00531965880766841,0.00642479874140806,0.00396276711697749,9.85793302192016e-13,1.75588710704795e-07,9.73597105880552e-13,4.98140885120428e-08,NA
"2",0.0510440920185365,0.0406848194501185,0.029486657942664,8.83423734514262e-08,0.000353256244647548,1.09610832354676e-07,0.000469786578171869,NA
"3",0.522878525149199,0.508238979753238,0.515871313418447,0.0167356618905165,0.0477872673592535,0.0175073314421304,0.131071227055534,NA
"4",0.0815189511881753,0.135845046605326,0.100487386222495,0.00165255934850838,0.00176574685857827,0.00175813339641421,0.00242818322270903,NA
"5",0.339122468978556,0.381897372409055,0.0828795725177846,0.000890591484254742,0.123588664681645,0.00103196800460927,0.0701110144660178,NA
