"","glmGamPoi (Pb)","edgeR (Pb)","limma (Pb)","glmGamPoi (cell)","Nebula","Devil (base)","Devil (mixed)"
"1",0.00855684040027385,0.015928956423224,0.00453983881256034,5.14665240386219e-15,0.00107630864302141,7.45870243209856e-15,0.0558275019573197
"2",0.590971992840007,0.66449817398328,0.612240377001206,0.0369380902664101,0.191978898111254,0.0369801414368015,0.332764107629527
"3",0.000563728650677763,0.00118707408824367,0.00041761835462137,7.58764147957492e-31,8.13679886098613e-05,2.61193055148679e-30,0.00623839025334328
"4",0.000772098720473295,0.00240197936346096,0.00165284352722282,2.6761227942777e-20,0.000146557793507943,3.98164350299405e-20,0.00139368388303267
"5",0.0659546173572716,0.0971667747844832,0.0192212833512519,3.81228881924786e-20,0.0238787293242427,1.01245171648896e-19,0.00212064516474312
