"","glmGamPoi (Pb)","edgeR (Pb)","limma (Pb)","glmGamPoi (cell)","Nebula","Devil (base)","Devil (mixed)","glmGamPoi (fixed)"
"1",0.000153148821503694,0.000795973259342718,0.000198449017390526,1.23828924749109e-11,0.000277463259312131,1.44732205101292e-11,0.00253436196659927,0.664651003792539
"2",0.00457059987383127,0.0117755011867773,0.00153487520791844,1.0097963133245e-15,0.00722872951235778,9.27672519667847e-16,0.00339086102708191,0.0603987196974686
"3",0.00398638054544908,0.0194089837147837,0.00623402173615168,1.72896782948449e-05,0.00420127201658776,1.93268855457035e-05,0.000947379852031243,0.916429893027772
"4",0.000571125162311576,0.00364500707668307,0.00100373684289915,4.49120924082661e-09,0.00128788275697656,5.12801638748253e-09,0.000252586635847225,0.340556675887148
"5",1.02076126331081e-05,7.6420831073374e-05,2.53988242176311e-05,1.12107233697689e-18,8.10753487968005e-07,1.38320113658067e-18,3.94011671788376e-07,0.458765135437819
