"","glmGamPoi (Pb)","edgeR (Pb)","limma (Pb)","glmGamPoi (cell)","Nebula","Devil (base)","Devil (mixed)"
"1",0.663914400085645,0.655907395213066,0.575937600256165,0.0210461585623104,0.0242905267116744,0.0249818203118823,6.56264790803506e-08
"2",0.762261516033617,0.757312931787834,0.970229705803672,0.00283287681514055,0.928520157150975,0.00358698952432131,0.146691213905049
"3",0.109271073753085,0.0824858701091449,0.0935782854096184,0.0153484067252379,0.109477055490011,0.0149246750470064,0.364651077445539
"4",0.958435920943659,0.915225396636222,0.744864272702604,0.144235169986429,0.695120678956048,0.154786504130374,0.217183632934926
"5",0.767074813810297,0.789100369383421,0.457107748471946,3.70198823796912e-05,0.51162904809016,9.6055842172862e-05,0.0408250331138111
