"","glmGamPoi (Pb)","edgeR (Pb)","limma (Pb)","glmGamPoi (cell)","Nebula","Devil (base)","Devil (mixed)"
"1",0.00239791923931925,0.00661952930673917,0.00770691064566992,1.27544007336598e-16,0.0192847551065614,1.36195426143131e-16,0.27169977253761
"2",0.0096128884736028,0.0238859218379407,0.0133585669448356,7.87683244228792e-07,0.0612906065022285,8.18064581912446e-07,0.214683739225483
"3",2.06325509518109e-05,0.000292902527497646,2.32540311991409e-05,2.66371215552846e-151,1.41633711880937e-07,3.85250457623306e-151,1.82373499659753e-06
"4",0.00330356626501783,0.00897826241439268,0.00424150739524615,2.94353692421614e-59,0.00102843313891224,4.26940203634354e-59,0.00375147804711046
"5",0.00187369382013483,0.0108010035170192,0.00303200006544683,2.41557180991303e-06,0.0277676169799114,2.49601925328464e-06,0.219615519480571
