"","glmGamPoi (Pb)","edgeR (Pb)","limma (Pb)","glmGamPoi (cell)","Nebula","Devil (base)","Devil (mixed)"
"1",0.0944367521230573,0.118556644594477,0.0698418099007769,3.98023500725966e-09,0.284918960519074,4.72637470226677e-09,0.391983359448574
"2",0.303410586933523,0.377165127747618,0.358495422288899,0.320532244076829,0.472823856279522,0.323126701895427,0.668489214454021
"3",0.269704946367598,0.410491437392944,0.342657152170611,0.039378115561141,0.513377046375742,0.0404018249680413,0.687129003742359
"4",0.171599710708184,0.29154028839996,0.195524102083031,0.000236932720736866,0.191857669619762,0.0002468372691563,0.388919260852864
"5",0.109697351899518,0.136720471753798,0.0988434243368771,5.52922084682507e-08,0.336789031123752,5.96111366731985e-08,0.37765121870509
