"","glmGamPoi (Pb)","edgeR (Pb)","limma (Pb)","glmGamPoi (cell)","Nebula","Devil (base)","Devil (mixed)"
"1",0.000191151177084135,0.000442391344063725,0.000179919492235756,4.95818672259812e-30,7.09653330066551e-05,9.0265483432152e-30,0.00104702018656874
"2",1.77423696146602e-05,0.000235655027043961,2.81810839024519e-05,9.68518399469673e-16,2.37535392722536e-07,1.14072640419647e-15,1.7437026771738e-07
"3",0.00147915086219808,0.00385106706439101,0.000616448336365476,1.40079120240175e-34,0.00763821286763092,4.43362487675311e-34,0.00250474661133192
"4",0.000224998783074353,0.00055680981581215,0.000126780988358902,1.59898476634533e-117,0.000889211879145349,4.7816635291973e-116,0.000853515762489639
"5",0.00859488968437906,0.0191842366600043,0.000919138563291168,1.18284803881163e-13,0.0292315265834167,1.26789216207624e-13,0.0142161042362177
