"","glmGamPoi (Pb)","edgeR (Pb)","limma (Pb)","glmGamPoi (cell)","Nebula","Devil (base)","Devil (mixed)","glmGamPoi (fixed)"
"1",0.915406425492453,0.933016852448609,0.831115823287855,0.835927416914097,0.874401703814347,0.836702290107595,0.965438679504421,0.0060163120767
"2",0.14473479245364,0.206954196935153,0.163375925337006,0.000946559312616084,0.130705092070091,0.00106611262508436,0.0880382589650453,0.111469503758338
"3",0.274707832827094,0.257497443132975,0.185369398257036,0.00503882145728715,0.0872457595323628,0.00531508885811353,0.0900354790865591,0.0865604243317586
"4",0.744834821974243,0.725204180400792,0.851186691167927,0.841119475855033,0.986034837092477,0.845065554038728,0.873872325223875,0.138096678942762
"5",0.323577785588624,0.323440315153968,0.293945149685057,0.113970080223738,0.118076319331358,0.119247259436473,0.0736423709331571,0.593798445498656
