"","glmGamPoi (Pb)","edgeR (Pb)","limma (Pb)","glmGamPoi (cell)","Nebula","Devil (base)","Devil (mixed)","glmGamPoi (fixed)"
"1",0.600286810552837,0.618920893715413,0.949777450168982,0.20157250912876,0.318590228042792,0.201360425675281,0.852781624664702,NA
"2",0.0362567117867166,0.0719941371894803,0.0381652541033083,0.00042544696634442,0.0306528579674738,0.000443784661754022,0.0440177846941946,NA
"3",0.149841883112234,0.114674097057073,0.126990673230597,0.0747833611312456,0.142247087739867,0.0754729441069721,0.124231675870373,NA
"4",0.802483540553482,0.7985092440059,0.964583463114234,0.0503750275670192,0.485085323388233,0.0518576869407412,0.458209170731106,NA
"5",0.0108686750905314,0.029325331406484,0.016941926303822,1.31350136180046e-12,9.39591147710234e-06,1.68337506771771e-12,0.000174692075139828,NA
