"","glmGamPoi (Pb)","edgeR (Pb)","limma (Pb)","glmGamPoi (cell)","Nebula","Devil (base)","Devil (mixed)","glmGamPoi (fixed)"
"1",0.0704360733089295,0.115937621841779,0.0932353408883394,0.0161190928247929,0.0387949116498769,0.0160402288024382,0.179337370726799,NA
"2",0.0984385013714837,0.137205765836938,0.0579526455459859,4.33949553600218e-06,0.00908999970927469,3.65261911449219e-06,0.29012549909306,NA
"3",0.00225409032647708,0.0125186248361344,0.00712243124761418,0.000112480310111753,0.000566820061028173,0.00011097252069258,0.00140589926897009,NA
"4",0.0288776113443349,0.0300475161149716,0.0474407846729887,1.13080460695946e-06,0.0103380408198794,7.33634743016844e-07,0.0254085900726734,NA
"5",0.0654897094569539,0.105724351909282,0.0832875919844524,0.000818311636527623,0.0335951893161524,0.000813841283931169,0.292950028589594,NA
