"","glmGamPoi (Pb)","edgeR (Pb)","limma (Pb)","glmGamPoi (cell)","Nebula","Devil (base)","Devil (mixed)"
"1",0.257927913417499,0.312429937597131,0.0122717897025156,3.48843119210272e-35,0.041553449581331,1.68476201978239e-31,1.33447722656263e-08
"2",0.204648535083564,0.2444656904638,0.164336647994324,6.83291548934465e-08,9.56076663302704e-08,9.92270212241235e-08,1.61016698650023e-81
"3",0.220541918755429,0.25366076102765,0.197257159785385,1.63140712187819e-13,3.55367361731935e-13,2.58184756520876e-13,6.73104771913575e-67
"4",0.0384968340949601,0.0645822538928629,0.01539861937683,8.42064266740241e-55,1.4940180099063e-05,3.01757097440541e-52,6.20528844987786e-212
"5",0.704321482426211,0.762947251365008,0.16991013107642,7.96943204119655e-07,8.36733137623809e-07,8.94714126254477e-07,9.86607249608978e-05
