"","glmGamPoi (Pb)","edgeR (Pb)","limma (Pb)","glmGamPoi (cell)","Nebula","Devil (base)","Devil (mixed)"
"1",0.247041121376905,0.317235005774611,0.166629219228685,3.9991549293106e-27,0.150045416382763,1.58387895689483e-27,0.0180254067136888
"2",0.286508423467139,0.297866841227119,0.180123592476576,1.89113433669252e-41,0.0753820705425205,1.46375408224849e-39,0.0041417814994781
"3",0.90735277868867,0.926960267374901,0.784305029563259,0.440157654184711,0.646070097116312,0.437403940714326,0.738114982090951
"4",0.326242715475615,0.237545157356429,0.232750371076622,9.35403848635731e-52,8.13326207984847e-30,2.91536202629085e-49,6.25878480953646e-83
"5",0.298730020747885,0.282472033688317,0.28233732073552,4.47558165549734e-36,0.0420204556956924,1.5143626119211e-36,0.0149124108741191
