"","glmGamPoi (Pb)","edgeR (Pb)","limma (Pb)","glmGamPoi (cell)","Nebula","Devil (base)","Devil (mixed)"
"1",0.16857362989654,0.221306244288452,0.429522809794712,1.95287661117091e-11,0.543977098194384,2.37709077292004e-11,0.345694889788511
"2",0.000209233770966755,0.000926874487662607,0.000266066673145979,1.50138298454e-35,0.00402494959390971,2.38958769197095e-35,0.0011848241475916
"3",0.0751841706354675,0.110847781081771,0.345110704139899,9.4974169608534e-71,0.197907088751896,1.82911338284978e-70,0.0546672841046002
"4",0.00411814420169853,0.0145276827452462,0.00667097633360054,1.4703750555764e-75,0.00161073072760835,6.34686928050374e-75,0.00010205081526775
"5",0.016350959732023,0.0290246502766779,0.0789844351692598,1.072329464957e-12,0.0679249912621502,1.50648431954217e-12,0.176983043493992
