"","glmGamPoi (Pb)","edgeR (Pb)","limma (Pb)","glmGamPoi (cell)","Nebula","Devil (base)","Devil (mixed)"
"1",0.463247356483231,0.503999761712114,0.729090301767741,6.40659921209604e-12,0.314673136941448,1.22191336281106e-11,0.44475005859419
"2",0.228895343386308,0.262409323964952,0.44638426426087,2.43678210043963e-51,0.116127051116969,4.74598466885292e-49,0.103934590630574
"3",0.359868484665377,0.468457411579669,0.381324633892237,5.77067320455555e-11,0.0249396585209683,3.6846143003851e-11,0.0598513798824451
"4",0.0732197334391199,0.0804092140026737,0.0720989330779694,3.72143380749723e-34,0.00228164246384702,4.96332109862339e-35,0.00441589062177195
"5",0.0871827146960293,0.149113857878883,0.114103926707252,2.03471083170603e-40,0.000844734920790026,1.89635019069117e-38,0.00225058346640882
