"","glmGamPoi (Pb)","edgeR (Pb)","limma (Pb)","glmGamPoi (cell)","Nebula","Devil (base)","Devil (mixed)"
"1",0.157217625795713,0.181475093097352,0.36195187757735,4.96729432873168e-09,0.154738073169309,2.70198257631626e-09,0.234023076397068
"2",0.0027030635329259,0.00691552902201701,0.00385301063900962,5.98348178731098e-10,0.00010894229326978,6.03642559359902e-10,0.000184388333572153
"3",0.0210438337730218,0.0399713951276183,0.0286515832740326,1.69410024264264e-16,0.000644712162283152,1.85614197320888e-16,0.00464156159757005
"4",0.000699827193065392,0.00276112700272381,0.000382850824409268,2.61520185723383e-11,7.24136175843083e-07,6.97439311960548e-12,1.18949835915723e-08
"5",0.0109875534061326,0.0176271853869134,0.0176352664374836,7.27514190063584e-14,0.00150496729650935,9.40903272423435e-14,0.000282212092476518
