"","glmGamPoi (Pb)","edgeR (Pb)","limma (Pb)","glmGamPoi (cell)","Nebula","Devil (base)","Devil (mixed)"
"1",0.123865131013076,0.204777786295076,0.208629932934071,0.113247980829398,0.176536234174764,0.114576175526753,0.150663283192661
"2",0.0117039713756057,0.0521576892347434,0.0313275929418963,8.67581545236658e-05,0.0339411341361273,9.20772667166363e-05,0.0277046241549653
"3",0.0379738999289262,0.0905783916108825,0.0450071593864241,4.82252339501115e-08,0.0268683222078276,5.08406085458743e-08,0.0403759821976159
"4",0.000808220224285009,0.00280559578312994,0.000155738417074525,1.64078731019301e-06,0.00131768414018312,2.00353413111948e-06,0.00116871056168972
"5",0.0476231838619824,0.0648597199165335,0.0280339538128985,0.00117921582107088,0.110669091706837,0.00122183224290204,0.192476375558577
