"","glmGamPoi (Pb)","edgeR (Pb)","limma (Pb)","glmGamPoi (cell)","Nebula","Devil (base)","Devil (mixed)"
"1",0.459384614702475,0.56810226872585,0.362529180702424,9.58510852809939e-13,0.95203622380596,3.64864608646054e-13,0.08549713261594
"2",0.174433686779715,0.190066060987291,0.223180034874073,0.0628128407267784,0.406935585479623,0.0623054131160362,0.434746933902759
"3",0.767031146944418,0.792714180527179,0.926285784918823,0.000430364005630541,0.306656510977407,0.000449071157607095,0.264742297714496
"4",0.0577320665901202,0.0695553161527486,0.0231556558512649,4.08976734877002e-09,1.42489651368318e-08,1.39177035565958e-08,1.26642545211725e-27
"5",0.609048835669649,0.624070877264921,0.375980156539538,0.90441648200557,0.907246468928848,0.904467681319739,0.687370427378996
