"","glmGamPoi (Pb)","edgeR (Pb)","limma (Pb)","glmGamPoi (cell)","Nebula","Devil (base)","Devil (mixed)","glmGamPoi (fixed)"
"1",0.0721535731765982,0.1126862521275,0.0499084685333281,3.46969601497898e-25,0.0764644073552073,5.64068503906866e-25,0.0720098420353674,0.00981130091610422
"2",0.00672121701750439,0.0152066331727577,0.00413773079269132,0,3.25080179545126e-10,0,1.09623023673761e-07,1.87946824021445e-44
"3",0.00153072000274093,0.00726276637158599,0.00214026089186913,4.08387172026101e-65,2.50801812996298e-05,1.37809640111002e-64,0.000951984222423911,2.27957202921805e-06
"4",0.0157237056000399,0.0550044730037369,0.0162211566787013,9.67105041794282e-30,0.00376339025205885,1.32989992047926e-29,0.111376793556569,3.98490802693488e-08
"5",0.820402958432714,0.834613276520616,0.43219247544484,0.169079646379749,0.633896956619828,0.169149826534418,0.807921767108933,6.91386832120687e-09
