"","glmGamPoi (Pb)","edgeR (Pb)","limma (Pb)","glmGamPoi (cell)","Nebula","Devil (base)","Devil (mixed)"
"1",0.0343428455119779,0.0681381557016565,0.0233454472589912,7.01667457884283e-06,0.55949345343292,7.12559687255487e-06,0.461796181596947
"2",0.707730676335598,0.739042077302806,0.283155620189673,0.472530821818396,0.82511176102533,0.472602488722014,0.955166003404248
"3",1.56177394975441e-05,0.000135156697761614,3.0337519380619e-06,6.26173479549528e-28,0.000241667260860352,7.99635590152523e-28,0.000229343590447055
"4",0.000119227411014933,0.00227691183476474,0.0001594103039272,1.07684969138743e-08,0.126796256694102,1.12606132933661e-08,0.116417405938733
"5",1.40118340677788e-05,0.000107903359746154,1.03887955437813e-05,3.63728341993945e-121,0.00030670381674331,1.95901488397549e-120,0.000264294794921796
