"","glmGamPoi (Pb)","edgeR (Pb)","limma (Pb)","glmGamPoi (cell)","Nebula","Devil (base)","Devil (mixed)"
"1",0.441127371801856,0.45401472879455,0.24527346355121,0.00628336860760983,0.323544008156909,0.00656818114004382,0.191552427775088
"2",0.794666626016254,0.765511269497769,0.853701848342294,4.63402629398502e-10,6.68489295895374e-10,5.43436933800495e-10,1.51612641790801e-11
"3",0.112845224398361,0.264193242444913,0.783702075659798,6.72891181974694e-05,0.0964587971634933,6.04450671208704e-05,0.504432949649839
"4",0.789119282103319,0.801517898342265,0.743134125270961,7.25277686673678e-33,0.079238241511957,5.88321570835453e-32,0.00262159319059367
"5",0.535575469461845,0.638803653974773,0.106667946761904,0.0128129132817795,0.612742763695131,0.0136928215637413,0.7323626148896
