"","glmGamPoi (Pb)","edgeR (Pb)","limma (Pb)","glmGamPoi (cell)","Nebula","Devil (base)","Devil (mixed)"
"1",0.0556951249206521,0.0464016742707239,0.0379064885808975,2.16132558965187e-12,0.00124722388306823,2.26862315951637e-12,0.00024207105163465
"2",0.816434063549324,0.850529894983984,0.503270381025303,0.703436623406439,0.87386319392905,0.703326413868161,0.83094050243828
"3",0.141699910441928,0.180430700794656,0.02815956609033,5.34690802739602e-06,4.26632575244193e-06,4.27457562201741e-06,1.05934995825671e-10
"4",0.0242464104667916,0.02868420712665,0.0155027496562386,9.90818591478533e-28,0.0289275379645199,6.52315911745521e-24,0.00798976435323651
"5",0.0314628293913568,0.0322231835658601,0.00738941440189933,4.46333260838463e-08,0.00230303223906982,3.33519798868877e-08,0.000330188091547323
