"","glmGamPoi (Pb)","edgeR (Pb)","limma (Pb)","glmGamPoi (cell)","Nebula","Devil (base)","Devil (mixed)","glmGamPoi (fixed)"
"1",0.0137757149591939,0.0353662725389295,0.0102499633509879,1.26012010150797e-05,0.0977663125427274,1.33727346468739e-05,0.0380417867608289,NA
"2",0.00447135538898447,0.00924214614350386,0.0116256055304616,0.000181569383104544,0.04080514501126,0.000181762519667802,0.0167067177892277,NA
"3",0.713836980203255,0.73596962770284,0.716071389567667,9.80642413906796e-07,0.92736896283526,4.96515459352038e-07,0.132946001587768,NA
"4",0.951940951243654,0.922719291002292,0.236163342423523,7.9459601703662e-05,0.574990943334963,9.57917832236153e-05,0.186676348899059,NA
"5",0.837726996186884,0.819567686108137,0.933377709675866,0.00534499066043574,0.708473884128737,0.00572462324248983,0.248999341071581,NA
