"","glmGamPoi (Pb)","edgeR (Pb)","limma (Pb)","glmGamPoi (cell)","Nebula","Devil (base)","Devil (mixed)","glmGamPoi (fixed)"
"1",0.484740171584376,0.527028231512611,0.691658006556029,0.00833451928920504,0.171382107164402,0.0103210549811147,0.252894991840709,NA
"2",0.977803974215303,0.975940390346749,0.982923147877789,0.0520584248075566,0.0503209413445478,0.0514672839188535,0.0659400655091672,NA
"3",0.148811184165513,0.12389014054978,0.0853963782469347,3.12622032594038e-06,4.2608308021194e-06,6.81513380508904e-06,1.28074024822772e-09,NA
"4",0.295335380707089,0.382874942710796,0.31002722990592,4.42678053761411e-05,4.05872331482707e-05,5.46184597195161e-05,9.96745283847339e-14,NA
"5",0.624050966742834,0.652590141677579,0.634591483669634,0.45074440183566,0.541821840633257,0.453759220033399,0.466959760165554,NA
