"","glmGamPoi (Pb)","edgeR (Pb)","limma (Pb)","glmGamPoi (cell)","Nebula","Devil (base)","Devil (mixed)"
"1",0.20153129517927,0.198113162990801,0.186650889519775,6.35352791346304e-38,1.86709925035152e-10,4.0549214125016e-37,4.73058987674015e-12
"2",0.901828330195264,0.916238645056092,0.908458096108697,5.67498241433362e-70,0.379442770983375,2.07971388444509e-69,0.0566444858431087
"3",0.882864799137119,0.858831921759874,0.998737146068533,5.87757221562498e-53,0.799816587416562,1.60610198312368e-52,0.306714409385461
"4",0.0595975965539519,0.0790256991403111,0.117142139038621,1.41550493059123e-147,0.00362176197329261,8.02078348960155e-146,4.56378665350396e-05
"5",0.0721678151177362,0.0922406081287748,0.0719955971240853,1.59956619775743e-252,0.000687388785401393,1.53939122490186e-242,3.84807999013755e-05
