"","glmGamPoi (Pb)","edgeR (Pb)","limma (Pb)","glmGamPoi (cell)","Nebula","Devil (base)","Devil (mixed)","glmGamPoi (fixed)"
"1",0.0944367521230444,0.118556644594477,0.0698418099007784,3.98023501099322e-09,0.284918960519074,4.23502505266933e-09,0.391165859872509,NA
"2",0.303410586933525,0.377165127747618,0.358495422288897,0.320532244089715,0.472823856279522,0.321028519705278,0.667963341293741,NA
"3",0.269704946367586,0.410491437392944,0.342657152170609,0.0393781155665091,0.513377046375742,0.03964341958926,0.686379141329623,NA
"4",0.171599710708176,0.29154028839996,0.195524102083038,0.000236932720787329,0.191857669619762,0.000237592232833267,0.38817616995766,NA
"5",0.109697351899501,0.136720471753798,0.0988434243368719,5.5292208515387e-08,0.336789031123752,5.56219479843064e-08,0.377037564228687,NA
