"","glmGamPoi (Pb)","edgeR (Pb)","limma (Pb)","glmGamPoi (cell)","Nebula","Devil (base)","Devil (mixed)"
"1",0.0794116056696247,0.117125755442659,0.0440015882506073,0.000334914689798767,0.138744708112378,0.000359807086463522,0.223586918279829
"2",0.000101555043888109,0.00039296954990172,4.38326416571348e-05,9.83213310538346e-15,0.000101913329327175,1.8422300198489e-14,0.000728698448389542
"3",0.027619477741361,0.0550982606070208,0.00695454229954391,1.90628055752552e-05,0.0299058706765352,2.1694884909125e-05,0.0508495792501761
"4",0.468945523844461,0.568621862531935,0.225101706310882,0.00984749120609238,0.0390586566472599,0.00987825207762443,0.226471956687153
"5",0.180215760384351,0.244121823350043,0.29455681218206,0.00469209108851719,0.0743078775191163,0.00495651209078043,0.048450992434872
