"","glmGamPoi (Pb)","edgeR (Pb)","limma (Pb)","glmGamPoi (cell)","Nebula","Devil (base)","Devil (mixed)"
"1",0.00101170638306233,0.00298743980150255,0.000754542829887271,1.62673364347272e-150,0.000100040257766603,1.10143835841026e-148,0.000214278311385756
"2",0.106104915851832,0.145969483892712,0.0354231473216361,1.15390244929637e-14,0.0959931043578557,2.77865365367276e-14,0.140922987869009
"3",0.0736367822670234,0.11076339396423,0.0252414372898471,6.15917179027925e-06,0.0433016860749366,6.70710890025389e-06,0.134034144047393
"4",0.00364427645989023,0.0219646990183815,0.00166598384481822,4.31175321156844e-15,0.00524622732507957,4.67131640209174e-15,0.288234212292501
"5",0.00683632148117137,0.0154797359006161,0.00289836167460961,1.22499244040259e-21,0.00275292104195133,1.65151297199238e-21,0.117247480709672
