"","glmGamPoi (Pb)","edgeR (Pb)","limma (Pb)","glmGamPoi (cell)","Nebula","Devil (base)","Devil (mixed)"
"1",0.0101718733070273,0.0117861870079526,0.00783314848915194,3.2452823963011e-15,0.00110835986034002,7.16023812756877e-15,0.00196606205622022
"2",0.00496044595681877,0.0127462521766657,0.00998334148010124,8.06592315713187e-12,1.89951193725985e-06,1.36982478820904e-11,2.71407245492408e-06
"3",0.828825358784566,0.874238053301793,0.892061071618441,0.19664029841239,0.980346179991607,0.194207170784256,0.785820556828566
"4",0.122960111130367,0.186555762703648,0.347274393607469,1.34932521059022e-09,0.202426649279122,2.55406122649836e-09,0.00104043139900355
"5",0.889736074519638,0.915215146943099,0.905373598093376,0.725056056240635,0.994922159618722,0.728254073579024,0.871234314762401
