"","glmGamPoi (Pb)","edgeR (Pb)","limma (Pb)","glmGamPoi (cell)","Nebula","Devil (base)","Devil (mixed)"
"1",0.079173699907978,0.0920548122452367,0.194761251412709,1.79421516210603e-30,0.0536872379674379,1.32165369653355e-29,0.0484292498442067
"2",0.273977103857915,0.321775883117217,0.229697765574705,5.54072227466014e-54,0.372627305603482,3.93713074033608e-52,0.449706698245564
"3",0.00133822380648012,0.0222396909775956,0.00173723283867862,2.53544311840038e-35,0.00170618004055402,3.11685637834089e-35,0.000325925933270669
"4",0.24971663340324,0.272634717189891,0.348712680774938,0.000325268951600172,0.241852899045568,0.000337900051212097,0.303899898823458
"5",0.0238409101640799,0.03158128550406,0.0852205223630723,1.86245445905865e-18,0.0113199803485724,3.74399943221929e-18,0.0267652958873765
