"","glmGamPoi (Pb)","edgeR (Pb)","limma (Pb)","glmGamPoi (cell)","Nebula","Devil (base)","Devil (mixed)"
"1",0.0397555422992314,0.0642847000580133,0.0338282588137003,0.0267479058657036,0.0277912847012573,0.0282607909970731,0.000380746790082053
"2",0.107987030279773,0.167601673588303,0.138799358924103,0.0755823029665111,0.0766067994871006,0.0781376767755578,0.105875301484404
"3",0.0150631605519617,0.00887462217755442,0.00652452013069533,0.0111005703526787,0.0117746847745937,0.012191189550395,5.72269062514512e-07
"4",0.054746271293933,0.268172120314916,0.182620384605962,0.0123514010431088,0.226130328273076,0.0127131302254826,0.0995458400899279
"5",0.0915299010741776,0.0669747540691545,0.0320222140864393,0.128573719177871,0.131027208222706,0.132527784891322,0.000207521118451347
