"","glmGamPoi (Pb)","edgeR (Pb)","limma (Pb)","glmGamPoi (cell)","Nebula","Devil (base)","Devil (mixed)"
"1",0.741991832907228,0.759926265321085,0.589389916462026,0.422093538730723,0.947439269644631,0.424194317174761,0.694359982100266
"2",0.027192564416906,0.0378023335270778,0.0334748175250176,2.04792195017536e-16,0.0750602997195856,4.8845223963865e-16,0.0866036645972531
"3",0.0133540723673976,0.0356069763203351,0.00335112040101792,3.01129400170062e-28,4.09107593129611e-05,6.65103531499085e-28,8.1076983863382e-07
"4",0.465330071078252,0.538634908076893,0.526638226214791,0.778658247801908,0.764850965601371,0.778773005107048,0.870234615949121
"5",0.451853764725388,0.504472241155235,0.46853627066554,0.242026566315441,0.399090895821047,0.243518659614408,0.699432335757006
