"","glmGamPoi (Pb)","edgeR (Pb)","limma (Pb)","glmGamPoi (cell)","Nebula","Devil (base)","Devil (mixed)","glmGamPoi (fixed)"
"1",0.0161423655111681,0.0363740174369921,0.0298309929976436,0.000518470153136013,0.00922328848026151,0.000526057291484678,0.00431101458406864,0.00642411048228833
"2",0.00260853168973285,0.0126382536741443,0.0030193604827563,0.0138939130772671,0.00440953726765978,0.013956352821243,0.266774736480993,0.0531700327164867
"3",0.0990340995811879,0.185055363223317,0.118464755619066,6.24842051209464e-25,0.212139506402983,9.314451741646e-25,0.329533750981545,2.51764048059333e-14
"4",0.000674838902192784,0.00329821841331882,0.000569108174837414,3.65544538602037e-80,0.00110068115494561,4.71074311528032e-80,2.68647758178834e-08,2.87401166435739e-07
"5",0.00181934857745365,0.0106628785751575,0.00268969973642782,8.98530611565098e-05,0.000117835336291109,9.09106479263213e-05,0.315961001604012,3.35141864163823e-08
