"","glmGamPoi (Pb)","edgeR (Pb)","limma (Pb)","glmGamPoi (cell)","Nebula","Devil (base)","Devil (mixed)"
"1",0.00233493020460425,0.0210238426912716,0.022731764674258,6.03479046369599e-08,7.06267588052286e-08,7.77941719982241e-08,1.21370032318479e-09
"2",0.144441761509849,0.210297618673162,0.134014065964908,9.64724717217172e-14,0.00722897487177683,1.42409234167652e-13,0.000201955289910732
"3",0.0511055420879329,0.0752457812757137,0.0587517843030394,8.72438812089033e-10,0.00358138961581948,1.1679288655353e-09,0.00638971778149641
"4",0.580532787645711,0.623902645506356,0.672663955974207,7.36250911661225e-19,0.225916475480795,9.16420692501063e-19,0.215915496130585
"5",0.02847311867786,0.0536283891929345,0.0676915735973293,2.94668788856393e-12,0.000217066818387413,4.47045733971054e-12,1.00358138878782e-09
