"","glmGamPoi (Pb)","edgeR (Pb)","limma (Pb)","glmGamPoi (cell)","Nebula","Devil (base)","Devil (mixed)"
"1",0.462759482515769,0.493096304137263,0.343486607768875,0.00380513023844495,0.0160611292980723,0.00348828485803537,0.00300065884575666
"2",0.568330386485155,0.652384687641321,0.492707207445662,0.00138383085853238,0.134503246321619,0.00128792795061717,0.150567200328421
"3",0.329015844083695,0.358971395691751,0.198618986621479,0.00316285841225913,0.00295685331134912,0.00268809283531809,8.6091213316356e-07
"4",0.0549252786529047,0.0657607344662881,0.0364659157217989,4.09043252294195e-07,1.10559039448466e-05,4.83600961019946e-07,5.36064574625516e-15
"5",0.550535124424635,0.524675061085898,0.48132807308195,0.119051067532217,0.145643325961253,0.119383318480129,0.0618680393926343
