"","glmGamPoi (Pb)","edgeR (Pb)","limma (Pb)","glmGamPoi (cell)","Nebula","Devil (base)","Devil (mixed)"
"1",0.457660388831892,0.42642092209442,0.332425252471837,0.000128755249539807,0.0507412377029382,0.000130082663632399,0.0823406109190851
"2",0.144447908064642,0.144569520762663,0.0980870622537279,1.47785931865945e-36,1.69436199463555e-13,3.27430449454824e-36,1.14930870578911e-12
"3",0.0293450643256985,0.0324194679468804,0.0195176669059758,1.3987644891154e-50,8.8313421117328e-15,1.14771952693739e-49,1.88990560332066e-16
"4",0.741942708889285,0.749896661485197,0.770774370222149,0.180945825648451,0.958689767933058,0.181479379736225,0.605537614959934
"5",0.74254225516844,0.782798973203579,0.651033651838683,1.14489176066489e-07,0.908323737917927,1.25369177481561e-07,0.649661831908731
