"","glmGamPoi (Pb)","edgeR (Pb)","limma (Pb)","glmGamPoi (cell)","Nebula","Devil (base)","Devil (mixed)"
"1",0.111050887623234,0.140800373329629,0.0810484796435429,0.000574657455825249,0.000611900370300629,0.00061927384147578,8.12664690595746e-38
"2",0.00191183258633763,0.00408916808800367,0.00066899019139265,3.7187994689135e-46,5.79896290444635e-54,2.14302329171866e-48,4.52433884390862e-193
"3",0.697140975999924,0.673003297553157,0.492090387786964,0.703618273492049,0.7049291416536,0.705922825713486,0.0418561627224161
"4",0.384104446642334,0.322201687407937,0.267638869025623,0.371838287371875,0.372458767898999,0.375603689841343,0.0165694992352107
"5",0.041287885512785,0.0330456716585498,0.0127050041102745,9.83459439315122e-06,1.36439666761941e-05,1.59711113046845e-05,3.30774962432971e-11
