"","glmGamPoi (Pb)","edgeR (Pb)","limma (Pb)","glmGamPoi (cell)","Nebula","Devil (base)","Devil (mixed)"
"1",0.45938461470248,0.56810226872585,0.362529180702387,9.58510846405083e-13,0.95203622380596,3.72101796577244e-13,0.0854689129482872
"2",0.174433686779711,0.190066060987291,0.223180034874065,0.0628128407234588,0.406935585479623,0.0647385658548558,0.436000828705503
"3",0.767031146944417,0.792714180527179,0.92628578491883,0.000430364005387715,0.306656510977407,0.000499877491244077,0.270719159236062
"4",0.0577320665901186,0.0695553161527486,0.0231556558512654,4.08976732787103e-09,1.42489651368318e-08,1.38859408450298e-08,1.22089130873896e-27
"5",0.609048835669643,0.624070877264921,0.375980156539548,0.904416481989694,0.907246468928848,0.906375441633376,0.673349408432844
