"","glmGamPoi (Pb)","edgeR (Pb)","limma (Pb)","glmGamPoi (cell)","Nebula","Devil (base)","Devil (mixed)"
"1",2.39079840742251e-05,0.000152050794714959,3.86321872234209e-05,4.50675705633756e-106,0.000303398472254081,7.72101493204798e-106,0.0145257044096544
"2",0.0214479435219585,0.0413803074640865,0.127993986928951,8.21779359854101e-81,0.0294474407378517,1.06965058668326e-80,0.0264405976473069
"3",0.00900226287582616,0.0239728561474388,0.0207529146379898,2.84196363551285e-43,0.0431128803622165,4.00699543791047e-43,0.107211103907062
"4",0.00806181651383201,0.0186515708637416,0.0128596591877741,3.34828223581221e-33,0.0441126565358894,4.38411777255061e-33,0.133565943323744
"5",0.0686272089411537,0.122314023311356,0.197247638466763,5.50789556138822e-31,0.0127425233917328,7.07816761861155e-31,0.0106370302493876
