"","glmGamPoi (Pb)","edgeR (Pb)","limma (Pb)","glmGamPoi (cell)","Nebula","Devil (base)","Devil (mixed)"
"1",0.000964610225903901,0.00833213882097894,0.00152054455171491,4.66061032452502e-10,0.000919957099803902,4.72314946351831e-10,0.000960123860320066
"2",0.882799662188395,0.792301126482323,0.377985822482519,0.0239300680300979,0.93821290324919,0.0238747441241373,0.460007852012988
"3",0.503643071340627,0.510045830465561,0.470901729383879,0.314644943344478,0.46761247406983,0.313639932645409,0.671486273371144
"4",0.947197528202297,0.945896418656164,0.428095481596227,0.000699576936647326,0.395028471061672,0.000520701273749434,0.14599517108354
"5",0.468577491963966,0.470332799528053,0.815325739628747,0.263606723274438,0.441269679647569,0.263436214592199,0.742425850856163
