"","glmGamPoi (Pb)","edgeR (Pb)","limma (Pb)","glmGamPoi (cell)","Nebula","Devil (base)","Devil (mixed)"
"1",0.000964610225903908,0.00833213882097895,0.00152054455171487,4.66061032342327e-10,0.000919957099803902,5.23143277792763e-10,0.000988246949152374
"2",0.882799662188395,0.792301126482323,0.377985822482525,0.0239300680133138,0.93821290324919,0.0243821536914298,0.461551992808662
"3",0.503643071340627,0.510045830465561,0.470901729383882,0.314644943339384,0.46761247406983,0.312734550982492,0.670905665070568
"4",0.947197528202297,0.945896418656164,0.428095481596259,0.000699576936521709,0.395028471061672,0.000519982652274098,0.145954201514373
"5",0.468577491963966,0.470332799528053,0.815325739628745,0.263606723270857,0.441269679647569,0.257935809867525,0.739494670330294
