"","glmGamPoi (Pb)","edgeR (Pb)","limma (Pb)","glmGamPoi (cell)","Nebula","Devil (base)","Devil (mixed)"
"1",0.00858694052814566,0.0125710700993309,0.0209685878145283,0.00210144319504963,0.0144245336336508,0.00223908509616824,0.0257983309069581
"2",0.0418477046958572,0.0630130938563317,0.0550595374363728,0.000503024418850664,0.0466327087106434,0.000486348657445944,0.0258146781280043
"3",0.021355393539742,0.0918060407484733,0.0268600599428472,3.71707427213795e-08,0.0399768513050245,3.88380776881477e-08,0.00219356704798793
"4",0.00136285883495844,0.00208249056322143,0.00116823112456421,2.85894774373443e-09,0.000297508992863328,3.1266624040389e-09,5.04507869289873e-05
"5",0.000584329896008011,0.00566894928045846,0.000739517233921803,1.14517701095488e-05,1.23806243599361e-05,1.28110668735653e-05,1.75688987643021e-06
