"","glmGamPoi (Pb)","edgeR (Pb)","limma (Pb)","glmGamPoi (cell)","Nebula","Devil (base)","Devil (mixed)","glmGamPoi (fixed)"
"1",0.907739859374344,0.892225017595031,0.558840995451666,0.0020039772069869,0.732507874061766,0.00215751810274406,0.0964813380608035,NA
"2",0.748565029564083,0.749270793588873,0.199535328498738,2.27955252778023e-31,0.336871540367464,2.55599626945807e-32,0.0019659937999088,NA
"3",0.462246456849485,0.412948448563012,0.569171073244084,1.79005569207898e-10,3.49014238829697e-10,1.63266205292667e-10,2.75735465652878e-07,NA
"4",0.978261034668451,0.836397789535267,0.0341759953406166,1.10459127259209e-07,0.940637189366435,3.67554489401962e-07,0.0806784934434128,NA
"5",0.0531310289465491,0.0823843636062945,0.030351898069486,7.11444269996758e-30,9.66023700027958e-30,2.49724906854563e-28,4.61627758828579e-84,NA
