"","glmGamPoi (Pb)","edgeR (Pb)","limma (Pb)","glmGamPoi (cell)","Nebula","Devil (base)","Devil (mixed)"
"1",0.127751886402554,0.216821944310753,0.15921562389813,0.0181601967539439,0.170750131167153,0.0184192656822417,0.236006922359797
"2",0.00494868794548302,0.00829975378214626,0.00648792914406954,7.17929813640072e-07,0.0015869296038241,8.21144138716773e-07,0.00205233651127317
"3",0.00879842219802511,0.0234855045441756,0.00695089463976207,1.07002012678567e-51,0.0179990749123812,5.42266168565174e-51,0.000214222930280524
"4",0.320563979454573,0.378219699442955,0.161936970617257,2.0709530779683e-06,0.414277266392525,2.21929800651656e-06,0.220918146376513
"5",0.136214424219265,0.21352109704594,0.390233588300741,0.00023671298098068,0.278883971236942,0.000238594049736908,0.511802837770682
