"","glmGamPoi (Pb)","edgeR (Pb)","limma (Pb)","glmGamPoi (cell)","Nebula","Devil (base)","Devil (mixed)"
"1",0.263169168959919,0.294965573591144,0.179675863897091,0.000783493682310704,0.000891121095597367,0.000908086455823786,0.000123728896784124
"2",0.276191436797202,0.246269631258827,0.260423158151555,0.0938901697931421,0.09525287756352,0.0963308655482655,0.036846058297738
"3",0.0057432295637966,0.00615970967330765,0.00758959757780687,5.13102878943527e-08,1.41011933581669e-05,1.26910097535836e-07,5.95424914884057e-06
"4",0.611737145856035,0.663301109664986,0.60728597521702,0.106613661820521,0.275517575722934,0.109692817294071,0.120282444160769
"5",0.0229168785270098,0.0260516660596283,0.030194537021805,7.1328905011983e-05,0.0230571705488281,8.07195925781208e-05,0.00166436987782095
