"","glmGamPoi (Pb)","edgeR (Pb)","limma (Pb)","glmGamPoi (cell)","Nebula","Devil (base)","Devil (mixed)"
"1",0.00497671659863019,0.0301542024358245,0.00551093405213788,4.56028222118617e-14,0.0221492316822687,5.24944222485051e-14,0.0217937914367407
"2",0.0384105619715198,0.076403101589845,0.0315921401015239,3.5129927142593e-05,0.0246518621244491,3.55222670097836e-05,0.0627055282640982
"3",0.151651515025452,0.184569209629521,0.134698797249706,3.71076944935396e-14,0.366651826632616,1.02129494757112e-13,0.0391064528077653
"4",0.000617647509185386,0.00212618711274719,0.000746526492541472,1.19535025679465e-10,0.000472638522605161,1.31765305349878e-10,0.00494645628401453
"5",0.151309682414098,0.154311659250305,0.0931048913435887,0.00856346106184876,0.115292510846319,0.00943484139830334,0.164801791950473
