"","glmGamPoi (Pb)","edgeR (Pb)","limma (Pb)","glmGamPoi (cell)","Nebula","Devil (base)","Devil (mixed)"
"1",0.193218670031048,0.226989570787613,0.0580329895761849,1.34006690765704e-07,0.127835810290463,1.95550663953981e-07,0.0798153044668833
"2",0.0540474528910938,0.111526090144017,0.0547034729284397,2.1587951060801e-11,0.000518245539588625,1.04560695106103e-10,0.00480837429307895
"3",0.29770139185083,0.353031488728352,0.169772819340878,9.1998408417529e-06,0.109853958604333,4.46567366524988e-06,0.086463926973796
"4",0.498345240930233,0.523078813886743,0.841408168263595,1.99107876252865e-07,0.124571546034136,1.35773567847488e-07,0.244435320646731
"5",0.915601205985582,0.889329904899248,0.182714773424615,0.00198411395562588,0.990453070902739,0.00160055529394425,0.487631386822054
