"","glmGamPoi (Pb)","edgeR (Pb)","limma (Pb)","glmGamPoi (cell)","Nebula","Devil (base)","Devil (mixed)"
"1",0.0190411953678357,0.0316167546467019,0.0373692190283591,0.000157886728824845,0.0534904099882583,0.000165419377165539,0.09831149979902
"2",0.00202980008288897,0.00926497503792686,0.0291266841340039,3.27369963763815e-05,0.00397891046226182,3.5558365188069e-05,0.00111107880532476
"3",0.752601315693276,0.748018946695845,0.929890468161914,0.403530264781751,0.837120318617143,0.40510371858832,0.821977241294714
"4",0.000879977031872402,0.0025955138983073,0.00408081893539094,1.97690822559026e-35,0.0071176047655033,2.31478463458901e-35,0.00364922710711177
"5",0.00127124344844636,0.00315651501351048,0.00204720868328932,3.01641941370032e-11,0.00170331180125062,3.58673924850259e-11,0.000859768717359536
