"","glmGamPoi (Pb)","edgeR (Pb)","limma (Pb)","glmGamPoi (cell)","Nebula","Devil (base)","Devil (mixed)"
"1",0.0587457609027512,0.0948800703186386,0.0892110766498376,0.00146014104059052,0.20635905878661,0.00145744062174033,0.505349662395422
"2",0.0125889117003431,0.0258141065163971,0.00497369049870289,4.71698986960224e-21,0.0501735962671824,4.37480815940937e-21,0.0107801736244466
"3",0.217872016700338,0.273908007370305,0.381713542806544,0.164963718989617,0.443249039532481,0.165018364469063,0.856395199238483
"4",0.00277045842737442,0.00883662918797426,0.00341638119700527,3.38259466791746e-28,0.000795124742514408,5.52437084725573e-28,0.000370887576456133
"5",0.000491350713050771,0.0096105034275315,0.000466613696086386,9.01483143932725e-24,0.00123548265967054,9.91825436885185e-24,0.0392170912975251
