"","glmGamPoi (Pb)","edgeR (Pb)","limma (Pb)","glmGamPoi (cell)","Nebula","Devil (base)","Devil (mixed)"
"1",0.338836185118394,0.467279708353323,0.315426991538219,0.0107516274106573,0.0108423773490791,0.0111557870921893,0.0333108285628811
"2",0.136418709789977,0.156523980605628,0.093033561818495,5.2204218819509e-13,3.76911508111411e-08,2.02168351356542e-13,8.35271186241497e-10
"3",0.0586941688892026,0.0438588918191857,0.0403406656501835,3.78972972782742e-06,5.50529001863714e-06,6.65509735446133e-06,1.25257388303659e-26
"4",0.630499050670184,0.618751639430304,0.645894311217553,0.0391154568687533,0.164415909253546,0.0407501283236024,0.155330949011559
"5",0.672117871480373,0.597361537243687,0.829887008067222,0.789981969301614,0.791087453689045,0.792390508211839,0.790463877742416
