"","glmGamPoi (Pb)","edgeR (Pb)","limma (Pb)","glmGamPoi (cell)","Nebula","Devil (base)","Devil (mixed)"
"1",0.486095147667964,0.519780820107982,0.56736099650552,0.00337548351259688,0.156038466804733,0.00349105205423389,0.528343748017437
"2",0.00131283439080549,0.0061366227659727,0.0021443855813352,6.14650899965232e-22,0.00178420148723955,1.02187624814487e-21,0.000267054438962592
"3",0.000688407079139638,0.00168359801007536,0.000442878326789049,1.33224458164409e-12,0.00679358599928066,2.97837984422798e-12,0.00198693486263122
"4",0.0065383014617088,0.0165813625369618,0.00256849441706486,2.57043759122227e-37,0.0263827605448214,2.50455794792751e-36,0.00255500649634538
"5",0.00885229993005543,0.0167770636421216,0.00870039765636327,1.97086606225725e-11,0.0367361284773208,3.64345149155938e-11,0.0141626073995572
