"","glmGamPoi (Pb)","edgeR (Pb)","limma (Pb)","glmGamPoi (cell)","Nebula","Devil (base)","Devil (mixed)"
"1",0.601208246728281,0.639872782588461,0.5503088327173,4.44030455343002e-29,0.397489927468379,9.98777877134538e-30,0.36022174569725
"2",0.0157948517323429,0.0272852317502626,0.0171190316009087,1.62101507606305e-18,0.00184210792147162,3.11366127239026e-18,0.00663641512406575
"3",0.411385220187878,0.50404273825937,0.461472191540378,6.3118531037403e-13,0.00328009562705281,6.69682847271175e-13,0.00542770450683528
"4",0.00344257512274827,0.00827724487290656,0.00708250844906004,1.05668674912979e-25,0.000232954146906379,3.31357425549544e-25,0.00445271824785835
"5",0.0172482491163451,0.0292048294505932,0.165936602727736,6.04690799886086e-42,0.00323183210715788,8.10060176192785e-42,0.0375710114860084
