"","glmGamPoi (Pb)","edgeR (Pb)","limma (Pb)","glmGamPoi (cell)","Nebula","Devil (base)","Devil (mixed)"
"1",0.000322049269868008,0.0012894179059765,0.0011445948517156,4.16095252303331e-35,3.14190088324118e-10,4.87521189118108e-35,5.60965995799321e-05
"2",0.00422691827554641,0.0109571581244324,0.0315242242759816,0.000136464259762816,0.0127216067723987,0.000142268031933234,0.550429934177327
"3",0.0137080817180025,0.0220059629260733,0.180135095378419,2.15089602536457e-10,0.0175742510343172,3.0527367604759e-10,0.496970494499053
"4",0.00249405391895608,0.00581966995179288,0.0105270821207014,8.16106672457137e-13,0.000701903672046313,9.19180025807336e-13,0.0687079007645484
"5",0.0306886362199711,0.0598174942495287,0.0446377993871113,0.0181279356043329,0.043580662477499,0.0181881269327539,0.323537400394091
