"","glmGamPoi (Pb)","edgeR (Pb)","limma (Pb)","glmGamPoi (cell)","Nebula","Devil (base)","Devil (mixed)"
"1",0.789831735906379,0.769911575644914,0.979857628512795,0.873069929710271,0.475963180656876,0.873259074683326,0.957899628322178
"2",0.976877654331415,0.973297182786478,0.90000013761074,0.963476504617346,0.966720929775658,0.963527530863714,0.966881069487463
"3",0.165867119442158,0.129867284019159,0.143357578124796,3.95776175162955e-10,6.351009651656e-05,5.62362952758177e-10,4.31096182526837e-07
"4",0.781367526961697,0.766209568300246,0.734210912794493,1.12187862387478e-06,0.347775990968621,1.1323675304256e-06,0.185969490187506
"5",0.502433195952372,0.535461519311655,0.829277638073709,0.614187802759439,0.421331454534084,0.614913788835997,0.886205507271152
