"","glmGamPoi (Pb)","edgeR (Pb)","limma (Pb)","glmGamPoi (cell)","Nebula","Devil (base)","Devil (mixed)"
"1",0.0959808714196199,0.179306096131159,0.0687789779741897,0.0131837867930274,0.24304119392299,0.0133647965046924,0.177631995558399
"2",0.152709031888045,0.358001497237242,0.106001324616821,6.7903651153128e-06,0.356727973129285,6.929792110667e-06,0.161258854793186
"3",0.0201777140380004,0.117409142298388,0.0138798684734333,4.20127532420655e-15,0.0968373941273971,4.24137494246265e-15,0.032746335225163
"4",0.0512495479005248,0.0941640558245876,0.0655147390141489,0.00297206705858186,0.0804746174415648,0.00298110230118403,0.145159304122603
"5",0.00178786070892752,0.0131827566949697,0.0036605540344417,8.67556711683066e-21,0.00348714586638487,1.03327778951023e-20,0.000690182592785163
