"","glmGamPoi (Pb)","edgeR (Pb)","limma (Pb)","glmGamPoi (cell)","Nebula","Devil (base)","Devil (mixed)"
"1",0.0518139347419689,0.0592253579700256,0.0328844180229743,0.0149346379766667,0.0558396341193038,0.0164167496434187,0.0635289524861451
"2",0.0445192310066744,0.0717051542280676,0.0354994334046473,0.0188751806596083,0.107661866063964,0.0193965442452476,0.112241087132983
"3",0.0523065287329497,0.0523191848704244,0.0372800631244006,0.0470383996315152,0.124098730048902,0.0525217141452105,0.126124651810728
"4",0.282343544379858,0.366532564943863,0.278311555986503,0.346971567314171,0.717901590876335,0.349036658355856,0.670704707154749
"5",0.454093899318747,0.494884019506194,0.268971720336713,0.326891408951907,0.330196641789916,0.33174910917596,0.318667498184834
