"","glmGamPoi (Pb)","edgeR (Pb)","limma (Pb)","glmGamPoi (cell)","Nebula","Devil (base)","Devil (mixed)"
"1",0.000414037010539633,0.00217643770409482,0.000594294545616684,5.60921703245363e-20,1.74753504737606e-06,7.86849982815542e-20,1.92664881499602e-05
"2",0.00316654049218593,0.0041082690296008,0.0147171810151943,6.80018114971257e-06,0.000420308681559331,8.42402051298086e-06,0.00820571810276408
"3",0.726199348957058,0.756625277131377,0.537773443982177,0.000131533723762873,0.370460935368356,0.000140165741522053,0.109212294748657
"4",0.0528311946405228,0.0827098453742061,0.051910758578668,0.00160663487806654,0.00587690004444063,0.00173144352993254,0.00530467170928612
"5",0.468588345144104,0.520124591197278,0.82803041020802,7.58710331133557e-08,0.101816407452137,7.60756208130037e-08,0.0822333674971374
