"","glmGamPoi (Pb)","edgeR (Pb)","limma (Pb)","glmGamPoi (cell)","Nebula","Devil (base)","Devil (mixed)"
"1",0.441995585265305,0.492287083142635,0.357278375149185,1.42103308558492e-25,0.0938413725426659,3.37243585327003e-25,0.118495428642383
"2",0.548667984742968,0.57109429588335,0.542029396239639,0.374949069820743,0.64330423725799,0.375215434548474,0.757423377152529
"3",0.243735065495254,0.295812407917849,0.404321686861594,0.00208042812983272,0.55506060227856,0.0020927051262929,0.625494788240241
"4",0.487541345456076,0.447773953661735,0.484179111642395,0.504152914016228,0.961164377181637,0.504642843453478,0.791358103622186
"5",0.84012224158853,0.84271946312112,0.974324825499674,0.0322791865140135,0.616814879238199,0.0325475937106782,0.595794626486623
