"","glmGamPoi (Pb)","edgeR (Pb)","limma (Pb)","glmGamPoi (cell)","Nebula","Devil (base)","Devil (mixed)"
"1",0.0351599191574368,0.0690807375367139,0.0891093706893003,1.07899102228512e-07,0.106376319837328,1.10231260533731e-07,0.305671029075864
"2",0.00217241322695727,0.00737819632893385,0.00376811940506299,2.37097860930346e-26,0.00091001351000949,3.19326735482607e-26,0.00561501257964079
"3",0.0146154116432724,0.0367417177309417,0.0205486610829799,1.16854095395014e-07,0.0247944104015039,1.19011579580666e-07,0.136198934388981
"4",0.0377000559617886,0.0603211778393046,0.0421676619252667,4.02296642669598e-13,0.0771692747259492,3.65370761960913e-13,0.122163410552354
"5",0.013862125162666,0.0449698087797505,0.00752455213164122,0.000161114637602463,0.0409703764237291,0.000164306179475192,0.0817453118195584
