"","glmGamPoi (Pb)","edgeR (Pb)","limma (Pb)","glmGamPoi (cell)","Nebula","Devil (base)","Devil (mixed)"
"1",0.600286810552829,0.618920893715413,0.949777450168988,0.201572509030449,0.318590228042792,0.201092399552556,0.85270814391108
"2",0.0362567117867134,0.0719941371894803,0.0381652541033076,0.000425446965653586,0.0306528579674738,0.000458735227954002,0.0439053971385361
"3",0.14984188311223,0.114674097057073,0.126990673230595,0.0747833610951184,0.142247087739867,0.0741644261994054,0.125251837900995
"4",0.802483540553481,0.7985092440059,0.964583463114235,0.0503750278616059,0.485085323388233,0.05671976448782,0.468672763887503
"5",0.0108686750905303,0.029325331406484,0.0169419263038219,1.3135013546977e-12,9.39591147710234e-06,1.91316140820004e-12,0.000179924076062802
