"","glmGamPoi (Pb)","edgeR (Pb)","limma (Pb)","glmGamPoi (cell)","Nebula","Devil (base)","Devil (mixed)"
"1",0.0160509817713976,0.0489423542776081,0.0112068887919139,1.92795437607235e-29,3.20460836482033e-05,3.84526337491294e-29,7.67290907145796e-06
"2",0.00194026496070147,0.0044582427833218,0.00172823966033559,3.02683921499681e-34,5.22825167232437e-07,3.74751071754949e-33,7.49076739920346e-06
"3",0.122579594623612,0.213019033187005,0.0956918124953251,3.05546291816448e-07,0.00762552032810531,3.28525166242613e-07,0.0239708271480387
"4",0.0757462436738474,0.0927669353981359,0.0203287719139489,2.12348003822384e-37,0.0275946730260028,4.35203501520512e-37,0.054502225940398
"5",0.0137699345292772,0.037987941810421,0.00798697878346141,1.01618709947512e-15,0.00218857622076397,1.61310219700776e-15,0.000469257894313083
