"","glmGamPoi (Pb)","edgeR (Pb)","limma (Pb)","glmGamPoi (cell)","Nebula","Devil (base)","Devil (mixed)","glmGamPoi (fixed)"
"1",0.212394523665346,0.288880704339283,0.139938858081527,0.0370096613720569,0.107425268523068,0.0366969102329412,0.0544461772459503,NA
"2",0.451801759865583,0.516632066680578,0.392319879864541,0.929522456939222,0.937335320675637,0.929544949605205,0.892556826063123,NA
"3",0.0115274364230939,0.048572381283389,0.0309871950991996,0.000101356849737063,0.000108752025022803,0.000102558802179109,3.78646969961264e-14,NA
"4",0.0915610393770742,0.148921610151738,0.0962918730641396,0.00744540196669278,0.00832977182329887,0.00756847117993128,9.36434824945784e-71,NA
"5",0.103566331844949,0.160708611705566,0.14542665315143,8.09310993327446e-07,0.106920686435422,8.3211984277841e-07,0.0185065172244974,NA
