"","glmGamPoi (Pb)","edgeR (Pb)","limma (Pb)","glmGamPoi (cell)","Nebula","Devil (base)","Devil (mixed)","glmGamPoi (fixed)"
"1",0.0308461597560322,0.0708631513175598,0.027851965613305,3.56978023864704e-06,0.177406469215382,3.64820043679044e-06,0.277157335963257,NA
"2",0.0350840134887306,0.107682014992256,0.0232501099943347,3.51348482073816e-05,0.188920882750061,3.53415593687044e-05,0.288535915116435,NA
"3",0.0433618762492425,0.109036175082776,0.0769398054428621,5.6902584402229e-20,0.230356801244697,5.88647761648933e-20,0.206561752256545,NA
"4",0.000427581856215343,0.00380877728796309,0.000985879840465702,1.08556585482524e-292,0.00746141026138399,1.20262316773583e-295,0.00454603575707564,NA
"5",0.0308308105883126,0.0824377490275641,0.0253128836212035,7.37834480241718e-17,0.203001301292188,7.36819449109407e-17,0.304896330241596,NA
