"","glmGamPoi (Pb)","edgeR (Pb)","limma (Pb)","glmGamPoi (cell)","Nebula","Devil (base)","Devil (mixed)","glmGamPoi (fixed)"
"1",0.290248505499305,0.395162960684835,0.244340783615819,3.3847214100782e-06,0.25530451378234,3.63377340186518e-06,0.0643843120597226,NA
"2",0.0367034730726163,0.083228743496169,0.0191799297310921,4.16208036769117e-05,0.0900987275318179,4.42014043391606e-05,0.0783858118836276,NA
"3",0.0159321839196373,0.0222145310433788,0.0152976614510735,6.93227732583464e-13,0.0354658580142263,9.25974395621761e-13,0.200960260440156,NA
"4",4.57430799975161e-05,0.00100865381546058,8.0677563871687e-05,1.57561170120076e-20,0.00033719974895892,1.97274181840583e-20,0.000381358008246902,NA
"5",0.00932977789995435,0.0147282149971127,0.0121021017671657,4.59875551916204e-12,0.0167407765359702,6.10265429301014e-12,0.256307702018335,NA
