"","glmGamPoi (Pb)","edgeR (Pb)","limma (Pb)","glmGamPoi (cell)","Nebula","Devil (base)","Devil (mixed)","glmGamPoi (fixed)"
"1",0.084961900226501,0.183646861735737,0.185121077756536,0.125870716308166,0.126766562657578,0.126752824880346,0.0923934040925649,NA
"2",0.00192050718587438,0.00327681319874748,0.0130840727440101,9.60054627601803e-18,0.000337880249127057,1.92857829287601e-17,0.00272518104782503,NA
"3",0.918538260250672,0.930229804944683,0.577240211742104,0.306713545332539,0.922322850827024,0.307559910518819,0.898193972362106,NA
"4",0.298262500235135,0.431848450638158,0.733250342614797,0.000105489111583569,0.495448258149328,0.000112786056956405,0.133845998263319,NA
"5",0.000321396974384632,0.000551008814427813,0.0015665084658086,5.70982229262471e-71,0.000160141911038668,6.50162388231859e-69,3.21992690524402e-05,NA
