"","glmGamPoi (Pb)","edgeR (Pb)","limma (Pb)","glmGamPoi (cell)","Nebula","Devil (base)","Devil (mixed)"
"1",0.437821769745929,0.421361989744736,0.382003057342419,0.038863906487331,0.0438468883145797,0.045220201124903,0.00457547792496316
"2",0.0626714916233746,0.0785392099326622,0.0425608076731088,0.100804512532105,0.431628603994314,0.104861557160443,0.53734628697923
"3",0.372457034972958,0.442162034504957,0.333250815276231,0.743248456085086,0.754610255566044,0.748066169639488,0.737161057135138
"4",0.219971378036747,0.184926652836785,0.225740300452712,0.66765704393917,0.57505229721513,0.673484602574343,0.715007822376451
"5",0.375838833777481,0.458831061744745,0.436472838676903,0.833612869880464,0.836248455301261,0.836376274950594,0.685412431554955
