"","glmGamPoi (Pb)","edgeR (Pb)","limma (Pb)","glmGamPoi (cell)","Nebula","Devil (base)","Devil (mixed)","glmGamPoi (fixed)"
"1",0.010403865402505,0.0219358284508449,0.0274760912253766,2.85906535427715e-15,0.0304412282828579,3.74195224964543e-15,0.0822473476691286,NA
"2",0.0265931267319713,0.0600012460379418,0.0326626905367997,1.31277277424838e-10,0.171597733099676,1.4210884247162e-10,0.0307224367461648,NA
"3",0.0406954422544932,0.0639954971147488,0.256712163138131,0.0136327338109744,0.178666324857314,0.0138832176413882,0.44462100668987,NA
"4",0.0748532301623016,0.115966891499196,0.359858708686258,1.67042584365645e-07,0.250825982773377,1.69473886529068e-07,0.32418075324903,NA
"5",0.0856710750898791,0.124906655060022,0.867894898223633,1.35310031183849e-08,0.328135401794499,1.42859171865995e-08,0.486955952127954,NA
