"","glmGamPoi (Pb)","edgeR (Pb)","limma (Pb)","glmGamPoi (cell)","Nebula","Devil (base)","Devil (mixed)"
"1",0.388146112600617,0.445439994609566,0.398646736512284,9.48373371131469e-05,0.0448919471393995,8.60133304763456e-05,0.0960744366259397
"2",0.0245280895808665,0.052332082174661,0.0347707300716111,2.36827474900962e-17,4.28904718009935e-08,1.37144981661462e-16,2.98323364467434e-08
"3",0.521359273968363,0.578761075450406,0.159640416426671,0.00102587100774216,0.668927419413261,0.00117974754128325,0.541664821046534
"4",0.222942437364211,0.219272510144608,0.186755763752178,0.000268831963347845,0.000294902087334501,0.000322273754174424,3.75909199595363e-09
"5",0.0685197110202196,0.104781444916769,0.263979264843297,9.7879036984668e-05,0.0960434841829429,0.0001290357349256,0.0545066367238476
