"","glmGamPoi (Pb)","edgeR (Pb)","limma (Pb)","glmGamPoi (cell)","Nebula","Devil (base)","Devil (mixed)"
"1",0.014693711593727,0.0203337315459039,0.0731802720813946,1.34028426508393e-14,7.43214038481305e-05,1.9101487141244e-14,4.76099752559163e-05
"2",0.439599632936067,0.47012538560858,0.864233403283779,0.00869220995234619,0.271247838751824,0.00849271860072907,0.557826778039724
"3",0.00158764672468351,0.00416729676348228,0.010294791739197,7.49604323461484e-87,4.31155513975701e-08,9.0884669075608e-87,7.44681437774814e-09
"4",0.359147656605832,0.354305408027881,0.433495731869371,0.010174269429592,0.0945564712733169,0.0102678782461984,0.22760989003405
"5",0.00605491107306911,0.00705139926066942,0.0200359594266001,5.89639434656703e-27,0.00038875397913224,6.17255612475178e-27,0.000607046168570016
