"","glmGamPoi (Pb)","edgeR (Pb)","limma (Pb)","glmGamPoi (cell)","Nebula","Devil (base)","Devil (mixed)"
"1",0.298877833610855,0.383187993245135,0.257966063483013,0.000139511106250058,0.000142753738125655,0.000150044230587422,2.08649245175122e-19
"2",0.293132458028047,0.307466456972221,0.252884780682988,0.0679566152063905,0.162569787688338,0.071606095890881,0.297283625073377
"3",0.974963726348053,0.86484573268026,0.489239197567574,0.292066950300765,0.746373469854344,0.298359525836933,0.765183038766625
"4",0.505392860423196,0.476538543017588,0.455921095095274,0.218671289671699,0.221208424940573,0.224176432895116,0.281613190599521
"5",0.299243311976106,0.304762462951233,0.188463133130827,5.40696639374057e-09,1.62282601271953e-08,5.32728831051724e-09,3.06966162567913e-05
