"","glmGamPoi (Pb)","edgeR (Pb)","limma (Pb)","glmGamPoi (cell)","Nebula","Devil (base)","Devil (mixed)","glmGamPoi (fixed)"
"1",0.509820227640198,0.528252003523246,0.788281313302908,0.447464218357237,0.774581654472094,0.449719355915253,0.732526500819785,NA
"2",0.234965180789394,0.253967374879378,0.17697568303464,0.0668972905061719,0.310562836938558,0.0689628003175635,0.526906158049743,NA
"3",0.158267313220162,0.180951843466782,0.210039294141556,0.146289233773237,0.163445496275511,0.148475158040001,0.253791206789305,NA
"4",0.114358561320622,0.12860942084781,0.142270503186348,3.23100379718098e-05,0.00555848009199485,4.82869432602087e-05,1.82681727570205e-05,NA
"5",0.689242555507646,0.678578961403635,0.596273498172924,0.278156806571093,0.940607122090934,0.280595719778152,0.523263523403335,NA
