"","glmGamPoi (Pb)","edgeR (Pb)","limma (Pb)","glmGamPoi (cell)","Nebula","Devil (base)","Devil (mixed)","glmGamPoi (fixed)"
"1",0.73094298854692,0.790071843540617,0.782010405267709,0.310224046127051,0.778740562114399,0.316220020432863,0.650052768075287,NA
"2",0.0371046981644665,0.0703956221582739,0.0437149981685631,0.000480473220386703,0.000576191658236271,0.000621065099432222,0.000184074067394417,NA
"3",0.0154712729195352,0.00716186877638854,0.00904694937750412,6.17894591282413e-05,9.11011727487521e-05,0.00010579658256404,2.8418314026761e-15,NA
"4",0.350485471984561,0.471967697672365,0.500947225941265,0.0218903425868463,0.523931686574969,0.023671724580931,0.302157174659074,NA
"5",0.047813936257617,0.0715092398229844,0.0408637237505943,0.000506052968832451,0.000577735860558376,0.000616053298565792,2.6052971364708e-13,NA
