"","glmGamPoi (Pb)","edgeR (Pb)","limma (Pb)","glmGamPoi (cell)","Nebula","Devil (base)","Devil (mixed)"
"1",0.553634286326454,0.530091918154907,0.476206634109381,0.124314754026102,0.125815334786552,0.126925496944848,0.000506864630013622
"2",0.00686387926063027,0.0122420691376429,0.00735024321192004,3.16244641949306e-10,9.19860347740059e-05,6.86302760354186e-10,0.000583182395868481
"3",0.171927566782855,0.189684660926697,0.115684899602179,0.000141318884665755,0.00106695706514017,0.00016082962767777,0.000852210236002448
"4",0.127638123059987,0.188673075624705,0.13035152024724,8.1933712510091e-07,7.43698989655495e-07,8.51701742777369e-07,3.57991168545271e-42
"5",0.0935714415724395,0.114242506928801,0.101941867008194,0.0057659958310197,0.0061177593156594,0.00645135030842995,2.4142913209241e-07
