"","glmGamPoi (Pb)","edgeR (Pb)","limma (Pb)","glmGamPoi (cell)","Nebula","Devil (base)","Devil (mixed)"
"1",0.00702592224521039,0.0204576414317467,0.00503072957068945,1.82254336000335e-54,0.0399647053462731,1.72282208347877e-53,0.00615098497534245
"2",0.590596968383932,0.639544489810455,0.138344659837351,4.54991018363121e-133,0.645196653011306,1.02525981549627e-132,0.113874664473067
"3",3.86960535731228e-05,0.000192521960849819,3.3418362672568e-05,3.07410782031493e-36,1.68186953303101e-06,2.03172342790072e-35,5.21418704523946e-05
"4",0.0345195209511477,0.0728329226206078,0.0107231077145348,5.68796487460501e-36,0.172032442594307,1.4021744309532e-35,0.0179249194165725
"5",0.0438236979869865,0.0862550215131963,0.0227233989315894,1.02790350379715e-34,0.129140473882058,2.56716513529862e-34,0.0198568464405686
