"","glmGamPoi (Pb)","edgeR (Pb)","limma (Pb)","glmGamPoi (cell)","Nebula","Devil (base)","Devil (mixed)"
"1",0.19332077705115,0.250868017558701,0.238314225235781,0.0404290976608843,0.165236218062123,0.0416200541086805,0.127591695552552
"2",0.000163801028515513,0.00203779606315895,0.000271150687379701,2.42787989820231e-08,2.17988473934643e-05,2.90239312009224e-08,7.02965159347178e-05
"3",0.0452009413878932,0.0996958955508026,0.0323935944649618,0.00407075924722022,0.0233402446847063,0.00429965367668365,0.0292091020711699
"4",0.00287005387165548,0.0312837884052228,0.00327782849263531,2.25616627308807e-17,0.0016260876515259,2.35130843542275e-17,0.00120843470788976
"5",0.00174932915606772,0.00758863762476908,0.00285394831818707,8.64137471862012e-09,0.000593873402506084,1.07406636242477e-08,0.000812824281012662
