"","glmGamPoi (Pb)","edgeR (Pb)","limma (Pb)","glmGamPoi (cell)","Nebula","Devil (base)","Devil (mixed)"
"1",0.736142259178625,0.738793692449959,0.870702885107581,0.350785906629738,0.354761803653796,0.354928896567664,0.144243546379291
"2",0.0304077381368869,0.0310253760759397,0.0618345992262377,0.00207750509718822,0.0135108506968931,0.00195189650847783,0.0150243600054648
"3",0.175453636136321,0.160914785756794,0.0963323220934324,5.55482607034089e-05,0.22947518059795,4.84491098226044e-05,0.29711860748241
"4",0.297236987660674,0.296314949732896,0.263643501589839,1.87193814078083e-06,0.425764579101662,1.59488727621085e-06,0.0702452328627289
"5",0.313063982512722,0.303698554951333,0.325741993065359,0.202833042632502,0.287938739608795,0.204329668696128,0.402485004110676
