"","glmGamPoi (Pb)","edgeR (Pb)","limma (Pb)","glmGamPoi (cell)","Nebula","Devil (base)","Devil (mixed)"
"1",0.0014248922555755,0.00411956907458841,0.00164404687763189,4.82108523576373e-24,2.76856207105286e-05,1.1265097973595e-23,6.53586332876954e-05
"2",0.00237941377240117,0.00470678308814991,0.00430893788163965,2.70444576879408e-06,7.55667299156541e-05,3.13728261675383e-06,0.000164358857985865
"3",0.000387913041718071,0.00100801530853362,0.000342048563591883,1.06432874601111e-09,2.56910639267749e-05,1.45925599401157e-09,0.000873001645497698
"4",0.000603528459996005,0.00631911173667933,0.000430810502366144,5.47348757626624e-19,3.81803197913894e-05,7.63752924689502e-19,0.00146457558731656
"5",0.0276836444643194,0.0654755653156833,0.0359060972497892,3.56787345363903e-06,0.00422857976066305,4.04407498438444e-06,0.0120502345533226
