"","glmGamPoi (Pb)","edgeR (Pb)","limma (Pb)","glmGamPoi (cell)","Nebula","Devil (base)","Devil (mixed)","glmGamPoi (fixed)"
"1",0.776157288895256,0.783154593647552,0.975679993671367,0.701398624600162,0.480706946349752,0.701834750333845,0.937669616261522,0.00905294615963324
"2",0.167810831287073,0.188546031118548,0.635765123162505,0.0156870516251735,0.143667550892102,0.0160853830031263,0.575148000775413,0.00583190979258913
"3",0.144193862862639,0.332315250868191,0.213000347424127,2.43045318518241e-07,0.0333395033210212,2.50917503088028e-07,0.0354180312531739,2.19060688745937e-07
"4",7.27002011079582e-05,0.000350845012990784,0.000128962645495754,8.7771703074558e-134,1.09405982056031e-05,3.13858763893967e-134,1.78458779444935e-05,3.42048994118525e-35
"5",0.164700940757673,0.204515004144756,0.338962903966955,0.026724031958297,0.132024928244146,0.0272552111133417,0.484201339495327,0.11131177927081
