"","glmGamPoi (Pb)","edgeR (Pb)","limma (Pb)","glmGamPoi (cell)","Nebula","Devil (base)","Devil (mixed)"
"1",0.00857958416781242,0.0289678664000698,0.0121933956164896,6.85930401940304e-33,0.00150247190623409,1.62195888737142e-32,0.000134974449502085
"2",0.822828403740454,0.771429740497704,0.775031800337093,0.00194147533730949,0.500855045425494,0.00204367373016377,0.323369990674402
"3",0.430034572249421,0.537126682953663,0.428746853187251,0.0311808894468582,0.119489833930806,0.0309065383615663,0.151387939742877
"4",0.000455214339669753,0.00112368421338926,0.000549349167296157,4.96338244009718e-13,9.19219371986931e-05,1.06355738707808e-12,0.000389394320013191
"5",0.00646087764658289,0.0325620927745268,0.011220375330005,1.78359391062466e-13,0.00290690093914317,2.69165940590608e-13,0.00466227794256105
