"","glmGamPoi (Pb)","edgeR (Pb)","limma (Pb)","glmGamPoi (cell)","Nebula","Devil (base)","Devil (mixed)"
"1",0.172197941288934,0.21721026107689,0.126315498011823,1.15033355457854e-07,5.89729243304322e-05,1.49327363413939e-07,8.37980846134755e-06
"2",0.0545014569476558,0.0771570397043934,0.0799014446690239,0.00368818723363387,0.0771236123784249,0.00382445387804283,0.197987395648424
"3",0.173998184853879,0.180277423538181,0.0782955624668448,1.49765189563263e-27,0.0816329766201146,1.99948464488911e-26,0.00607685910901786
"4",0.484859716731692,0.493094767576019,0.387504159900712,0.0195989123996523,0.976563386384992,0.0201201352169427,0.475532606830368
"5",0.0951524564331087,0.089132476560672,0.0533685381016598,1.57602697262094e-13,0.000180869692352998,2.93231993291366e-13,3.94025591190697e-05
