"","glmGamPoi (Pb)","edgeR (Pb)","limma (Pb)","glmGamPoi (cell)","Nebula","Devil (base)","Devil (mixed)"
"1",0.0527194233393934,0.112012071697927,0.0990568065587486,6.89410011184048e-08,0.00713430808096318,9.06613947983451e-08,0.00546866699768383
"2",0.304820834440389,0.375804044338515,0.338102742905507,0.0261055787707199,0.0858744519351808,0.0263682038707495,0.564928633781313
"3",0.0222626833581523,0.06014219369111,0.0298187386049191,5.09810296253996e-07,0.00235524414361142,5.85290247083446e-07,0.0043365438760433
"4",0.105164747753066,0.110668697551152,0.0444529385040768,7.27014296327078e-07,0.0480561611756456,9.39877673968562e-07,0.0181095814403641
"5",0.145089110605886,0.206854544731152,0.0386493357339436,1.46778638505831e-07,0.0558718696077149,2.05944473314595e-07,0.0584804730362878
