"","glmGamPoi (Pb)","edgeR (Pb)","limma (Pb)","glmGamPoi (cell)","Nebula","Devil (base)","Devil (mixed)"
"1",0.478093657825342,0.533616558461318,0.942532501106305,9.17482629915279e-54,0.575013881271105,1.05438342489797e-53,0.0497334684384857
"2",0.122322933520477,0.176664920971984,0.088562666131167,6.20167526246462e-14,0.0883873895590091,1.11412496719628e-13,0.0143437120861101
"3",0.626598097491475,0.644383043261581,0.636093521367371,0.086774462643089,0.49254657407853,0.0872012996037265,0.805897767627692
"4",0.108277816175122,0.0844831064856441,0.0453434489467423,9.32172028559683e-25,0.012008847561752,3.30163346943216e-24,0.000878730242536939
"5",0.550955880237753,0.56409098438849,0.426191147816256,1.28606966676388e-27,0.672793516983836,2.39332865462825e-27,0.252782988909873
