"","glmGamPoi (Pb)","edgeR (Pb)","limma (Pb)","glmGamPoi (cell)","Nebula","Devil (base)","Devil (mixed)","glmGamPoi (fixed)"
"1",0.558937923893195,0.569546401916763,0.59182180155409,0.226137310831743,0.645686500297973,0.226824992971799,0.770889682624241,NA
"2",0.247575106811356,0.314913845158482,0.319946751982521,0.00589119581211836,0.326154010605314,0.00600358355603632,0.459246335119459,NA
"3",0.148985947327243,0.0840524178617508,0.0766149645299406,9.47658581690291e-08,1.20728217178127e-07,1.14133962148339e-07,3.43935070377342e-10,NA
"4",0.0630546927605984,0.0563228886900529,0.0361959477275243,9.24301488718362e-32,0.000175061947144055,2.18851684021679e-31,0.000148442487591509,NA
"5",0.136991715971138,0.120895992170999,0.124870603151916,0.000771834257250453,0.0205246851832012,0.000798890570366862,0.0412443827809846,NA
