"","glmGamPoi (Pb)","edgeR (Pb)","limma (Pb)","glmGamPoi (cell)","Nebula","Devil (base)","Devil (mixed)"
"1",0.00588911041100329,0.00565402889539585,0.00339897122644467,3.65275710111101e-46,4.99425646916967e-24,9.88265857866581e-45,1.13913700391121e-27
"2",0.00690881787662888,0.0114657342856739,0.0105146089940537,1.73579064323793e-18,5.40052253947652e-18,5.62630591358526e-18,4.20024685372058e-19
"3",0.115570712170484,0.157276953159203,0.0709357776113191,2.44710421934278e-62,3.26612374169893e-14,4.18441907769234e-62,7.06880803720295e-16
"4",0.0730731562974113,0.0873238540209984,0.0571886790019359,2.22197509858117e-16,2.99727773996523e-05,3.06237987699323e-16,1.1455501345894e-05
"5",0.0117996107897266,0.0176021755255171,0.00820635831116149,8.36622524861931e-20,3.52403014560009e-19,3.80940105388217e-19,1.19147979313819e-154
