"","glmGamPoi (Pb)","edgeR (Pb)","limma (Pb)","glmGamPoi (cell)","Nebula","Devil (base)","Devil (mixed)"
"1",0.0206387027003649,0.0300397492163919,0.0194558160796341,4.53791680360742e-15,0.0540745189001435,8.23494357585764e-15,0.0706462271558239
"2",0.0126227769245268,0.0495770171390069,0.015417486730607,5.04508801683249e-10,0.00242926373337553,4.84320606520919e-10,0.233247578476898
"3",0.00118350136104478,0.00245068222205186,0.00173318889434335,2.02162343270511e-16,0.000138842589841759,3.07700890360887e-16,0.000354292913437499
"4",0.0122559553355726,0.0213804454356419,0.00797169943628901,4.27862505328077e-38,0.0216807911224433,2.77372222117775e-37,0.0289336339170148
"5",0.204999240626108,0.287625963512249,0.0972761531295688,0.000131421080325559,0.287474840768534,0.000144400798834075,0.0827583733702487
