"","glmGamPoi (Pb)","edgeR (Pb)","limma (Pb)","glmGamPoi (cell)","Nebula","Devil (base)","Devil (mixed)","glmGamPoi (fixed)"
"1",0.0152267567391452,0.0573002075955358,0.0169190315081457,2.54043723966269e-12,0.0449249625344327,2.43960826613176e-12,0.00587729645398756,3.02336758662345e-06
"2",0.0216637667526388,0.0436400756208573,0.0409570935511774,0.00228607747188814,0.0126044225937875,0.00244882457830914,0.0178809305868423,0.947549999886342
"3",0.0275129217196188,0.0431645390610642,0.0507169226511137,3.68422247886893e-06,0.014698416336797,4.06493492864745e-06,0.00659536071107514,0.168201536882115
"4",2.017042840005e-05,6.49347610844586e-05,1.39429837941936e-05,8.66699347976607e-14,1.3817607922216e-05,1.2863859762811e-13,0.000177496730423449,0.000122666058090976
"5",0.0270256894616354,0.0454394803212423,0.0174193423047377,7.70389592303645e-13,0.0308074594752201,8.08653349585101e-13,0.0144718456374049,4.25181526866483e-05
