"","glmGamPoi (Pb)","edgeR (Pb)","limma (Pb)","glmGamPoi (cell)","Nebula","Devil (base)","Devil (mixed)"
"1",0.00111381616664423,0.0056430970879788,0.000685518243007644,1.71613036240308e-125,8.01049773998746e-05,5.92426861872267e-124,0.000351369918524799
"2",0.000510995544810611,0.00157021363163581,0.000883031565740849,1.08786939267769e-47,4.88684761220736e-05,1.07502698009912e-46,2.51811759587575e-06
"3",0.112786854628562,0.152190155694793,0.128888190871781,6.1376031559986e-05,0.0340361879586469,6.32681655929412e-05,0.262033735479861
"4",0.000525028420383599,0.00354303101195511,0.000790035837079608,3.17631815321132e-30,5.91903109286305e-05,4.06781195191599e-30,0.137813421473372
"5",0.419569343568578,0.473433280677859,0.187920598133542,3.50617142644205e-33,0.373853836896365,5.76580889347359e-33,0.162977914037599
