"","glmGamPoi (Pb)","edgeR (Pb)","limma (Pb)","glmGamPoi (cell)","Nebula","Devil (base)","Devil (mixed)","glmGamPoi (fixed)"
"1",0.2794896510423,0.313384057619207,0.378625935257742,0.891478021308651,0.409070708239725,0.892943129294696,0.965070780559813,NA
"2",0.76111844581516,0.752880994431944,0.77653815547814,0.519609593715816,0.525941905447103,0.526489120738424,0.583505562639282,NA
"3",0.654499627559866,0.642040161027274,0.591677838034089,0.936588274947672,0.936682560037302,0.937657120038186,0.884313755699849,NA
"4",0.0566185622382811,0.0615130221285448,0.0999887618200438,1.82822508258504e-09,0.0312408744479222,2.05926334027691e-09,0.00149888414486904,NA
"5",0.925112798531834,0.918140035498881,0.945856892838902,0.288322717062055,0.882371710541019,0.289122494417684,0.668341185327497,NA
