"","glmGamPoi (Pb)","edgeR (Pb)","limma (Pb)","glmGamPoi (cell)","Nebula","Devil (base)","Devil (mixed)"
"1",0.748252460800743,0.767237120199975,0.713357446922475,0.000105728123147831,0.265644076833696,9.33445400167399e-05,0.0105121658177546
"2",0.00991989401402719,0.010333866422788,0.0177701383483466,3.71235314813746e-08,8.55977619822458e-08,1.269088377459e-07,1.13191433765104e-13
"3",0.0304530965412227,0.0446287981473125,0.0270570090858411,2.84841920655546e-37,4.25699267225531e-05,2.34302957528619e-38,6.64947928638157e-11
"4",0.0432950701311099,0.066810080499353,0.0477462831036529,4.55217742505032e-08,0.000122188201235227,7.03952239634129e-08,9.02778863732979e-09
"5",0.0388276372789146,0.0322347837677108,0.0231001525156804,2.41723037619376e-15,2.88156306402694e-15,6.22109262362367e-15,2.14456467130249e-18
