"","glmGamPoi (Pb)","edgeR (Pb)","limma (Pb)","glmGamPoi (cell)","Nebula","Devil (base)","Devil (mixed)","glmGamPoi (fixed)"
"1",0.524000916788513,0.602956987422373,0.473185956170929,0.000645927056765768,0.13012132889293,0.000645127599169261,0.216632634528926,NA
"2",0.508156868860519,0.564018729517493,0.64042782148789,1.53080838825071e-77,0.240226329233128,7.21180419100921e-80,0.0670791106686849,NA
"3",0.55115450980905,0.638697320367958,0.591281638376819,2.54266791142426e-10,0.215291831308201,2.55009929581672e-10,0.132663791889043,NA
"4",0.0213664038776572,0.0386789316506747,0.0304671407535901,1.56466780952023e-48,0.00079946447728664,6.73871441394703e-48,0.00623528898290334,NA
"5",0.931020803620888,0.946444888086706,0.634207817909951,0.000617235440313877,0.940762446206538,0.000679175406774815,0.723526787289347,NA
