"","glmGamPoi (Pb)","edgeR (Pb)","limma (Pb)","glmGamPoi (cell)","Nebula","Devil (base)","Devil (mixed)","glmGamPoi (fixed)"
"1",0.243555093551661,0.243674100705387,0.140701379772217,0.00139937634729403,0.00162076140705295,0.00177595214152039,3.79267220145959e-10,NA
"2",0.304268163466887,0.396158696879003,0.14983568327628,5.97196912392759e-07,0.0180406514664296,8.32249123818475e-07,8.84929463703223e-05,NA
"3",0.0487790685059061,0.100108107509152,0.0649841725750453,1.66050464347425e-27,0.00206624202720806,3.20095682956995e-26,1.65826187452233e-06,NA
"4",0.434738846183026,0.416266305977043,0.496783014644698,0.197963448608231,0.196292661346985,0.198741282106365,0.217191124400495,NA
"5",0.768783720024338,0.81812028816434,0.884592858606193,0.0395912795627669,0.924475923989739,0.0411658709722931,0.225064573267001,NA
