"","glmGamPoi (Pb)","edgeR (Pb)","limma (Pb)","glmGamPoi (cell)","Nebula","Devil (base)","Devil (mixed)","glmGamPoi (fixed)"
"1",0.0316644769051945,0.0528404794858507,0.0300885842143786,0.204427678861989,0.0729133445016134,0.0775621824114981,9.15718366490257e-36,NA
"2",0.701749596686351,0.761134823944794,0.447510402360673,0.304172236599978,0.354720706532853,0.302262690750993,0.426224082177059,NA
"3",0.687715877303428,0.654630578469172,0.835658529388215,0.342601942217173,0.991020956226662,0.355179307518346,0.451774512638285,NA
"4",0.953361016605171,0.927257451230957,0.774621688047761,0.0348485570588667,0.963714947405659,0.0439634508351554,0.442913501712703,NA
"5",0.842426989534096,0.794549832760482,0.976479403430613,0.0114329046697144,0.988015712195972,0.0139167681072101,0.279972291505654,NA
