"","glmGamPoi (Pb)","edgeR (Pb)","limma (Pb)","glmGamPoi (cell)","Nebula","Devil (base)","Devil (mixed)"
"1",0.493620175330729,0.532222559158808,0.345461076472,7.85129395497496e-10,0.192612303461303,7.33371418537437e-10,0.172792487862999
"2",0.73841659137465,0.773906336797004,0.976409296224016,0.536257291066022,0.896332523078664,0.536670860891737,0.930050336854031
"3",0.139553865627551,0.195729999045921,0.0783960154465957,2.52543859527359e-71,0.0823100472897245,1.43884215205892e-67,0.0711665797654472
"4",0.266632589568321,0.238633791566621,0.231720060720558,2.38479399704581e-23,2.19699475130288e-12,7.01601076556974e-23,6.78068527002389e-13
"5",0.217361843609738,0.208007885130858,0.151927699337449,1.21531972366218e-62,2.52563864601329e-16,2.33401225135026e-61,6.04476154952948e-12
