"","glmGamPoi (Pb)","edgeR (Pb)","limma (Pb)","glmGamPoi (cell)","Nebula","Devil (base)","Devil (mixed)"
"1",0.0453252347700481,0.0614007899801344,0.288609574895718,0.123907921354714,0.0328021662856858,0.124351743752166,0.6159011251369
"2",0.396936707106442,0.437101551169466,0.429371024267044,0.0442675549124735,0.301261132567537,0.0445652649251718,0.475321733542326
"3",0.00562084345077097,0.0132663466306929,0.00490961810895244,7.89183009905577e-50,0.000634176967190478,6.48308415757622e-49,6.91208778604712e-05
"4",0.000450726765671225,0.00100488015827199,0.00470836548954137,1.02242360086733e-17,9.06103734317766e-05,1.16700723997198e-17,0.00888293554722396
"5",0.637430364553238,0.635672335267078,0.645533353538243,0.382387301826913,0.660727079988334,0.383119456241311,0.752244313123035
