"","glmGamPoi (Pb)","edgeR (Pb)","limma (Pb)","glmGamPoi (cell)","Nebula","Devil (base)","Devil (mixed)"
"1",0.956021076850572,0.950481231126394,0.934134066452397,0.959570392513109,0.960073303962948,0.959731085646196,0.911545226390981
"2",0.0609284825342864,0.0514074098365274,0.0463201762622609,0.00479829104077637,0.00517858720368594,0.00554747792202618,1.54527771001826e-08
"3",0.473684138754544,0.495786257319345,0.379785032798145,0.135266241040194,0.289103611252754,0.135190781087553,0.448816659396004
"4",0.308079243416224,0.370703106146929,0.311335256875545,0.127141346865457,0.157286361949646,0.131797695445918,0.160998272380569
"5",0.329833383347441,0.372196333201693,0.271295482979478,0.017700591499528,0.0921158090147006,0.0179105394473948,0.194922529616059
