"","glmGamPoi (Pb)","edgeR (Pb)","limma (Pb)","glmGamPoi (cell)","Nebula","Devil (base)","Devil (mixed)"
"1",0.563276338216632,0.549251028054839,0.53754645513458,0.687256087081584,0.689684039676704,0.692463822466315,0.405566264232863
"2",0.16090057560867,0.189641167367183,0.207285422613272,0.0820136638259836,0.324077414514891,0.0868558845597348,0.467441244919419
"3",0.121473935735007,0.114823551574505,0.095622959154066,0.0860667977642422,0.112808301662498,0.0916776179733058,0.101087560874859
"4",0.011503731080019,0.0977415432331484,0.0389217374159066,0.0124645056834907,0.126433735269217,0.0124061918948622,0.181077525687482
"5",0.724145906990682,0.747502577640974,0.616584683298696,0.750958130392139,0.914929486977437,0.754912372701452,0.88188637156254
