"","glmGamPoi (Pb)","edgeR (Pb)","limma (Pb)","glmGamPoi (cell)","Nebula","Devil (base)","Devil (mixed)"
"1",0.0434024805064261,0.0598049343993487,0.0577473018172933,0.023645563925557,0.0244778963201426,0.0251467341290152,0.000130807372917853
"2",0.995534670825035,0.998077468356963,0.950797865042326,0.143010550214171,0.248215383051907,0.145421218564215,0.296985896304527
"3",0.283215910199326,0.422753122162625,0.405935844864136,0.528510496716227,0.779267792281671,0.529002992128037,0.840475389034282
"4",0.000217394606721173,1.8830374120612e-05,3.70540726861097e-05,3.88687055284898e-15,7.11766018529699e-15,1.54375968882638e-14,1.48531749786881e-30
"5",0.220018616465673,0.312747599700566,0.291770839808257,0.34997624137077,0.366866090250724,0.351633111594596,0.406442504434086
