"","glmGamPoi (Pb)","edgeR (Pb)","limma (Pb)","glmGamPoi (cell)","Nebula","Devil (base)","Devil (mixed)"
"1",0.663959418033886,0.752506584827135,0.831992933751193,0.614840531659941,0.752517623372621,0.615775592923572,0.850134292410779
"2",0.0206292220683738,0.0783050811974363,0.0204367236256675,9.72416297593051e-11,5.33974845394616e-05,1.11019693483709e-10,3.07654262045095e-05
"3",0.0700163365037619,0.118372461553592,0.0544381372995809,4.67277946940509e-06,0.0107546327806097,4.99249498148311e-06,0.0424809152405478
"4",0.0049213468948942,0.0102810066201332,0.0144976460117737,1.5841228361168e-07,0.000132068934932303,2.21542861077828e-07,9.12310807054085e-05
"5",0.000237881611435503,0.0018502137892242,0.000144235802596185,7.36231359748811e-21,5.47786319965012e-12,1.27721545575813e-20,6.05914928200315e-11
