"","glmGamPoi (Pb)","edgeR (Pb)","limma (Pb)","glmGamPoi (cell)","Nebula","Devil (base)","Devil (mixed)"
"1",0.0149856041485845,0.0526811365901637,0.0401461073784882,1.98855402037899e-13,0.211614093308135,2.89059407589089e-13,0.112433721504098
"2",0.104014960020377,0.150106767694261,0.140039280693734,2.95440075755843e-07,0.399696206171762,3.13336036354092e-07,0.315458846190671
"3",0.438039406214432,0.48133539626957,0.390408923469977,0.0011181117193642,0.876724888533786,0.00113174563452831,0.646377375672118
"4",0.835468337261178,0.842213152344407,0.990347143901916,0.00453082845116314,0.991583856375194,0.00453853197640696,0.908989909673345
"5",0.173963412007338,0.21172713297,0.228882865086927,8.97918261390562e-32,0.512093403630746,1.25152288278983e-31,0.285512387764849
