"","glmGamPoi (Pb)","edgeR (Pb)","limma (Pb)","glmGamPoi (cell)","Nebula","Devil (base)","Devil (mixed)"
"1",0.325362726598021,0.277568655270705,0.190875482665895,0.067097157117839,0.0685371013087808,0.0712906800721252,0.000761922710442038
"2",2.04976380136703e-05,0.00263108002174481,0.00150388859360596,2.74382231491296e-14,2.85355046553159e-15,1.7839349015889e-14,8.32744656550023e-71
"3",0.0199799757561962,0.0259566308287318,0.0152323396324907,8.75920356140704e-07,7.38577427885477e-07,1.0997626202529e-06,7.72126825839489e-18
"4",0.682204514241653,0.629110503336023,0.54426880954359,0.188457483789509,0.189930588150878,0.193341379539547,0.000704481393289547
"5",0.140749057437322,0.115988129882629,0.0550380214001425,0.840300305291505,0.84094207844144,0.84221819602658,0.748355597208378
