"","glmGamPoi (Pb)","edgeR (Pb)","limma (Pb)","glmGamPoi (cell)","Nebula","Devil (base)","Devil (mixed)"
"1",0.762796532767416,0.814278864608027,0.748932837249279,0.657660163148251,0.658056226978883,0.659222643369599,0.392586915050489
"2",0.0286620563494645,0.0557574666915029,0.0211774910222369,3.67765401288056e-09,0.000495448276165533,5.80621057857484e-09,0.000852115819072356
"3",0.820927190208376,0.826131728818585,0.799724310629436,0.811208020945671,0.80819666627893,0.811513376058058,0.77291920884952
"4",0.270245640576438,0.257623303469888,0.258466637613893,0.15666812146519,0.175463876199302,0.162130359202937,0.208983547841004
"5",0.132514620309852,0.136671975904361,0.091303820472336,0.00188496645274229,0.00305667921325767,0.00207827968604598,0.00520953730492532
