"","glmGamPoi (Pb)","edgeR (Pb)","limma (Pb)","glmGamPoi (cell)","Nebula","Devil (base)","Devil (mixed)"
"1",0.168564076949788,0.225820137124128,0.203187042486666,1.52467009315894e-19,0.000500236293541975,2.01689956568535e-19,0.00114692377875241
"2",0.132072283231501,0.19369022623239,0.142121764613105,3.91351306063083e-22,1.02153122056509e-13,5.08984809400279e-22,1.44876935748596e-08
"3",0.103623194458341,0.14962235048511,0.104689621250374,1.45117520386446e-41,3.52625574756689e-38,2.23380912976411e-41,1.54474067137281e-65
"4",0.044353570509823,0.10762593658697,0.0819333634779486,1.05090154956965e-14,2.4520238864869e-14,1.47189924872933e-14,2.36184983382535e-10
"5",0.0200069791414687,0.0444530866901193,0.0306044700194402,1.81952747222055e-49,5.61820002492305e-09,1.27937119767215e-48,8.20738902578551e-07
