"","glmGamPoi (Pb)","edgeR (Pb)","limma (Pb)","glmGamPoi (cell)","Nebula","Devil (base)","Devil (mixed)"
"1",0.00857958416778698,0.0289678664000698,0.0121933956164901,6.85930382217644e-33,0.00150247190623409,1.4846113683524e-32,0.000133758360154848
"2",0.822828403740407,0.771429740497704,0.7750318003371,0.00194147533394974,0.500855045425494,0.00198526990744747,0.322234706771842
"3",0.430034572249492,0.537126682953663,0.428746853187248,0.0311808895213814,0.119489833930806,0.0316527374969004,0.152896930024804
"4",0.000455214339668409,0.00112368421338926,0.000549349167296159,4.96338240579024e-13,9.19219371986931e-05,9.63752794107961e-13,0.000380411244694957
"5",0.00646087764657411,0.0325620927745268,0.0112203753300054,1.78359389505036e-13,0.00290690093914317,2.43901661136297e-13,0.00461223619223144
