"","glmGamPoi (Pb)","edgeR (Pb)","limma (Pb)","glmGamPoi (cell)","Nebula","Devil (base)","Devil (mixed)","glmGamPoi (fixed)"
"1",0.880672103895581,0.883424662538461,0.981709133567411,0.902439233839199,0.966135824990104,0.903542136234944,0.969778633146161,NA
"2",0.969347858570073,0.968609574938277,0.953949060381892,0.659984935977562,0.671508149192799,0.663406111586279,0.677160993892338,NA
"3",0.255578697515409,0.336929317506404,0.28909098437028,1.84786347259265e-05,0.00050774882832369,1.89042025508408e-05,0.00157285490999246,NA
"4",0.0485754274228639,0.0611123740779662,0.04963520530925,4.13431442375115e-26,1.64966650645575e-06,5.42957366680162e-26,4.97389747345084e-05,NA
"5",0.32700401416794,0.354168601317293,0.318477428213822,0.0447340782107338,0.0472537056939879,0.0484442012047679,2.79369744000208e-06,NA
