"","glmGamPoi (Pb)","edgeR (Pb)","limma (Pb)","glmGamPoi (cell)","Nebula","Devil (base)","Devil (mixed)"
"1",0.0869438771734843,0.0660168499796544,0.0661828511754137,0.164228013438948,0.181943641237871,0.190389301743891,3.45788659794833e-18
"2",0.417996651702808,0.424387836831446,0.43331938965254,0.677042661056703,0.710943300774952,0.692648531946847,0.726191089596626
"3",0.156723480258801,0.242331670852046,0.174847194049934,0.371611158157641,0.383876372954946,0.388124922264446,0.431116062772417
"4",0.192941339782036,0.22988940418342,0.167838416680308,0.362790186103138,0.37251213046697,0.376625702887962,0.35246556097394
"5",0.0408300843866059,0.017356391691593,0.0172593483701733,0.0388467476218408,0.046545980359812,0.0506362011219629,0.00118237415914837
