"","glmGamPoi (Pb)","edgeR (Pb)","limma (Pb)","glmGamPoi (cell)","Nebula","Devil (base)","Devil (mixed)","glmGamPoi (fixed)"
"1",0.883804897853902,0.922069152231703,0.93124012589561,0.0511565344063596,0.535274954859106,0.0526291624940965,0.299080468994834,NA
"2",3.63063240074098e-05,0.000430495564395048,9.89928935792322e-05,2.41176912358426e-15,0.000182227221966011,6.49585074622372e-15,1.11886548869019e-06,NA
"3",0.000160042425368118,0.00481222691915965,0.000247351675489818,2.74872238467115e-18,3.07110756351589e-05,5.72693407774461e-18,3.23441230699093e-06,NA
"4",0.0155174907659236,0.0974619485221596,0.0197378591383077,2.33906768644864e-11,0.0118074216309531,3.30646149796546e-11,0.00245125633755419,NA
"5",5.53866841309455e-09,6.73602874792192e-07,7.35513221601424e-09,4.3668075287212e-42,2.09546428598123e-06,4.22446684752628e-41,1.40775400476579e-08,NA
