"","glmGamPoi (Pb)","edgeR (Pb)","limma (Pb)","glmGamPoi (cell)","Nebula","Devil (base)","Devil (mixed)"
"1",0.0407299095000053,0.0528913997282695,0.0276124608696897,3.48950086184569e-08,1.17597987359015e-07,1.39368601490013e-07,2.23661762146524e-18
"2",0.96905385306929,0.990734882487785,0.981066827945804,0.0149606181695272,0.019814954752097,0.0199914174417814,1.47782557513799e-05
"3",0.0593016352040945,0.0500793615690534,0.0686619344478035,8.85511811414883e-05,0.000182403302195729,0.000199415577083398,5.95648204691104e-68
"4",0.0284300662936219,0.0702484654470666,0.0155283157023278,6.50536093542069e-24,2.46802477881243e-10,7.96383176814695e-23,7.64914965644753e-10
"5",0.00516417845788112,0.0182236562426025,0.0601892755087045,3.74068772539821e-06,0.160922576626626,1.32638775026532e-05,0.3132632001733
