"","glmGamPoi (Pb)","edgeR (Pb)","limma (Pb)","glmGamPoi (cell)","Nebula","Devil (base)","Devil (mixed)"
"1",0.37618819522293,0.379171868998503,0.354160005258695,0.188478832863938,0.210035908002515,0.21781500120221,0.232980351390788
"2",0.00463601013193432,0.0123000787400606,0.00168305296029611,0.00058764462309262,0.00179330102585653,0.00229377574209493,0.00102208119502729
"3",0.0736999555839259,0.0755874079060898,0.0278636270552006,0.000438462452532972,0.0104524397353157,0.000750580238003887,0.0148268352790002
"4",0.119146942771254,0.164072134404295,0.0426935035569109,0.0469395236317398,0.100997473540656,0.0716594172695843,0.134003434708616
"5",0.751737604530323,0.828938085934759,0.695227637316823,0.500262365197038,0.602925141021831,0.515499833473501,0.544544140204591
