"","glmGamPoi (Pb)","edgeR (Pb)","limma (Pb)","glmGamPoi (cell)","Nebula","Devil (base)","Devil (mixed)"
"1",0.00118291917198068,0.00613224857466405,0.00233011801681206,8.75413205243075e-06,0.00743326615623552,1.43330911561063e-05,0.0130355857387192
"2",0.0243829730243636,0.0482217925459525,0.0316014405982777,0.00492375366499907,0.0284726253218373,0.00623258251223186,0.0239636239627376
"3",0.0111174987256986,0.0258345776689376,0.0425109484095474,0.000702758813642276,0.0342588465067305,0.000977547435949821,0.0173483384853726
"4",0.0888793051763253,0.13039745667531,0.0625531472413071,0.0152884974618494,0.0227810414294629,0.0179751592044158,0.0263103366334597
"5",4.2788579983149e-05,0.0011405481815215,0.000156380818578103,5.10969628021988e-10,0.00148191158089728,1.49703587496039e-09,0.00379125686495299
