"","glmGamPoi (Pb)","edgeR (Pb)","limma (Pb)","glmGamPoi (cell)","Nebula","Devil (base)","Devil (mixed)","glmGamPoi (fixed)"
"1",0.927815229678357,0.917167211160637,0.860833776011256,0.196712354332675,0.210994570797615,0.212832867704469,0.00945782274768597,NA
"2",0.138922450901701,0.140135604341894,0.0581517414235885,5.14547674852167e-09,2.52824781897991e-05,1.59583117228852e-08,2.23101537250947e-06,NA
"3",0.0175033054545232,0.0177417553697803,0.00542231228334091,1.46990747637332e-11,4.24406295399401e-05,1.87772291155525e-10,1.01094186035959e-08,NA
"4",0.00419386332405647,0.00510306187703115,0.00111895900813672,1.34254211721591e-14,3.96586578039459e-11,2.10082064641438e-13,5.10577014433986e-21,NA
"5",0.370692904133514,0.3850250109778,0.340537579491959,0.00344035331927325,0.0362941965390928,0.00512712609953074,0.00197704024718987,NA
