"","glmGamPoi (Pb)","edgeR (Pb)","limma (Pb)","glmGamPoi (cell)","Nebula","Devil (base)","Devil (mixed)"
"1",0.123019266941368,0.258552191640794,0.163879572189995,0.00297843811315729,0.326087784794067,0.00354568225094851,0.122998763711571
"2",7.66591236716363e-07,5.26932653382061e-05,2.42812532051927e-07,3.77300930733756e-24,0.00142144930593501,1.0142697153662e-23,0.00140279479538396
"3",5.41530966795835e-05,0.000566609104004748,5.12104974136516e-05,1.40497919203717e-11,0.00291211114453558,4.20030301053689e-11,0.000244336598425315
"4",0.00267787865885062,0.00754856359197073,0.00212424508871976,0.000122541482293849,0.000165869223072873,0.000177141757829641,0.000150904782527398
"5",0.0881096593224862,0.114761747397977,0.124968406266727,0.0159213106351484,0.074617083700133,0.0182522828787714,0.0959725127354661
