"","glmGamPoi (Pb)","edgeR (Pb)","limma (Pb)","glmGamPoi (cell)","Nebula","Devil (base)","Devil (mixed)","glmGamPoi (fixed)"
"1",0.00048282334124245,0.0121755576006696,0.000540788923020035,5.25877737126272e-07,0.00129557511907677,6.18903939148293e-07,0.00108511392023549,NA
"2",0.00106036606447721,0.00868152781164835,0.000938925001846667,0.000387768880855362,0.00758858735164406,0.000449321605595578,0.00457702892787913,NA
"3",0.00942898143486604,0.0281093706880423,0.00418919323179611,0.0348432205004877,0.0365652610193346,0.0367496870019137,0.0176094089953427,NA
"4",0.000140384216284708,0.000495700543743216,6.30697212357907e-05,5.16859833219388e-06,0.000543506311570456,7.63846246447725e-06,0.00105542929700558,NA
"5",3.99855273621873e-05,0.00180699604084125,5.80034737824708e-05,2.58750887214579e-05,0.00763897643886331,3.2472221283102e-05,0.00623635999619221,NA
