"","glmGamPoi (Pb)","edgeR (Pb)","limma (Pb)","glmGamPoi (cell)","Nebula","Devil (base)","Devil (mixed)"
"1",0.00143623086108116,0.00311139528594729,0.00129948873316109,0.00291713659688241,0.00323599685576838,0.00331006263879641,0.00018506264862791
"2",0.0695615272624042,0.0882672878377177,0.0372111900072586,0.0445936502589929,0.143826989921536,0.0471805939838431,0.189946815301252
"3",2.7550631787625e-06,5.9324705241411e-05,2.87027453176819e-06,3.8097483577452e-06,0.000108095998052465,4.8749154251063e-06,0.000669906814686818
"4",7.34429159856095e-09,3.71523796729509e-06,8.50147862578281e-09,1.30526429228491e-28,0.00266128003264948,8.45771975063807e-28,0.00204852340638371
"5",0.101278470263827,0.144400283951346,0.0948281266597082,0.161199781819316,0.439578463437708,0.167022545341734,0.402108936007139
