"","glmGamPoi (Pb)","edgeR (Pb)","limma (Pb)","glmGamPoi (cell)","Nebula","Devil (base)","Devil (mixed)"
"1",1.35496148226564e-13,5.35607281192803e-09,9.6337168939497e-13,6.2239887262434e-286,3.88567622609628e-07,9.2113393414448e-285,4.40496157125473e-07
"2",0.00202664835499322,0.0101355817356713,0.000904859404928953,1.73930105384792e-23,0.00412443858890863,1.6190379895849e-22,0.000715266998293722
"3",0.0096195512729148,0.0471167441525845,0.0102307683869951,6.15602264561508e-11,0.000842911107351218,1.67746073129737e-10,6.91207647140619e-05
"4",1.03596643061043e-05,0.000250847945541526,1.39677676996334e-05,4.87001239076225e-29,6.63268770296469e-11,6.3085149917081e-28,4.59161037346117e-10
"5",0.00272592607838705,0.00842200518082192,0.00222063707954705,1.63989615303124e-11,5.1607327238888e-05,5.09708751761059e-11,2.74068484918443e-05
