"","glmGamPoi (Pb)","edgeR (Pb)","limma (Pb)","glmGamPoi (cell)","Nebula","Devil (base)","Devil (mixed)"
"1",0.584589769042804,0.514686363409484,0.708269786222817,0.424587269749249,0.399922060239592,0.462664606999315,0.665376481392658
"2",0.176284582511138,0.192412122306617,0.134587769346436,0.0365049208318599,0.0634500048523595,0.0486711717772747,0.0768000320052668
"3",0.104139242725575,0.128711934171004,0.0487023566917213,0.0123814278394457,0.130665327349732,0.019114890354718,0.298916270992817
"4",0.412954138276116,0.406872639936902,0.37218381485837,0.212126036177749,0.223406892745108,0.23014075044404,0.100344696211525
"5",0.274496653992654,0.214256676815307,0.272082408965704,0.157349888899983,0.207471210205906,0.192559357143643,0.279033983253176
