"","glmGamPoi (Pb)","edgeR (Pb)","limma (Pb)","glmGamPoi (cell)","Nebula","Devil (base)","Devil (mixed)"
"1",0.967566487835264,0.935851494402671,0.823021677999561,0.865171440159407,0.888851236369998,0.868259917576451,0.854846019388113
"2",8.94056308002267e-06,0.000473352214394333,0.000264483261076659,6.11577092468383e-07,4.03885933471831e-06,6.86827740559422e-06,6.27565480361944e-20
"3",0.0627448248084462,0.225609549630017,0.191344414593402,0.0241067842667044,0.405028643563898,0.0344093803627113,0.31685539006738
"4",0.736778264906894,0.711338836922637,0.918124157228052,0.93187137287383,0.938867397117431,0.933785114675942,0.95941055450262
"5",0.0579778322807369,0.073870717577949,0.0591628885495933,0.0461126620224217,0.053396069495965,0.0561710426131787,0.0117761176098981
