"","glmGamPoi (Pb)","edgeR (Pb)","limma (Pb)","glmGamPoi (cell)","Nebula","Devil (base)","Devil (mixed)","glmGamPoi (fixed)"
"1",0.0670727505543656,0.0393020205031011,0.0354380682015917,0.0889234594879414,0.101580477920442,0.104042059049487,0.023659376268419,NA
"2",0.000250319707525132,0.00119728434526494,0.000157404728027714,2.10020285256503e-06,0.066548548377415,5.22795953881206e-06,0.216434853103542,NA
"3",0.349663595880356,0.291930661325824,0.196503276774841,0.574158059632807,0.579407876619551,0.581179758349119,0.390786517873971,NA
"4",0.135136085921004,0.154267548522561,0.145583032506037,0.474702873539531,0.412121226754106,0.493616965842433,0.725381551401307,NA
"5",0.0911154666397134,0.0769301642103896,0.0276661184777461,0.0743996314683098,0.165525303750691,0.0888478722787938,0.200671994949835,NA
