"","glmGamPoi (Pb)","edgeR (Pb)","limma (Pb)","glmGamPoi (cell)","Nebula","Devil (base)","Devil (mixed)"
"1",0.00101990415202038,0.00246187699245874,0.00331378948960496,0.000112419634447051,0.000269305243247146,0.00037486169799127,3.14826621905149e-09
"2",0.00886269946550733,0.00668971870419758,0.00515655877143002,0.00217700233336093,0.00373123585108229,0.004436662742377,5.36834565369199e-11
"3",0.861160169756195,0.856418135862177,0.980827443887379,0.932002782093766,0.935801382305521,0.932597585514974,0.933491404021102
"4",0.00346889568097651,0.00670545362821164,0.00250774527808885,5.08497224079986e-06,0.0146624955242452,8.39415575505894e-06,0.0358894404158554
"5",0.0578562588812514,0.119293128655232,0.0662031929864944,0.023040021472853,0.123097334107421,0.0359117108841424,0.18651246231572
