"","glmGamPoi (Pb)","edgeR (Pb)","limma (Pb)","glmGamPoi (cell)","Nebula","Devil (base)","Devil (mixed)"
"1",0.88250465241055,0.854955504678035,0.939479647265991,0.000582054107193295,0.00420912044956266,0.000667848127891626,0.00544667193668438
"2",1.54569448551773e-06,4.19058369959224e-05,2.7601075732982e-06,1.28032254012424e-53,9.1647611844347e-06,4.69596512191958e-52,0.000139884849262917
"3",2.78202326667798e-05,0.00105734610225806,3.75060111459459e-05,1.17999525712437e-23,2.53163460378768e-05,8.47741089685202e-23,0.000245802928744964
"4",5.7478981911928e-05,0.00200869198832089,4.35756327946086e-05,6.06264071413425e-26,1.91112973578848e-05,5.43663200977291e-25,1.37064391809242e-06
"5",0.000448769104235385,0.00628488953996457,0.00039271075954533,2.50271648468937e-32,2.72899206974742e-05,1.39277430389258e-31,0.000385176516230692
