"","glmGamPoi (Pb)","edgeR (Pb)","limma (Pb)","glmGamPoi (cell)","Nebula","Devil (base)","Devil (mixed)","glmGamPoi (fixed)"
"1",0.0102231694263724,0.0307001085364978,0.0103004610261466,0.011683466891611,0.0430364292492555,0.0128014145351536,0.0529417895540064,NA
"2",0.0120389002809292,0.0547687293525809,0.00999336467338608,0.0309349785877572,0.106017332141527,0.0330271319773545,0.230126996803898,NA
"3",0.0316921826651382,0.117043901209644,0.0429292026194652,0.0664642521681411,0.0690665577713638,0.0693698004067602,0.047054876487417,NA
"4",0.00794018515719453,0.0189273797065021,0.0048701773649703,0.0186632913555308,0.0199693597763776,0.0202595806847693,0.00213273803860252,NA
"5",0.176185341214162,0.303181706410972,0.254460601116669,0.226624977103464,0.429108863980487,0.231169238331582,0.416005836879017,NA
