"","glmGamPoi (Pb)","edgeR (Pb)","limma (Pb)","glmGamPoi (cell)","Nebula","Devil (base)","Devil (mixed)"
"1",0.0420076909986553,0.0698034116629288,0.0587612903928592,0.000154704545321282,0.0123808995701861,0.000225579151494669,0.00666278072315639
"2",0.0842272219164372,0.101624636775205,0.123008733955714,6.27607230254472e-05,0.0158509968049065,8.68723437427215e-05,0.144735455325039
"3",0.0147188637670345,0.0788435362834471,0.0216100828457555,3.40232910129772e-07,0.000492359509994087,5.57699276903661e-07,0.000699712970543839
"4",0.306182020182527,0.428152695194434,0.355068554896249,0.00649450122779475,0.00744310711769688,0.00765099898986472,0.00473541536326417
"5",0.0292302487744367,0.0541797001010393,0.0419702628873231,0.000221266819507044,0.000290073657179059,0.000310198593885023,2.12156105447502e-07
