"","glmGamPoi (Pb)","edgeR (Pb)","limma (Pb)","glmGamPoi (cell)","Nebula","Devil (base)","Devil (mixed)"
"1",6.96232691681767e-05,0.00258235205882002,0.000332594833104348,7.72207834709294e-06,0.0189427579783851,9.16032288138053e-06,0.0247689905094687
"2",5.69444471936154e-05,0.00110381874064765,4.41757906915447e-05,8.62707791569986e-18,5.15293509144793e-07,1.69248224824884e-17,1.15458264339675e-08
"3",1.50157512496772e-08,5.94175605179595e-06,2.33734766556921e-08,1.467401124762e-29,0.000116716593701128,5.42849727788065e-29,2.44045405266455e-05
"4",1.99489486709112e-06,1.90441105544379e-05,1.12606592514718e-06,1.26175254559761e-11,7.81932152030251e-09,2.22294153236882e-11,1.01724618160418e-08
"5",0.000221860218910622,0.0209799456737757,0.000194529768692081,9.74278197557429e-19,0.097225817926003,1.63206260260109e-18,0.140511938999708
