"","glmGamPoi (Pb)","edgeR (Pb)","limma (Pb)","glmGamPoi (cell)","Nebula","Devil (base)","Devil (mixed)","glmGamPoi (fixed)"
"1",2.34386496267578e-05,0.00047206738219299,2.4833539788681e-05,6.95522765781075e-08,8.85425901058426e-08,9.59283760311983e-08,2.42984761960391e-08,NA
"2",2.13981781125101e-07,1.50463721703662e-05,1.31884062882614e-07,8.59797812696434e-37,9.5711648979998e-06,3.75520992863125e-36,2.69207499657902e-05,NA
"3",6.32592942024446e-06,0.000836138323388074,4.236658423138e-06,6.09358716463874e-12,7.37896193876878e-05,7.16838178091549e-12,0.00056249783652867,NA
"4",2.73995233500545e-07,7.12989926276595e-05,5.34990355563762e-07,5.46520732688423e-25,0.000440393676267498,1.71187696520015e-24,0.000409248301580256,NA
"5",1.61854869826335e-05,0.000710736547394986,2.75558512223417e-05,7.13072624422591e-08,5.7163604902957e-06,9.37291531428032e-08,1.9795824628442e-06,NA
