"","glmGamPoi (Pb)","edgeR (Pb)","limma (Pb)","glmGamPoi (cell)","Nebula","Devil (base)","Devil (mixed)"
"1",0.0439749799456824,0.0983316737896329,0.0536432935765911,0.0209367614100202,0.0693731632115031,0.0259322793346655,0.0563363020760828
"2",0.0379219539575193,0.0713703607201005,0.0431657528593658,0.0458391337100975,0.0588722606880832,0.0556530558103788,0.0675737879552165
"3",5.33455841543712e-06,0.000670544570198538,9.58506394776813e-06,3.64526509498963e-07,0.000346291693862492,8.48895689157595e-07,0.00103489898631865
"4",0.038275750006477,0.0501291583515293,0.030997804300018,0.00690130663519726,0.0425018264498506,0.0101746355429981,0.0938858314346485
"5",1.45479851742927e-07,3.90658705452365e-05,3.41705134951392e-07,2.04341246428505e-11,2.95402356582578e-05,8.31556816903291e-11,2.54542796478361e-05
