"","glmGamPoi (Pb)","edgeR (Pb)","limma (Pb)","glmGamPoi (cell)","Nebula","Devil (base)","Devil (mixed)"
"1",0.00175822506316031,0.000940954849589249,0.000671311815010267,1.10400976666868e-20,4.66334981207535e-17,1.65489887027079e-16,2.58214908737945e-28
"2",0.0122096760253192,0.0229615205377218,0.0101771486633595,3.61130699809281e-35,1.51344058812332e-32,9.59392353820034e-31,9.06886909166424e-18
"3",0.00258611884768416,0.00332759438265793,0.00152292742861021,6.60432307667029e-21,5.08143962226679e-18,2.04713839717756e-17,1.09981965303998e-13
"4",0.0168585361821434,0.0172059353959268,0.0139763126746524,1.40896494602415e-15,1.1650854314842e-09,2.50559853126514e-13,3.811821531452e-11
"5",0.0637616121315409,0.0634528167941816,0.0358696155374084,3.12913915136194e-20,3.22693429896122e-18,1.33808898525897e-17,3.7246354909054e-45
