"","glmGamPoi (Pb)","edgeR (Pb)","limma (Pb)","glmGamPoi (cell)","Nebula","Devil (base)","Devil (mixed)"
"1",0.577138575174681,0.534636275972711,0.605418018565086,0.12800565806917,0.464386786825378,0.142377082801698,0.267724249167439
"2",0.712174058575569,0.637140678918381,0.615156393465187,0.896009452865962,0.955843330688864,0.898524646084981,0.901445137319173
"3",0.341544403588529,0.346657720618973,0.395512535487366,0.1793809467398,0.315969853200462,0.197311248212595,0.144557312889906
"4",0.270222673758327,0.236128422010507,0.271243953607096,0.10125432791453,0.112242692223174,0.115872846627325,0.060581932312312
"5",0.0106213969125564,0.0153938732202238,0.0109781508382423,2.58141801175889e-05,0.0262102203951815,7.18980204808354e-05,0.0105824627218615
