"","glmGamPoi (Pb)","edgeR (Pb)","limma (Pb)","glmGamPoi (cell)","Nebula","Devil (base)","Devil (mixed)"
"1",0.0415031959099919,0.0513779618722158,0.0346039367832883,1.12461866778412e-13,3.68201127082549e-08,1.02329267684474e-12,2.19359955599324e-07
"2",0.15138528414074,0.168435037606627,0.110124993210943,0.000347206762156448,0.000643769514275727,0.000733967610041244,5.48000083609919e-05
"3",0.0434051994254597,0.0527776180275473,0.100154109212725,0.000420106699242984,0.000878145198096718,0.000976897486664137,0.000124722805787383
"4",0.805568948736608,0.78744165655,0.733253973694645,0.310017533619205,0.324482413169752,0.327960169002834,3.89560804440062e-06
"5",0.0630400131176297,0.0446458875905789,0.0335787489045474,2.03629170537045e-08,3.89720192791012e-07,1.054161681741e-07,5.59167446952754e-08
