"","glmGamPoi (Pb)","edgeR (Pb)","limma (Pb)","glmGamPoi (cell)","Nebula","Devil (base)","Devil (mixed)","glmGamPoi (fixed)"
"1",0.307370859278326,0.35952496450038,0.252168995128809,0.00342532624405079,0.0247815934465552,0.00376510886436801,0.0292037232161758,NA
"2",0.0015638814891996,0.0195568471389708,0.0312654490088916,8.95016641285599e-12,0.00656112922690434,1.8250789199866e-11,0.000137782340946927,NA
"3",8.67300963705446e-05,0.0156074054063284,6.83691283372179e-05,1.85524312090685e-20,5.40278774476264e-05,4.8198327856196e-20,3.91531061522011e-05,NA
"4",8.39276837381164e-05,0.0019712093754938,6.0020335873921e-05,3.58552766464707e-16,6.67696842134266e-05,8.99128287274663e-16,6.32149316726955e-05,NA
"5",7.98961003231567e-06,0.000245991672775296,2.66626187370136e-05,3.69761554594322e-10,1.19059980191559e-07,6.92194983842624e-10,4.00926386112667e-08,NA
