"","glmGamPoi (Pb)","edgeR (Pb)","limma (Pb)","glmGamPoi (cell)","Nebula","Devil (base)","Devil (mixed)"
"1",0.00807615746321049,0.0344258172535617,0.0106413365058464,4.23935755815478e-08,0.0055017171183979,6.44230252720754e-08,0.00185626328065415
"2",0.00402792373414157,0.10434563736659,0.0792875481592167,7.29865969321861e-12,0.000148453483804425,8.3711202988863e-12,0.00044216905302486
"3",0.00045713230381478,0.00496422644432186,0.000323186304582635,6.32850422473849e-08,0.00108987165271024,1.02791045470455e-07,0.000823171036126717
"4",0.0127863484494466,0.0262182041444817,0.00671099799954504,0.00154539430428222,0.0045836025886192,0.00180802446789724,0.0155844948191288
"5",0.00845175942676444,0.0219989941212645,0.0174339868084934,4.81438336992301e-07,0.00839310418676347,7.21426665287311e-07,0.00457318437844403
