"","glmGamPoi (Pb)","edgeR (Pb)","limma (Pb)","glmGamPoi (cell)","Nebula","Devil (base)","Devil (mixed)"
"1",0.00616123168056703,0.00994169579324929,0.00333342322928282,2.72566086975005e-07,0.00917939120391532,4.43887819520201e-07,0.0414047038984484
"2",0.164265420027492,0.212484150304279,0.136868484380208,0.0591949482294324,0.124939063238519,0.066008415234055,0.227754756235138
"3",0.00557261667070015,0.01201664075564,0.00489510035570394,0.000182282395215049,0.0414001370932751,0.000335195569589657,0.108678737529774
"4",0.0379526436425963,0.0430072985840142,0.0189405267168217,0.00258364280049366,0.0399655878656351,0.00344649428703535,0.0908313447705574
"5",0.0756682377935925,0.0806174073493428,0.0492729676296338,0.033939658680759,0.0375523163101652,0.0383526363599128,0.00484219407558801
