"","glmGamPoi (Pb)","edgeR (Pb)","limma (Pb)","glmGamPoi (cell)","Nebula","Devil (base)","Devil (mixed)"
"1",0.407015394926769,0.381234312357674,0.340959969651858,0.00490147552192139,0.0178393468808154,0.00743613743994041,0.0339718732873703
"2",0.35776708300207,0.357729089052118,0.346761950390675,0.614829154084702,0.625868353531591,0.631821363846175,0.638901452948198
"3",0.138762158854127,0.0997050764885088,0.146010248050251,0.00396271640211062,0.0375563808393795,0.00997780196732004,0.0476235978319066
"4",0.473645405310406,0.502876545872754,0.485794418979423,0.00287781043195403,0.00261959187548011,0.0033881065527613,0.000307926123012008
"5",0.000295710042087104,0.000425944119816468,0.000343803864015997,6.33362265779543e-10,1.04786086490199e-08,3.43941308376685e-08,4.03453164594675e-115
