"","glmGamPoi (Pb)","edgeR (Pb)","limma (Pb)","glmGamPoi (cell)","Nebula","Devil (base)","Devil (mixed)"
"1",8.88594420501032e-06,0.000601293006652972,6.49648904118179e-06,7.1775239379881e-10,0.00144272772532021,8.8475987037316e-10,0.00180957633773147
"2",0.0535681159395445,0.104855825302603,0.0482263500939343,0.177980724959417,0.42722463052532,0.182091304079904,0.424316764500793
"3",0.00083073388676949,0.00592438647168545,0.000821754179174955,0.0116608215456098,0.0400828795847668,0.0124652161666018,0.08559927704817
"4",2.66772530450131e-08,9.14940941919698e-06,6.83209813129076e-09,3.39674773569521e-11,0.00750895753525423,5.07384586244012e-11,0.00826350772475429
"5",0.000249982875279904,0.00337586283870853,0.000893349434893382,0.000856365441866337,0.0542467191075605,0.00101160194112873,0.0199898919989927
