"","glmGamPoi (Pb)","edgeR (Pb)","limma (Pb)","glmGamPoi (cell)","Nebula","Devil (base)","Devil (mixed)"
"1",7.67692059777137e-05,0.00181514814667118,1.88350782879425e-05,1.39513412060854e-06,0.000597673579011264,2.07419050852949e-06,0.00123249815860461
"2",6.85890815612425e-05,0.00235860389786,3.44803386255953e-05,1.57002055085098e-07,0.00187138361440934,2.36424963003331e-07,0.00806944841226598
"3",8.65039359522569e-05,0.00215919342018564,0.00015937090203094,1.23319225753396e-09,0.0117835888412988,2.21265278332995e-09,0.0235482291781698
"4",0.224004923292489,0.321729000037441,0.262484700940475,0.426661197703112,0.339423843949733,0.433019571582329,0.580111525110076
"5",1.71521674930513e-06,0.000287800082917724,2.13943147307585e-06,1.09393434802899e-13,0.00026252546458265,1.91704856816788e-13,0.0166071016247198
