"","glmGamPoi (Pb)","edgeR (Pb)","limma (Pb)","glmGamPoi (cell)","Nebula","Devil (base)","Devil (mixed)"
"1",0.986020277095183,0.981535500835584,0.962187312635894,0.153340732980452,0.647470366060347,0.175790347296611,0.444637111334243
"2",0.0638541180227604,0.173738122040951,0.0450407970518078,1.47841467435829e-10,0.0304903529236538,4.2421509612762e-10,0.0138282776212127
"3",0.86034237495065,0.887258946818355,0.98464665446477,0.467885490164152,0.48481745413267,0.490198970912604,0.122642171346337
"4",0.00544327706169355,0.00427447772556992,0.0019800896407116,2.46379277551407e-10,7.72025763938851e-10,2.15648912498329e-09,1.7587991353517e-13
"5",0.276073333209532,0.2308827382368,0.166121300127221,0.00265238989030627,0.00409577724774293,0.00455330248744305,9.81372229591506e-07
