"","glmGamPoi (Pb)","edgeR (Pb)","limma (Pb)","glmGamPoi (cell)","Nebula","Devil (base)","Devil (mixed)"
"1",0.639899228605816,0.650513277506128,0.649663732642272,0.463909798008602,0.477772323148515,0.477970334320245,0.37469716017304
"2",2.10694050694411e-07,8.47726695215046e-05,1.12803720131055e-06,1.64396200843127e-14,0.000236376946093843,6.84154743556095e-14,0.00076860770436547
"3",0.000131495195236469,0.00153635768731143,9.16661633901071e-05,2.5876019796255e-08,0.0001556535541353,6.37338274923108e-08,0.000442530502889761
"4",0.000134587176391402,0.000642894135700427,0.000334031919410511,1.84537317369204e-07,0.000143686905900298,5.48527036559511e-07,0.000364218327379966
"5",0.0484696746270718,0.0536800086618023,0.0549598359890463,0.0225279425361011,0.0605887903055762,0.0266805389526793,0.0908243344895197
