"","glmGamPoi (Pb)","edgeR (Pb)","limma (Pb)","glmGamPoi (cell)","Nebula","Devil (base)","Devil (mixed)"
"1",0.000230841813594936,0.00410427075282086,0.00030961099265555,3.43498221196528e-08,0.00105752989390559,4.83411095739681e-08,0.00614497707871212
"2",0.00278297914894367,0.0106124896092882,0.00503697501426928,3.78471054735681e-10,1.17270741501623e-07,6.58205524119377e-10,3.33615913559576e-07
"3",0.00624958727482011,0.0251146533237127,0.0075572297614756,0.00149674123152583,0.00173079735172158,0.00168817173595196,0.00271336874619773
"4",1.80292569039548e-10,4.2154175217995e-07,2.08324935951839e-11,5.38303423354364e-42,5.47521265513743e-06,1.7463141416957e-41,0.000209922600398218
"5",0.000967614184950794,0.00272421499703097,0.00555883200924611,1.0864333077446e-32,0.00104858149192494,1.47169005345713e-31,0.000711145273047792
