"","glmGamPoi (Pb)","edgeR (Pb)","limma (Pb)","glmGamPoi (cell)","Nebula","Devil (base)","Devil (mixed)"
"1",0.00273278932124833,0.0085683382058147,0.00583146021710594,1.30054214824152e-14,0.00138580864945668,9.19976403590822e-14,0.000562007325555565
"2",0.16351509884849,0.201994037546239,0.160508883822338,0.0175732609851512,0.020071526155479,0.0213348548427135,3.55220401655543e-21
"3",0.724696165561928,0.682123437909487,0.6614518904296,0.335715958186419,0.346453602310388,0.346134862683546,0.0214829205674539
"4",0.00631073156139044,0.00839163985177195,0.00777263526939205,6.47405900395943e-05,0.00011235721370549,0.000120836936513735,4.69643818769687e-07
"5",0.0069605110471339,0.0572642738681871,0.0126983951171973,2.4157669437243e-16,0.00150151533577697,5.1117346133532e-16,0.00115232679600683
