"","glmGamPoi (Pb)","edgeR (Pb)","limma (Pb)","glmGamPoi (cell)","Nebula","Devil (base)","Devil (mixed)","glmGamPoi (fixed)"
"1",0.591576196409181,0.546566619524326,0.490167659191976,0.236850984446534,0.848969097222894,0.247139812110303,0.504188814396274,NA
"2",0.238051978594542,0.195434784544912,0.177039651147267,0.0659411117632549,0.0723600416921442,0.0728521015394781,0.0171015231369815,NA
"3",0.024116660634804,0.0488673859056437,0.0236330705619049,9.88841661682383e-10,0.300130174220871,1.50738452715851e-09,0.214393500459421,NA
"4",0.017738845348849,0.0340973244369489,0.0274677839297006,0.000513944926575269,0.00071353803238834,0.000737757404063415,1.4194934025535e-06,NA
"5",0.183281519772227,0.169496951356334,0.0674985939552901,1.14129799330732e-06,0.450669969322713,1.57603605349351e-06,0.212475416514552,NA
