"","glmGamPoi (Pb)","edgeR (Pb)","limma (Pb)","glmGamPoi (cell)","Nebula","Devil (base)","Devil (mixed)"
"1",0.00309576305409368,0.00070702297020203,0.000251586331465352,0.00546645079855187,0.0140211319240455,0.0164695029791504,2.2140406529514e-11
"2",0.683057281976965,0.643086075631032,0.878476898437766,0.915096145683207,0.915151371554921,0.915916227680469,0.868845908015555
"3",0.387868935288872,0.361536707412354,0.368896089246075,0.59335017856626,0.804342227830534,0.583733554472988,0.833937346460543
"4",0.015625231122828,0.00802482372139955,0.00112900339228484,0.0151529174815114,0.268715659345471,0.026637294035944,0.305155321081036
"5",0.00530462816941837,0.0234288189597232,0.00110424230177004,0.00927159526967449,0.430490458731248,0.00909614641020831,0.488080081127711
