"","glmGamPoi (Pb)","edgeR (Pb)","limma (Pb)","glmGamPoi (cell)","Nebula","Devil (base)","Devil (mixed)"
"1",0.0143066281851574,0.0565062355645083,0.0183049047711825,0.00248319519766407,0.00986881821165167,0.00281440165796101,0.0045111449383838
"2",1.20685064057432e-05,0.00131030173898666,1.28485612545366e-05,4.21051759614783e-11,0.00783267502358243,6.40500959490763e-11,0.0186284648888355
"3",0.0315250355769315,0.055762905667625,0.0402634652910296,0.000397119624016511,0.113822567179377,0.000480904799365514,0.0538944964286963
"4",6.08742901385633e-06,7.80940654876446e-05,1.32116242630727e-05,6.70361372597509e-08,0.000161387619679278,1.09558069916051e-07,6.40894969473829e-05
"5",0.00308983247466021,0.0128615242636348,0.00819232262725711,8.15489632280047e-05,0.021773612101796,0.000104544692523345,0.00698089909795305
