"","glmGamPoi (Pb)","edgeR (Pb)","limma (Pb)","glmGamPoi (cell)","Nebula","Devil (base)","Devil (mixed)","glmGamPoi (fixed)"
"1",0.0162481974610969,0.0310102854767158,0.0378531281502114,0.0026254194923779,0.026331911118019,0.00293964886861199,0.0159889601792285,NA
"2",7.72794412020433e-12,2.99799856214731e-06,1.14610131178513e-11,1.06041582609838e-11,0.132523853078934,9.82791625128948e-12,0.194233446305247,NA
"3",0.0330834363181697,0.0501374283703088,0.0566239503916525,0.187012527513938,0.270485083344589,0.190624769832714,0.356768066250711,NA
"4",0.00045095436678109,0.00422541023339583,0.00585194311484513,0.0096573446066535,0.0452243818334554,0.0104739855879978,0.0225372477586009,NA
"5",3.10802395777856e-10,1.63021257350332e-05,8.28776064894219e-10,9.35463462007576e-13,0.14393601777115,1.02250589634654e-12,0.246861832131649,NA
