"","glmGamPoi (Pb)","edgeR (Pb)","limma (Pb)","glmGamPoi (cell)","Nebula","Devil (base)","Devil (mixed)"
"1",0.0346895223528298,0.0433026877242467,0.0282341209099127,0.000183544916890771,0.177851901428562,0.000289935906316684,0.0814592497244987
"2",0.00547488193211524,0.0187528626654801,0.0033612752570526,3.52124807402272e-16,0.167802544751073,7.38718655694076e-16,0.0869982793146103
"3",0.110670628915203,0.0958224674431336,0.0663680643361731,0.0185697120782357,0.203753349338271,0.0227986279118421,0.25170757274505
"4",0.0663106121952282,0.0648053499674582,0.0504432608839891,0.0185413323931098,0.154839626461223,0.0220315881810649,0.123200777752859
"5",0.224970438740362,0.200473900123626,0.173985966346607,0.243021912683386,0.39662230977663,0.257925678913445,0.475894875564422
