"","glmGamPoi (Pb)","edgeR (Pb)","limma (Pb)","glmGamPoi (cell)","Nebula","Devil (base)","Devil (mixed)"
"1",0.000278507059236065,0.00111923663723402,0.000406495960663303,2.99272890317268e-05,0.000151150978346331,4.31736618967193e-05,0.000458780566337593
"2",0.00164896120824909,0.00414645044287,0.00861403383686525,8.11065670486124e-10,0.00165773002162359,1.46748499107543e-09,0.00263693852379537
"3",0.0266453028911665,0.0404171719710471,0.0277648413398204,0.0028526237072509,0.00328013627758853,0.00328051069675426,2.51018395279941e-05
"4",0.0183904664372763,0.0290642421702204,0.0145302990876437,0.00135070712663108,0.00700959664118871,0.0017002841250063,0.015378460909717
"5",0.0027846102995016,0.0132717430641954,0.00500143174592517,5.90685199713155e-09,0.00605481119658457,1.23202237919343e-08,0.00483271996942676
