"","glmGamPoi (Pb)","edgeR (Pb)","limma (Pb)","glmGamPoi (cell)","Nebula","Devil (base)","Devil (mixed)"
"1",0.00618705378757948,0.0129469868261557,0.00821916392998486,0.000369603152830811,0.000606656616731635,0.000519430769900176,0.00126855455886141
"2",0.0249923011844761,0.0336940942933109,0.0596562558870723,0.00253471276737351,0.0177696091259943,0.00319600090852682,0.019147075835683
"3",0.039267527585864,0.12713805586034,0.0409788353845995,5.77188850642792e-09,0.0951938928684412,1.03426746571589e-08,0.122263096146855
"4",0.364710967087627,0.382606119567144,0.60639796317474,0.00981931750581458,0.345049987037829,0.0116181375605251,0.269237811014031
"5",1.95005304577813e-09,1.4072129567993e-06,1.83443449304438e-09,1.18194557565565e-49,0.000149601397500248,5.79631988013023e-49,1.64422651027698e-05
