"","glmGamPoi (Pb)","edgeR (Pb)","limma (Pb)","glmGamPoi (cell)","Nebula","Devil (base)","Devil (mixed)"
"1",2.98832582428527e-05,3.03453618726605e-05,0.000226940286526572,7.54767423128306e-08,2.01939736522132e-05,3.12287518318806e-05,1.37965940556747e-15
"2",0.00101756379387723,0.000874488872808387,0.000237314601274012,5.99278273593822e-09,0.000181913398922833,1.49513460998926e-07,0.000827931010747168
"3",0.0981240545473752,0.0979250733625127,0.064733209184385,0.0020049205166446,0.00213680995681184,0.00269454304097539,2.530468691299e-93
"4",0.0474089169228418,0.0400964599521425,0.0221654316048602,0.00344780977977024,0.0073088174673988,0.00857635630898359,1.00726578245917e-12
"5",0.987503762014804,0.981814179196877,0.765645361440527,0.723029376572444,0.762351686775284,0.759038883458345,0.826396785600155
