"","glmGamPoi (Pb)","edgeR (Pb)","limma (Pb)","glmGamPoi (cell)","Nebula","Devil (base)","Devil (mixed)"
"1",0.0899762934534515,0.0540255104856776,0.0355148352427708,0.0169741634809421,0.0253714811570955,0.0230965023719497,0.0974587342400331
"2",0.022952868793268,0.0232730342801137,0.00928703746193535,9.03579704080207e-06,0.0637989493960366,1.60817998739694e-05,0.143022043256024
"3",0.152638543222037,0.229021983727547,0.182203566599555,0.0413502504820335,0.173189238380881,0.053806747126261,0.177337549817771
"4",0.389344091089107,0.344374755221571,0.331334162206541,0.237159384864898,0.465035405020129,0.261222751544828,0.619175788952891
"5",0.74951546306339,0.720830755916526,0.521805053988936,0.721802820018958,0.824984582452752,0.733180134196385,0.789585154619344
