"","glmGamPoi (Pb)","edgeR (Pb)","limma (Pb)","glmGamPoi (cell)","Nebula","Devil (base)","Devil (mixed)"
"1",0.934149545179274,0.936470153447263,0.812811148928246,0.180943900723205,0.256451722277093,0.198007484478083,0.428591542759249
"2",0.310820083772076,0.236618428021407,0.203681849758778,0.862743716789432,0.866681676195208,0.869745424951221,0.852236171709865
"3",0.0483460043363905,0.022448122316007,0.0467287123066296,0.000578339691281685,0.00490020153726999,0.00794452137129414,0.0310022832622548
"4",0.799618376252994,0.761183711589635,0.328152134279567,0.245982199242325,0.261236213410422,0.273751487195155,0.495986872698989
"5",0.0642550247584674,0.0799122974452655,0.0409158467354158,0.583419051905239,0.592263486221585,0.597803834639994,0.58677508458624
