"","glmGamPoi (Pb)","edgeR (Pb)","limma (Pb)","glmGamPoi (cell)","Nebula","Devil (base)","Devil (mixed)","glmGamPoi (fixed)"
"1",3.23786369311903e-05,0.000290836179780068,3.43325498402131e-05,6.49270761589443e-10,0.000116529112239404,1.36762253867546e-09,4.84658791835646e-05,0.000819735199856959
"2",1.00909305439395e-09,3.51857828754443e-06,1.18840519791884e-09,2.00744061341314e-93,0.000993910145530492,4.49453257394504e-93,0.00112487827062915,8.56934261820389e-48
"3",0.00450552066690764,0.0170670620188181,0.00557239681164331,0.000915716145509305,0.00319456420942639,0.00110267673373847,0.00622026855649959,0.211988121477354
"4",0.00017142299008744,0.00404646729623378,0.000379233325066495,8.25247359499813e-07,0.00532831144293181,1.26671782450913e-06,0.00567105631966132,0.011815453884422
"5",2.65892240237475e-05,0.00489185475057448,0.000135241248203177,4.51267886758857e-76,0.0386760096337997,1.5498109847902e-75,0.0204212328244161,1.97903313185306e-53
