"","glmGamPoi (Pb)","edgeR (Pb)","limma (Pb)","glmGamPoi (cell)","Nebula","Devil (base)","Devil (mixed)"
"1",0.138622733429521,0.134713864306246,0.113971054705774,0.234978523289891,0.445070398161844,0.26107095981116,0.487372774155618
"2",0.955636724872159,0.964635653145084,0.888187483403678,0.456432836369803,0.521910956683409,0.496555964598211,0.554592166575052
"3",0.0178435319573574,0.00834704245248564,0.000547702141906062,0.0122719302889586,0.0164734690720092,0.0185674842921738,0.0139749246777841
"4",2.98536045405575e-06,7.54834616862667e-10,1.96009138960766e-11,5.74414854334591e-11,2.55426106666505e-09,6.86044260131433e-09,3.45992756141068e-14
"5",0.157917511772667,0.192021361163608,0.0846669619444459,0.291538177082798,0.293272155742469,0.308847083011408,0.161248812438517
