"","glmGamPoi (Pb)","edgeR (Pb)","limma (Pb)","glmGamPoi (cell)","Nebula","Devil (base)","Devil (mixed)"
"1",0.017941514084428,0.0540427339531455,0.0138543883941336,0.0232293913044873,0.0727409376191138,0.0262502318876014,0.097337780922602
"2",0.721077282407677,0.75514580733885,0.746132135972708,0.689978411796876,0.692650367919708,0.692819403371658,0.692274154148841
"3",0.000206693311543675,0.00198839981646046,7.934491355329e-05,1.88299334863487e-06,0.0112581615358161,3.40694397554114e-06,0.00762786375986048
"4",0.00691650904640812,0.0186557675188875,0.0608492809526744,0.000480949245123356,0.00562076537704713,0.000714575040964669,0.00180666076827003
"5",0.34855370203738,0.393144990109623,0.627751064370129,0.176803259044835,0.298209733394282,0.18246906186932,0.317093179687045
