"","glmGamPoi (Pb)","edgeR (Pb)","limma (Pb)","glmGamPoi (cell)","Nebula","Devil (base)","Devil (mixed)"
"1",0.348915843545359,0.338250453052671,0.273357457594309,0.0343471306928601,0.147321206023186,0.0385717031599488,0.142031360443077
"2",0.159589712826921,0.155079246747339,0.103120036054479,0.00817304248862539,0.00981133059694513,0.0104400447672454,0.0416735644336861
"3",0.0186136700339963,0.0250175362592923,0.0116554488628433,9.78593567508677e-16,0.00261080816601876,4.84269460395872e-15,0.00483826176814181
"4",0.38763731029401,0.432990400002504,0.422344994347943,0.00057713273160634,0.000749214742257255,0.000765996206449468,4.47384754726776e-39
"5",0.410073299848684,0.470750861245974,0.364702275230392,0.0224858294825036,0.0809495777870591,0.0264369141745648,0.117786851901929
