"","glmGamPoi (Pb)","edgeR (Pb)","limma (Pb)","glmGamPoi (cell)","Nebula","Devil (base)","Devil (mixed)"
"1",0.0696050419405746,0.105222488390954,0.14645551108681,0.0519364655766053,0.0548842875190524,0.0550794139288824,0.0201445211641094
"2",0.0189502740563802,0.0347297393589076,0.0134478844568127,0.00202022345476605,0.0289316130497039,0.00249451521059434,0.0354901055017397
"3",0.00189624194347578,0.0106786224835017,0.0018470331494107,0.00015990046859464,0.0169240339230707,0.000210110009578906,0.0118191660314974
"4",0.00231027429882427,0.00325027777626841,0.00254591047465155,0.00192906130275115,0.0024202735614103,0.00265985851300294,0.00108577389311487
"5",0.000303535933604552,0.00171050889320451,0.00126945889538407,6.76925308207125e-06,0.00130701533298351,9.994217275121e-06,0.000358333019164504
