"","glmGamPoi (Pb)","edgeR (Pb)","limma (Pb)","glmGamPoi (cell)","Nebula","Devil (base)","Devil (mixed)"
"1",0.0063574108443703,0.0274843069640727,0.0115467294367655,0.000190031643877972,0.0151577587595054,0.000230418562223156,0.0253568560152545
"2",1.05583203709228e-06,0.000326840699900043,9.8817542001908e-07,1.58427193548651e-14,0.00263314716110417,3.04554902790352e-14,0.0130424592450244
"3",0.00329525004372063,0.0442769065726524,0.00347536876939609,6.83337849752098e-05,0.0262936273285272,8.89101608458422e-05,0.027366074450485
"4",0.00264854529541762,0.030950218805638,0.00339653048454323,3.91235816047624e-05,0.0134747331313828,5.06119312179487e-05,0.0145316823449604
"5",3.80070111313643e-05,0.000618719711351054,5.52600386789429e-05,4.61380839759707e-12,0.000933566741559912,1.08030404867317e-11,0.000657893063659834
