"","glmGamPoi (Pb)","edgeR (Pb)","limma (Pb)","glmGamPoi (cell)","Nebula","Devil (base)","Devil (mixed)"
"1",0.615962422097608,0.581953933748274,0.557525577047665,0.00397207965992655,0.0052745523900873,0.00562835841561438,3.74156663721629e-08
"2",0.801634988159474,0.809911833440438,0.804502686523301,0.0618588202408895,0.0694465825865915,0.0712288626649807,0.195303828305363
"3",0.225624733373201,0.30039966896904,0.175049714604872,3.59427119363034e-06,6.7933672574508e-06,8.78225898719895e-06,6.31297712425836e-33
"4",0.0061139769444687,0.0144937668298023,0.0236421639941771,6.44377056431801e-07,4.67422926407374e-06,2.79407489820259e-06,6.61561507963624e-09
"5",0.070677413199605,0.0620974088487905,0.0577865415378522,5.06641559161497e-05,0.00010007316130114,0.000118455397574606,0.000196015940335876
