"","glmGamPoi (Pb)","edgeR (Pb)","limma (Pb)","glmGamPoi (cell)","Nebula","Devil (base)","Devil (mixed)"
"1",0.651748209775483,0.631651193541246,0.606909434599379,0.269190246463802,0.281223270728562,0.284569352566427,0.0392983454339373
"2",0.0733211293038925,0.0868886190098723,0.0475112515513621,5.59661873821472e-05,0.000116633838641514,0.000138027391431511,6.79734341567839e-07
"3",0.238268175700085,0.175438708377376,0.125693309708249,1.07143505926909e-05,2.66947184343798e-05,3.27554045681553e-05,3.24264266437863e-09
"4",0.000592977708863969,0.000665217817495884,0.000524828075771005,4.52095671949193e-09,8.84860653334975e-07,1.85098497157167e-07,0.000619119959377484
"5",0.00319553308605559,0.00283393606226414,0.000450542103795392,1.41623398605604e-19,2.50773054117507e-18,1.41491723664354e-17,2.79131649429508e-16
