"","glmGamPoi (Pb)","edgeR (Pb)","limma (Pb)","glmGamPoi (cell)","Nebula","Devil (base)","Devil (mixed)"
"1",0.595558201782236,0.574288376608907,0.583737119819947,0.392928355248683,0.404319877348041,0.408037699346134,0.019609483282869
"2",1.16275096398858e-08,2.08811275720622e-05,4.69598246951916e-06,2.30790609798033e-62,5.57530501628448e-11,1.25202987103257e-62,1.85219472738204e-10
"3",0.636454174905317,0.562529139208159,0.598198404949493,0.0517774004049236,0.0574694028280875,0.0594197140128141,0.0509953556147093
"4",0.126929054574337,0.0623153220795315,0.0597752875229998,0.00261478010006785,0.00367909741395769,0.00398601644912311,0.000674407097601379
"5",1.38480442385244e-09,1.00633412259418e-05,1.93732411453636e-06,7.05217844003052e-63,5.55672020135645e-14,6.18037013429513e-63,4.61064474701826e-14
