"","glmGamPoi (Pb)","edgeR (Pb)","limma (Pb)","glmGamPoi (cell)","Nebula","Devil (base)","Devil (mixed)"
"1",0.155693466668154,0.135945883238463,0.0807411025987821,0.0953521653395117,0.260544042192575,0.107541519534016,0.381580771957876
"2",0.00615635606114869,0.0135303036476551,0.00520142351309508,0.000161576944504253,0.029955668162124,0.000265911957098407,0.0809889717885692
"3",0.375385626059671,0.361059466592275,0.289620266542932,0.426868166015997,0.439973217128377,0.445278112966526,3.4884615198461e-06
"4",0.152725276562608,0.209597645252263,0.207742141123822,0.141048387786456,0.264128839402413,0.153094237765047,0.220587530830893
"5",0.0681635210292619,0.0719011530000164,0.0616770309737584,0.0491173348110182,0.0955248384145968,0.058344733609008,0.112393534952883
