"","glmGamPoi (Pb)","edgeR (Pb)","limma (Pb)","glmGamPoi (cell)","Nebula","Devil (base)","Devil (mixed)"
"1",0.0173049171378598,0.0244892752387204,0.0482863485933917,0.000267573223350336,0.177048671695114,0.000485976190922904,0.254663928650115
"2",0.985447761076364,0.990361001178168,0.947924118864899,0.985774446602659,0.962716003533147,0.986130724457532,0.988993570858692
"3",0.0300547142371777,0.0666622900978706,0.0252922945876349,0.0199927414588633,0.0245211232618107,0.0259009217423187,9.50370503743885e-05
"4",0.0418835622138448,0.0364924783821504,0.028231944059038,0.0347634127366335,0.0426723534700752,0.0453758488242536,0.00891136127980143
"5",0.0567064504641398,0.0900371703449497,0.0520146297357644,0.023075047350259,0.0357511461837487,0.026980359835575,0.0618020180431621
