"","glmGamPoi (Pb)","edgeR (Pb)","limma (Pb)","glmGamPoi (cell)","Nebula","Devil (base)","Devil (mixed)","glmGamPoi (fixed)"
"1",0.00524889981374481,0.016450240712336,0.0160220526729105,0.000244799685053174,0.019778783132232,0.000298696317353496,0.00725128554413379,NA
"2",0.0136937152418964,0.0227446776294596,0.0149389594180895,5.5266346776354e-07,0.0104162412164686,8.87778866945215e-07,0.032149007630143,NA
"3",0.0881799256813283,0.218064090092904,0.184092695886112,0.00211414650599459,0.227301078052368,0.00227184123248705,0.149840547852254,NA
"4",0.00908611142687269,0.0204050151013439,0.0071419949641216,9.17983208092452e-05,0.0185434089117211,0.00010815726018947,0.0109890755780686,NA
"5",0.000818776269191363,0.00189889594853281,0.00221906093531707,8.35551200669604e-07,0.00199721794822555,1.27427306600355e-06,0.000964871666047902,NA
