"","glmGamPoi (Pb)","edgeR (Pb)","limma (Pb)","glmGamPoi (cell)","Nebula","Devil (base)","Devil (mixed)"
"1",0.0326578272745636,0.0807234550456522,0.0224863703696536,0.191654672307744,0.234114957771356,0.199077910957325,0.29727504557205
"2",1.24342990400097e-07,4.95735687324648e-05,1.24612892472515e-08,3.05875450742525e-27,0.0273035907351135,4.11128152065996e-27,0.00679567102400137
"3",0.00668840589845438,0.0123670725716442,0.00534746699902157,0.0256755802233166,0.0270229655620215,0.0283875047188783,0.0465158995232145
"4",0.000177459492296188,0.00453762092686452,3.65329678569087e-05,2.49000778982398e-10,0.330819001478438,3.78860281208972e-10,0.0633651083600384
"5",0.000477615277887947,0.00149414411754545,0.000708299495872243,0.000266653508242205,0.0124172606902682,0.000329069368515529,0.00616884169887585
