"","glmGamPoi (Pb)","edgeR (Pb)","limma (Pb)","glmGamPoi (cell)","Nebula","Devil (base)","Devil (mixed)","glmGamPoi (fixed)"
"1",0.0372643611226696,0.0685463228460229,0.0304176791528458,0.0144397566123383,0.574165723915286,0.0188248111379711,0.166940662263878,NA
"2",0.57346275313118,0.543348588903543,0.469748796411808,0.921681677394608,0.894444464935756,0.924646516655858,0.916690092206755,NA
"3",0.613510916197307,0.577871717310876,0.494150261246598,0.894670067295232,0.783748435777268,0.899143430293945,0.929414092117383,NA
"4",0.00807487331217003,0.0200132454333595,0.00693796456705476,0.000711401521596957,0.500220207682571,0.00111239240289996,0.124545667514028,NA
"5",0.416385785768532,0.401728415644324,0.293915054830486,0.2492440615398,0.968941876640209,0.268291091870618,0.549727923145927,NA
