"","glmGamPoi (Pb)","edgeR (Pb)","limma (Pb)","glmGamPoi (cell)","Nebula","Devil (base)","Devil (mixed)"
"1",0.120903618595697,0.0726578191538619,0.0885501668478458,0.140777507296719,0.164315638716445,0.175111056674389,6.84950743808643e-13
"2",0.969536916279357,0.96378681823836,0.964255514208406,0.97457784543808,0.975177664305599,0.980028975823265,0.926119361185103
"3",0.000331701377135251,0.000498518683674244,0.00147317526810515,0.000129155958313145,0.000411076321067119,0.000550107772018429,5.72539931291912e-06
"4",0.232531819113114,0.208899246691384,0.244424095175185,0.216069989668158,0.233977028011599,0.2431437063613,0.238710840591845
"5",0.172730221869532,0.139233713344863,0.19753698897471,0.196956131065142,0.223329507175812,0.233573516772557,0.270592973872383
