"","glmGamPoi (Pb)","edgeR (Pb)","limma (Pb)","glmGamPoi (cell)","Nebula","Devil (base)","Devil (mixed)"
"1",1.82058537760463e-07,4.70032554593146e-05,4.62606903258945e-07,3.74849163419214e-11,0.00338329690345633,5.87895233956855e-11,0.0171838552990035
"2",0.00106435518408406,0.0254969926009729,0.00369568651350857,0.0004007400336127,0.0911715669003234,0.000478605744433974,0.150361723811098
"3",0.0024764613012167,0.0148204503065581,0.00248095728577381,0.0034209277053,0.0733681980804084,0.00386041992058077,0.154697109784114
"4",0.00112578547382112,0.0302567118593323,0.00185560585012131,0.0174810471770357,0.161113275150764,0.0191034526959892,0.337313091380316
"5",0.0213385963999711,0.0812587275567764,0.0279877174004365,0.0850888178241085,0.295234401130534,0.0894666862742525,0.452873556403017
