"","glmGamPoi (Pb)","edgeR (Pb)","limma (Pb)","glmGamPoi (cell)","Nebula","Devil (base)","Devil (mixed)","glmGamPoi (fixed)"
"1",0.000997963090134492,0.00367199464436148,0.00190641219412781,1.00620242169081e-07,0.0102047923466626,1.39374695396076e-07,0.00426475578917138,0.0767076242784786
"2",2.51394627769558e-05,0.000576823725352529,1.19466839053111e-05,3.46960672783562e-13,3.13262199428415e-05,5.99975099421891e-13,1.34182067484301e-05,0.0072421898844116
"3",3.70921054254987e-05,0.000197751068856137,0.000149714072201226,1.48175816634902e-10,0.00383366091580632,2.42228590842757e-10,0.0043069221189368,0.0272222030297771
"4",5.69640828601945e-05,0.000202747111869323,3.99490364960685e-05,2.00392383772774e-08,2.91718021028247e-07,2.95138676383547e-08,6.2056851707937e-08,0.131405706132077
"5",3.57844202899407e-07,0.000195659015641113,3.14245969189242e-07,6.74764333677213e-23,0.00730135026763701,1.3004880191715e-22,0.00342417629274448,0.000578932767528879
