"","glmGamPoi (Pb)","edgeR (Pb)","limma (Pb)","glmGamPoi (cell)","Nebula","Devil (base)","Devil (mixed)"
"1",0.00483734563586979,0.00897603507293541,0.00670282617197363,4.12018282165517e-06,5.96467158960112e-06,7.69599808761046e-06,8.42465666595594e-07
"2",0.375102958208028,0.38050126198633,0.333535708059899,0.0488819867053676,0.0540615538570915,0.0559059586441699,0.0460376886962927
"3",0.935167903664418,0.933072826184624,0.953348509713829,0.654372307642584,0.655978018260785,0.658112112227049,0.0253313106923414
"4",0.000647344979152503,0.00298851115736699,0.00760912078560347,5.51761295816274e-12,0.000109376115271665,8.86716943261713e-11,2.97120669798192e-06
"5",0.0628801457553544,0.0605224336692392,0.0310183937331253,0.0016364581004988,0.00200720572429175,0.00220115263783731,2.27198151645355e-13
