"","glmGamPoi (Pb)","edgeR (Pb)","limma (Pb)","glmGamPoi (cell)","Nebula","Devil (base)","Devil (mixed)"
"1",0.203902918071773,0.154075414337402,0.141127362517384,0.290704229790425,0.309284689592732,0.313541386983268,2.98092364458827e-06
"2",0.00428791971693687,0.00759143791974442,0.00603850823217865,0.00469754651312323,0.0143635008278455,0.00690357681227306,0.011985403840121
"3",0.721034436390116,0.694427085855725,0.657715633530132,0.910147812287843,0.924370815390627,0.911875904239885,0.929516443521558
"4",0.037542846557781,0.0473030259184864,0.0759022230134015,0.0424282797409049,0.054669516879754,0.0579776323679264,0.0270267546757822
"5",0.0144985690540471,0.0231269202627521,0.00430946613675167,2.27250884772641e-05,0.161985551163882,8.10763897576501e-05,0.205507374674637
