"","glmGamPoi (Pb)","edgeR (Pb)","limma (Pb)","glmGamPoi (cell)","Nebula","Devil (base)","Devil (mixed)"
"1",0.166229612338249,0.188981656755831,0.357542501199191,0.176040160873854,0.102353018245636,0.183799644149397,0.338924151692953
"2",0.000441622152462269,0.00113912475765136,0.00137893445947303,2.45285853702111e-07,0.000209476304646657,4.17398354502243e-07,0.00232482303486561
"3",0.00385175648762863,0.00575080364516838,0.0022250514717503,0.000197890158732979,0.00240475621400667,0.000268088261889851,0.0306384901949441
"4",0.0433451508564088,0.0587979327657003,0.0892206060979291,0.0136034522714727,0.0706613169427404,0.015171924363128,0.105234374724386
"5",5.39468230355651e-14,6.85906763646433e-08,1.13343161391903e-13,1.92031372708186e-47,8.40274649673748e-06,2.20113689306784e-48,0.000786244983843651
