"","glmGamPoi (Pb)","edgeR (Pb)","limma (Pb)","glmGamPoi (cell)","Nebula","Devil (base)","Devil (mixed)"
"1",0.00181569313694532,0.00522246675267458,0.00268368196585482,0.00234121299052543,0.00269013801101546,0.00274945055229571,0.000928055210580897
"2",0.00242220871855695,0.00660556386373589,0.00102902044841266,0.0101676563007092,0.0133922736269325,0.0113555918309927,0.00982749122083418
"3",0.0164793427526517,0.0806437636319227,0.0250890901672798,0.0424569008288328,0.16409798662304,0.0448315445608829,0.115059211065987
"4",0.00249608067105637,0.00875091436168625,0.0045541295256685,0.000341154809999241,0.0183814716164074,0.000415051052842569,0.00277864878715535
"5",0.192106100781198,0.274671517813711,0.104585922960407,0.398034636007413,0.403070354009422,0.403501222337198,0.334423107905378
