"","glmGamPoi (Pb)","edgeR (Pb)","limma (Pb)","glmGamPoi (cell)","Nebula","Devil (base)","Devil (mixed)"
"1",0.000435180705991971,0.00191424670671673,0.00100366024485828,5.27143862628795e-05,0.00122088775183293,8.41729775531024e-05,0.00122833948083955
"2",0.000532959393576779,0.0116477435212464,0.000617471600894817,4.21804174257635e-07,0.000693086102027441,5.97870103525577e-07,0.00505914159234907
"3",1.08638216680506e-05,3.53755399651369e-05,1.50137001029489e-05,3.970185729701e-07,3.99021790839004e-05,6.99627349702433e-07,0.00166746581269478
"4",0.0179931753240281,0.0481903884109746,0.0131171307076813,0.00152613859300674,0.0160883951722705,0.00183428281388506,0.018577360191432
"5",0.000100504941219066,0.000662221140839804,6.99132949055155e-05,5.22853689093612e-07,1.61694316945963e-05,8.9785283332541e-07,4.89163263935406e-06
