"","glmGamPoi (Pb)","edgeR (Pb)","limma (Pb)","glmGamPoi (cell)","Nebula","Devil (base)","Devil (mixed)"
"1",0.577138575289827,0.517245914699425,0.605418018565086,0.128004765355372,0.464386786346868,0.144630333900722,0.270210174125386
"2",0.712174058637426,0.650847602183661,0.615156393465184,0.896009356778071,0.955843330106834,0.90016255371905,0.902803857133047
"3",0.34154440366398,0.324840885591384,0.395512535487372,0.179380337515548,0.315969867071855,0.196338626287035,0.143549227057087
"4",0.270222673879766,0.24280565247149,0.271243953607091,0.101253893582478,0.112242692223176,0.117649752178918,0.0606921815252807
"5",0.0106213969467068,0.0141444669505639,0.0109781508382423,2.58120979905325e-05,0.0262102202906344,7.64670797585238e-05,0.0108682232929087
