"","glmGamPoi (Pb)","edgeR (Pb)","limma (Pb)","glmGamPoi (cell)","Nebula","Devil (base)","Devil (mixed)","glmGamPoi (fixed)"
"1",0.00718357765994896,0.0261714075588538,0.00365838282959209,0.000500380286153476,0.00295633925179349,0.000705406628989069,0.00445898503705739,NA
"2",0.000494035413651153,0.00214499865389457,0.00103904042954236,4.35155341607885e-07,5.06887098915338e-05,9.24580701819518e-07,9.55753821838717e-05,NA
"3",0.00105546664103026,0.00538993069401953,0.000309947196814677,4.3094396415653e-06,8.6634074276407e-05,7.7698777610061e-06,0.000104639137267132,NA
"4",4.78043499368045e-07,3.99394708117162e-05,6.7044410097534e-07,6.9732723517457e-17,8.92016309233268e-05,4.21040651611371e-16,7.57100122658215e-05,NA
"5",0.0545861001341063,0.192338382838469,0.0690714873360532,8.94340866143073e-05,0.0344246524738668,0.000132576371517819,0.0127954952380392,NA
