"","glmGamPoi (Pb)","edgeR (Pb)","limma (Pb)","glmGamPoi (cell)","Nebula","Devil (base)","Devil (mixed)"
"1",0.979568695424779,0.990973430617834,0.91863148777195,0.464486305964287,0.477337300810593,0.482103035586264,0.386679122720014
"2",0.365531054775182,0.317599777054742,0.336911764327951,0.85215056783679,0.855418832831641,0.856901266828873,0.724852852871469
"3",0.185914685346911,0.32457242408469,0.206628802959708,0.000289818721247805,0.00136141885450229,0.00053284302686753,0.00642550114419175
"4",0.0119950982370435,0.00675230240348017,0.00438027629110069,0.0590293584977788,0.0719140542879673,0.0763250536074795,2.37394962512476e-05
"5",0.00256823985314695,0.0124576937092484,0.00051331050026703,0.125779165554046,0.257696135942778,0.127199560996138,0.407500534955095
