"","glmGamPoi (Pb)","edgeR (Pb)","limma (Pb)","glmGamPoi (cell)","Nebula","Devil (base)","Devil (mixed)"
"1",0.00598977890521849,0.00188288717495619,0.00123588175663484,0.0666985597575041,0.152032320129747,0.0706673755130002,0.309100992150999
"2",0.672055129737037,0.692578263028858,0.654952655506875,0.00953582556741668,0.101224423118499,0.0116997645366064,0.0534172442109682
"3",0.0207732218420824,0.0195246621994586,0.00479528450563648,0.60880882640558,0.60188250659078,0.610751181669698,0.638602842398706
"4",0.00170415199779461,0.00112639932867027,0.000227820156853568,0.0367925779852372,0.0906962469071133,0.0396110229701238,0.118494330443252
"5",0.005891768701824,0.0208846697065154,0.00460024390359927,0.894071727371457,0.86715711225328,0.895400617061444,0.929041503519093
