"","glmGamPoi (Pb)","edgeR (Pb)","limma (Pb)","glmGamPoi (cell)","Nebula","Devil (base)","Devil (mixed)"
"1",0.348915767320487,0.348237504162763,0.273357457594306,0.0343471338847382,0.147321204257936,0.0392926620535622,0.143501958407758
"2",0.159589690794399,0.158877866952153,0.10312003605448,0.00817304357035466,0.00981133059694739,0.0100597911837155,0.0410524366980494
"3",0.0186136593915907,0.029069945901951,0.0116554488628437,9.78594450448854e-16,0.00261080816646881,4.00071773985078e-15,0.00478425319981714
"4",0.387637305483436,0.433396440154945,0.422344994347949,0.000577132829418717,0.000749214742257567,0.000732376900307242,2.89464955031366e-39
"5",0.410073193047979,0.457596177108189,0.364702275230394,0.0224858319120947,0.0809495793052004,0.0259754037522667,0.116879963973732
