"","glmGamPoi (Pb)","edgeR (Pb)","limma (Pb)","glmGamPoi (cell)","Nebula","Devil (base)","Devil (mixed)"
"1",0.0116129131646501,0.022223826897973,0.0131293568137157,0.0184219879296019,0.0796978220361346,0.0196323295217088,0.074632065581257
"2",0.00282953980233832,0.00700535062143882,0.00185401514602924,0.00205200652494517,0.00392068199470827,0.00236730792783239,0.00115341655672641
"3",0.149190614511445,0.1935676857676,0.27422714250997,0.279276077625705,0.435343407714223,0.283559019241696,0.484473429628404
"4",0.047849305290915,0.0671396097069336,0.0645168845408026,0.045943251236155,0.0886311798960764,0.0481510866452235,0.107587088251533
"5",2.78413455197238e-06,2.36292575741481e-05,1.52135679826945e-06,5.49470824713685e-08,4.80181110099967e-05,7.99351475539961e-08,7.1491433094156e-05
