"","glmGamPoi (Pb)","edgeR (Pb)","limma (Pb)","glmGamPoi (cell)","Nebula","Devil (base)","Devil (mixed)"
"1",0.0121385785119796,0.0225267203762061,0.0202146695497216,5.44336582481701e-07,0.0297556717621043,7.58820360890299e-07,0.079686100297032
"2",0.0150520078406692,0.0248885011286469,0.0237698466201149,0.00199643250427509,0.0330167139712651,0.00228759970762172,0.0426542016686579
"3",0.0045251736375994,0.0126789381450559,0.00312528682545993,0.000117717474223816,0.000247771980073548,0.00014507473509132,0.000287602326031388
"4",0.0391265835177701,0.0756629937815122,0.0499282989495462,0.0399113187312865,0.0417406020595359,0.0421901310069086,0.012091962074235
"5",8.63140775590257e-06,0.000572872182038666,3.75517524899494e-05,1.2733118172866e-10,8.5004910184249e-05,2.15259562796686e-10,5.50431140613087e-05
