"","glmGamPoi (Pb)","edgeR (Pb)","limma (Pb)","glmGamPoi (cell)","Nebula","Devil (base)","Devil (mixed)","glmGamPoi (fixed)"
"1",0.911519168246483,0.927543111410951,0.997637026437728,0.0612482583772494,0.0643303772978909,0.0654161639546884,5.73620177139523e-05,NA
"2",0.000398194871577971,3.89231930559914e-05,9.01450886679254e-05,6.84191952506216e-08,6.31645401508721e-06,1.05523241630253e-07,6.70637739695501e-05,NA
"3",0.300286212159836,0.325736538745925,0.394758610116565,0.349853394011896,0.354313311154465,0.356200523291802,0.184473216297034,NA
"4",0.0650917997419876,0.0622975787241764,0.0721111345159784,0.895300903451727,0.927808573105164,0.896776431273735,0.981763329923851,NA
"5",0.024372765027256,0.0156071777930802,0.0326647664319207,0.543443177986015,0.548394129847228,0.550655458163861,0.537257356957282,NA
