"","glmGamPoi (Pb)","edgeR (Pb)","limma (Pb)","glmGamPoi (cell)","Nebula","Devil (base)","Devil (mixed)"
"1",0.105752906600561,0.0971941719723741,0.0488965822251549,0.00486087101971681,0.0105401479267751,0.00675651628988486,0.0161692058228141
"2",0.278073723842022,0.380224141424025,0.444219847095395,0.00158778338169815,0.00169145748890654,0.00177409227861797,0.000668754511135944
"3",0.333958814713352,0.31048568355051,0.216440946525759,0.0617469043649305,0.0691410999155298,0.0719419184608834,0.112676200099511
"4",0.705411082274155,0.641677329979544,0.727311728753196,0.973871019757684,0.974752500111968,0.974926233189838,0.973260268772567
"5",0.553475602226395,0.545222413104473,0.587620619708064,0.158584552634831,0.16969479029366,0.172311057533906,0.0411159983022515
