"","glmGamPoi (Pb)","edgeR (Pb)","limma (Pb)","glmGamPoi (cell)","Nebula","Devil (base)","Devil (mixed)"
"1",6.23585474626286e-05,0.00038560029963826,0.000261825255543014,2.34040633658737e-87,0.00385552140279817,2.03516096885503e-88,0.00579182873983056
"2",0.00765999743761492,0.010175767166175,0.00608513614906914,1.20341024083151e-13,0.0266314704172459,1.25695442983302e-12,0.0462783849153557
"3",0.503022742834919,0.535636027221594,0.544901348414346,0.0225817142028293,0.0663030158517973,0.0271291996194529,0.169496713454265
"4",0.00334769506833679,0.0117537133623559,0.0057134489444274,2.05192128946015e-12,9.45772039149223e-06,1.06500481493124e-11,0.000356383943453193
"5",0.11996014411671,0.0884564783756411,0.0532300179037904,0.000751804732541527,0.0011238799037759,0.0011632410093014,0.0665264986179272
