"","glmGamPoi (Pb)","edgeR (Pb)","limma (Pb)","glmGamPoi (cell)","Nebula","Devil (base)","Devil (mixed)"
"1",0.00591230986204015,0.00828012825093795,0.00312637423075686,7.50069413607949e-05,0.00285808162508599,0.000206091353091923,0.00567145164232942
"2",0.0014201043512681,0.00688619180672424,0.00227773528292342,2.04699090335053e-05,4.51788873863371e-05,5.28099078108151e-05,1.93399982204759e-20
"3",9.16948700289118e-05,0.000603336196502715,0.000166994606165078,1.9543493629166e-10,9.22955758965102e-07,1.76676176615567e-09,9.12935299101134e-07
"4",0.109561696271454,0.143786734077696,0.124311386308026,0.092023415118424,0.109685128700827,0.109940663056194,0.124177729146636
"5",0.00954694513034552,0.00757056407494302,0.00170090982533935,1.41311942759914e-08,0.0101498747382619,6.39832913422755e-08,0.0270965683776771
