"","glmGamPoi (Pb)","edgeR (Pb)","limma (Pb)","glmGamPoi (cell)","Nebula","Devil (base)","Devil (mixed)","glmGamPoi (fixed)"
"1",0.0987117421723453,0.0877749071464135,0.0559742194633225,0.0297020895644077,0.0361184148843643,0.0366837926811327,2.01291812752163e-07,NA
"2",0.431803458110351,0.405055350532179,0.271316795055023,0.349192862286018,0.396639235581311,0.368920473389028,0.478229676809538,NA
"3",0.868933605861276,0.860052569121611,0.827691883413306,0.895990725247576,0.885782585985259,0.899160485697074,0.941275870782136,NA
"4",0.00316497148221592,0.0115778018394834,0.00326140072741951,4.74977097143079e-07,0.00455859073337101,1.2937462946164e-06,0.0162122095307061,NA
"5",0.0991962287187445,0.101560298999374,0.0509959084095501,0.0342257379428933,0.0454735101677667,0.044144259430199,0.0962370213807408,NA
