"","glmGamPoi (Pb)","edgeR (Pb)","limma (Pb)","glmGamPoi (cell)","Nebula","Devil (base)","Devil (mixed)"
"1",0.331644387295861,0.414108268996639,0.127125240273177,0.146039910572176,0.165300600408049,0.169099504027395,0.0423626096424876
"2",0.0154222183330398,0.0324463662108,0.0103100144490214,9.9482170296644e-07,0.0897493625429225,2.69696248170435e-06,0.160220718645992
"3",0.33365112546963,0.298927751418152,0.310667341040133,0.170264516858673,0.188824023757462,0.19218171079654,0.137059365028786
"4",0.0309649470078122,0.0223644200446109,0.0126563853300349,0.00131675890560545,0.00229902180224798,0.00255574000605419,0.00154187018342421
"5",0.0165704664742836,0.043339757590253,0.0145731251485503,1.47997441898403e-06,0.101563211058656,2.55828377668648e-06,0.17553348064319
