"","glmGamPoi (Pb)","edgeR (Pb)","limma (Pb)","glmGamPoi (cell)","Nebula","Devil (base)","Devil (mixed)"
"1",0.101078112760472,0.0865517642332562,0.0453484706480458,0.0599904022519805,0.0663205036335201,0.0673015037919354,1.92468215095361e-13
"2",0.087225842980595,0.0407833505439446,0.0240768129363809,0.0811390920654683,0.0927127486529553,0.0952461732412776,1.62538654883904e-54
"3",0.246833286181211,0.251646951293297,0.177930624513634,0.200174499465641,0.212883672728563,0.215964611914206,0.201673736103038
"4",0.118236453101188,0.215652716120738,0.197123915534747,0.065664974536472,0.0983390502886998,0.0785969642320092,0.148204829094909
"5",0.0438039918856479,0.0978379992908231,0.0695566914278171,0.0154103779936971,0.018851491391061,0.0193366246199181,0.00190210633662613
