"","glmGamPoi (Pb)","edgeR (Pb)","limma (Pb)","glmGamPoi (cell)","Nebula","Devil (base)","Devil (mixed)"
"1",0.543283061324588,0.48492763667495,0.425770494613059,0.215752949793896,0.229105799258934,0.232669715261119,0.162303715223032
"2",0.301034999010621,0.281427680978964,0.283023248979728,0.0152589382944594,0.349875235299097,0.019177008137659,0.332604733936291
"3",0.568022502889969,0.540625981584949,0.482287230692344,0.936595793810247,0.978115930875758,0.937146529064205,0.950808960398352
"4",0.856450074586456,0.895602794067531,0.798995388716989,0.51257067792727,0.522938113794912,0.526379927626031,0.102111070338362
"5",0.190096510393914,0.228624162099681,0.261187598341304,0.00621972201321873,0.352454474174918,0.00878093027019713,0.314521652419738
