"","glmGamPoi (Pb)","edgeR (Pb)","limma (Pb)","glmGamPoi (cell)","Nebula","Devil (base)","Devil (mixed)","glmGamPoi (fixed)"
"1",0.00307601857162559,0.0105976112269588,0.00335602850438802,0.000194698885686461,0.0432163079873286,0.000226979686534765,0.0286109390447622,NA
"2",0.000658149914496356,0.00264176695706313,0.00801870745363357,3.2030073865528e-06,0.0138609095856776,4.64175067145742e-06,0.00069279550712405,NA
"3",0.00450032589300421,0.015076141494382,0.00704368569269749,0.000199892361915392,0.0227149766145855,0.000238756528285991,0.00547332848957962,NA
"4",0.000210944083068553,0.000712514636829642,0.000161057080251678,2.87364784905146e-05,6.82744648341983e-05,3.7051432396513e-05,2.23973845623882e-05,NA
"5",9.96747875565911e-06,6.31462402868626e-05,8.57666663662404e-06,5.99244307741728e-06,0.000228544464542497,8.33328993241581e-06,0.000125795279674339,NA
