"","glmGamPoi (Pb)","edgeR (Pb)","limma (Pb)","glmGamPoi (cell)","Nebula","Devil (base)","Devil (mixed)"
"1",0.00595175306078364,0.0122222921525878,0.0183106558141886,2.63456170265576e-11,0.0013340772833404,8.15811338104498e-11,0.000133008794051996
"2",0.0117915204754841,0.0236060785619119,0.0250995702336545,1.07101534447842e-06,0.00635447732697363,2.00790646847893e-06,0.00154403309015441
"3",0.000392991019335384,0.000974930102509489,0.000557355447265989,2.46339292354316e-08,4.86289220662308e-08,5.82658166540224e-08,4.8789618258559e-09
"4",0.00036215517695011,0.00120766796511058,0.00077843342727658,4.46929226522314e-07,9.57421991872452e-07,1.10061062901387e-06,1.30750396617138e-08
"5",0.0162934672343439,0.0430684817140081,0.0239728044093082,1.70575897941207e-10,0.00231462874800399,4.42769406073885e-10,0.00141385200737037
