"","glmGamPoi (Pb)","edgeR (Pb)","limma (Pb)","glmGamPoi (cell)","Nebula","Devil (base)","Devil (mixed)"
"1",5.08869910775661e-05,0.00205549123054048,7.38981932246255e-05,9.23617127210707e-06,0.108689452553489,1.10478600274176e-05,0.0914545727382936
"2",0.00110801644786034,0.00386217075778868,0.00759266825354954,4.08471272695663e-05,0.0306568376957771,5.16405698654568e-05,0.0123529437420127
"3",8.98323766697818e-06,4.52337148676985e-05,9.69506350492254e-06,0.000130945326703579,0.000706975364292909,0.000167499221724224,0.000872528900465001
"4",0.0030338021093121,0.0108066824421089,0.00219781957706861,0.0208253337768703,0.0386111327937998,0.0222586589563384,0.0375993151678686
"5",1.81681193316427e-10,5.30997118734696e-07,3.9710694216559e-10,2.01587555769259e-22,0.029445219442388,2.89492446894361e-22,0.0288681812868591
