"","glmGamPoi (Pb)","edgeR (Pb)","limma (Pb)","glmGamPoi (cell)","Nebula","Devil (base)","Devil (mixed)","glmGamPoi (fixed)"
"1",0.363329267340848,0.354383389467128,0.320287764485822,0.0122409131812683,0.0198470824422996,0.0211988743952256,1.23979500542371e-09,NA
"2",0.267125007395761,0.244674937326761,0.322909584442485,0.00665085888868,0.0118986037128084,0.0129800185888786,1.8499356976947e-07,NA
"3",0.589451742187716,0.665233832260454,0.597523360684522,0.0293982462376449,0.044499061154968,0.0464807847627996,0.00433907246612709,NA
"4",0.00235408428047398,0.00436072138879661,0.00151526993658062,4.30285633206636e-13,1.9976543434591e-06,3.04535291963686e-11,5.18081793593162e-05,NA
"5",0.79732317970584,0.80900053284293,0.544374114719332,0.104040682351876,0.122932545540261,0.124758218136869,0.0708362869971106,NA
