"","glmGamPoi (Pb)","edgeR (Pb)","limma (Pb)","glmGamPoi (cell)","Nebula","Devil (base)","Devil (mixed)"
"1",0.000160509404250341,0.0015565114940751,0.000163223092135808,2.55773781098921e-05,0.000419527327171282,3.24823472668154e-05,0.00138277843400731
"2",0.0339727196356864,0.0730189559541706,0.10147460033681,0.0187993088057161,0.0766048271595287,0.0204645007288441,0.0420240761213433
"3",0.117280666750997,0.148100093720512,0.202621558593093,0.0928535945476446,0.112270620092546,0.0976300917399348,0.117798693396875
"4",0.0777686439125999,0.162077643402851,0.145135314924664,0.0298516677359349,0.09519789718764,0.0320915469294826,0.0583552917392668
"5",0.000502815801998719,0.00243579793265911,0.000780148333741729,0.000507036528741578,0.000710369174498994,0.000622014075456214,0.000731759365289191
