"","glmGamPoi (Pb)","edgeR (Pb)","limma (Pb)","glmGamPoi (cell)","Nebula","Devil (base)","Devil (mixed)","glmGamPoi (fixed)"
"1",0.131454091874525,0.116974706045456,0.112158061288084,0.174047366424767,0.187763046626974,0.193107485208354,9.72987628876007e-08,NA
"2",0.0198835624983169,0.0255619477046675,0.0251281033912178,0.018767146134994,0.0230305552131476,0.0245147556212994,0.113936295683337,NA
"3",0.158623236952382,0.211249071303303,0.199548320420455,0.162523152642191,0.454411869781133,0.181084428765591,0.51172402055512,NA
"4",0.119703730609771,0.110452942701166,0.146250930093134,0.14684903880014,0.159830268010641,0.164570365392761,3.52200868762054e-06,NA
"5",0.0676835215495084,0.0717244825146494,0.0605999551827641,0.0769388967671914,0.103074264717206,0.0902997926546508,0.0819417834581762,NA
