"","glmGamPoi (Pb)","edgeR (Pb)","limma (Pb)","glmGamPoi (cell)","Nebula","Devil (base)","Devil (mixed)","glmGamPoi (fixed)"
"1",2.69653520567864e-05,0.000628719650758375,3.69547825193787e-05,8.59544891108692e-07,0.000669347534561233,1.09510696498262e-06,0.000302232619323827,NA
"2",0.00191260303606284,0.00853809562516602,0.00266863456966304,0.000221621462505088,0.00195736711198416,0.000255538397509077,0.00100742681740072,NA
"3",4.74339622238599e-06,0.000170391332025766,6.4183353190126e-06,1.28360909210046e-09,0.000292593520345871,1.89093525112536e-09,0.000768480717492858,NA
"4",0.265660650684835,0.296492587932729,0.0792154486243924,0.0131515479746683,0.17152602487515,0.0138701924734144,0.182291295496822,NA
"5",1.15531236087881e-07,3.86030372235141e-05,1.28489150883189e-07,7.34966493444219e-26,0.000418522644501724,1.7354212734225e-25,0.00139950186932589,NA
