"","glmGamPoi (Pb)","edgeR (Pb)","limma (Pb)","glmGamPoi (cell)","Nebula","Devil (base)","Devil (mixed)"
"1",0.161002592770809,0.162846937523932,0.18035463212701,0.179927630877573,0.194339019868636,0.201505771773001,0.0347117655380558
"2",0.0432830658222509,0.037414852459498,0.049525911619171,0.0410972771152991,0.0483721806642299,0.0502296118115025,0.000148238815098949
"3",0.684894726914212,0.663230926817731,0.39173263800301,0.695949610658277,0.695868522313671,0.706417906336989,0.770222623207971
"4",6.02978590835112e-05,3.82673322104061e-05,0.000147660444112622,0.00018062663639933,0.000330109354006731,0.000386644986892496,2.44793711978673e-19
"5",0.0349573620947754,0.0484823784188599,0.0381180049571036,0.0391712152420643,0.0464196663800185,0.0479136365747841,2.22921285860209e-05
