"","glmGamPoi (Pb)","edgeR (Pb)","limma (Pb)","glmGamPoi (cell)","Nebula","Devil (base)","Devil (mixed)"
"1",0.00396981025612969,0.0143081895414543,0.00474710365787397,0.0250915711350148,0.084030313496851,0.0289402740138111,0.20613072571945
"2",0.000383685536124829,0.00151195690931335,0.000341099377452836,0.00280366438846204,0.00748371891452624,0.00366418894649496,0.0207393550826301
"3",0.277590055406125,0.300491991746838,0.311823570613424,0.387853192641613,0.47318657785641,0.399946398427206,0.456532304691287
"4",0.0118409307549001,0.0222101451685206,0.0383173905838694,0.0105742035641235,0.0611634088155597,0.0132540560237149,0.448239136382849
"5",0.000264258728048382,0.000472633132299204,0.000210152548354727,0.000858717809334606,0.00328663895297679,0.00113064256045632,0.00340143685064296
