"","glmGamPoi (Pb)","edgeR (Pb)","limma (Pb)","glmGamPoi (cell)","Nebula","Devil (base)","Devil (mixed)"
"1",0.00273278971799695,0.0106799827786326,0.00583146021710565,1.30054296076156e-14,0.0013858086494558,8.27975095913614e-14,0.00054585696828812
"2",0.163515094629659,0.180895695404931,0.160508883822336,0.0175732611488065,0.0200715261554773,0.0204789138453952,3.10101534117277e-21
"3",0.724696159219417,0.693779467576103,0.661451890429597,0.335715959078807,0.346453602310373,0.348181420719306,0.0220902203030356
"4",0.0063107307827163,0.00849646817413499,0.00777263526939312,6.47405923659692e-05,0.000112357213705427,0.000124651020904079,4.75030275935704e-07
"5",0.00696051034677681,0.0521607508834517,0.012698395117197,2.41576704127046e-16,0.00150151123384606,4.40155730596073e-16,0.00114557851590661
