"","glmGamPoi (Pb)","edgeR (Pb)","limma (Pb)","glmGamPoi (cell)","Nebula","Devil (base)","Devil (mixed)"
"1",0.494233770051987,0.494203997143761,0.465573357447172,0.184857428030937,0.410619816096052,0.207463051666721,0.41317587473101
"2",0.517104664853334,0.526377672010058,0.542283903100683,0.198308788419306,0.2235003905478,0.227998686561673,0.0753206022168802
"3",0.0260420612567411,0.0318080640656375,0.016912403108449,0.000288098208443777,0.000611553038961742,0.000713253470702575,3.32058527624377e-05
"4",0.0956041824927238,0.107915322403567,0.136361252290207,0.0119485550905043,0.0464778974987935,0.0201457190844979,0.0707915358755884
"5",0.364627724574391,0.374730237550187,0.482288875067803,0.124415668009577,0.218804450294784,0.15707397780292,0.25892207235635
