"","glmGamPoi (Pb)","edgeR (Pb)","limma (Pb)","glmGamPoi (cell)","Nebula","Devil (base)","Devil (mixed)"
"1",0.00142931089271324,0.00418400551093104,0.0016265488250191,2.58860920441128e-08,0.000127443459168947,6.07985708272398e-08,0.00019098178991925
"2",0.153874074405105,0.209276219752901,0.155118619919089,0.00152711496207413,0.0176761232182842,0.0019277340989615,0.00986551910917696
"3",0.00516776611687532,0.0357565721955714,0.0105567883106347,1.05413226759416e-08,3.00597036044953e-05,1.96048405056751e-08,8.93526597643667e-06
"4",0.575709699359942,0.698671962083947,0.761031004650896,0.0218648942133493,0.0577128396452535,0.0238671027162634,0.0536506296378706
"5",0.149412978114399,0.189219464204419,0.0928207922829467,0.00110072992948555,0.00622812990655061,0.00141753638892007,0.00493138314245163
