"","glmGamPoi (Pb)","edgeR (Pb)","limma (Pb)","glmGamPoi (cell)","Nebula","Devil (base)","Devil (mixed)"
"1",0.937954777916414,0.941446474698338,0.855243689107573,0.985923301029702,0.870214408527604,0.986192123200404,0.989851641941286
"2",0.0934953054204865,0.13355863641746,0.0881430566920762,0.126631791969067,0.139704718571058,0.134323329691345,0.17124792811232
"3",0.0348899715445161,0.0609277017265811,0.0777790905428527,0.0474924140876016,0.0628057604854043,0.053711749180841,0.0556353509364126
"4",0.838677007154151,0.903589853219979,0.804105027927094,0.847890322815623,0.899030910236991,0.850508819497171,0.867484225348834
"5",0.539620032617152,0.518496981378512,0.917669506595571,0.761247512943534,0.586188975764585,0.76896024923544,0.909526065635358
