"","glmGamPoi (Pb)","edgeR (Pb)","limma (Pb)","glmGamPoi (cell)","Nebula","Devil (base)","Devil (mixed)"
"1",0.00591230996332322,0.00692220124741397,0.00312637423075681,7.50069435907674e-05,0.00285808181635601,0.00019836074401776,0.00555262420006961
"2",0.0014201043919382,0.00585311231352332,0.00227773528292345,2.04699094132217e-05,4.51788873863368e-05,4.86658216876817e-05,1.52341427757109e-20
"3",9.16948750149279e-05,0.000497057536633431,0.000166994606165062,1.95434945472242e-10,9.22956229545651e-07,1.57949140787665e-09,8.46741012962405e-07
"4",0.109561696019445,0.154308998868435,0.124311386308028,0.0920234169837351,0.109685128700832,0.111349215307092,0.125644903400574
"5",0.00954694510843419,0.00934868259475764,0.00170090982533932,1.41311952975009e-08,0.0101498746203099,5.70884228348576e-08,0.0267088577372052
