"","glmGamPoi (Pb)","edgeR (Pb)","limma (Pb)","glmGamPoi (cell)","Nebula","Devil (base)","Devil (mixed)"
"1",4.30224618695009e-07,0.000241010050590155,2.46970539000642e-07,6.44768659362553e-15,0.000224641153925795,2.06268863968829e-14,9.90188308542912e-05
"2",0.000752203343287442,0.0195859530121156,0.00147287321461463,4.99124316122193e-12,0.0419008676884233,1.60870272907939e-11,0.0234024108131111
"3",0.017656722200457,0.0357626523455113,0.0826822684097519,0.00048804831743279,0.0631984791966407,0.000763767586500348,0.0323002543818033
"4",0.0250645935551974,0.0488290973956003,0.0163935549486611,0.00819990692805117,0.026533884002843,0.0105030106082393,0.0369873346872129
"5",0.0202656731504966,0.0870249728131773,0.0122074972783243,0.000122417359882002,0.000155560475251316,0.000178142305176806,3.02642755751957e-05
