"","glmGamPoi (Pb)","edgeR (Pb)","limma (Pb)","glmGamPoi (cell)","Nebula","Devil (base)","Devil (mixed)"
"1",4.89978257693461e-06,2.69514095154591e-05,1.09752466962826e-06,3.75993414985786e-09,1.19740667229096e-07,1.02281987394476e-08,2.33984919725263e-07
"2",0.00643390064603272,0.0261792477121534,0.0158696129386515,8.41199169609126e-06,0.0243204923948876,1.15873804533936e-05,0.029600425629531
"3",4.54473902285058e-05,0.00123912865174412,5.8222992061029e-05,2.47411054531908e-13,0.00104153052598936,5.26759584688932e-13,0.00963661908904902
"4",1.48621764330042e-06,6.06070621425129e-05,6.14733847327565e-07,2.05082143626923e-19,2.82925176747895e-07,2.40932518390234e-19,7.4655689151591e-06
"5",0.0154341132000298,0.0322686942711857,0.0244391883099103,0.000527668798610388,0.0322138248478856,0.000614242996632765,0.0234128391210642
