"","glmGamPoi (Pb)","edgeR (Pb)","limma (Pb)","glmGamPoi (cell)","Nebula","Devil (base)","Devil (mixed)"
"1",9.03431964936234e-05,0.000209026537120985,7.46963243267652e-05,9.33882761656586e-06,0.000546481482215837,1.38042598547527e-05,0.00152018715837299
"2",0.00222056739274556,0.00502433959946396,0.0333221966080386,0.000504781877885269,0.0526369620514632,0.000776902822002634,0.261561860487246
"3",0.00909070637309221,0.045384684164128,0.00763955562225201,3.94465275833563e-07,0.299043496484225,5.12749357797777e-07,0.0735006971281841
"4",0.00904161838721136,0.0362116235745114,0.0242792863570184,0.0110133160070054,0.0812103683347373,0.0114749051047042,0.0927831008779726
"5",0.000395640728465343,0.00208511790139486,0.000172249539654865,0.00425165273879014,0.0159572164508398,0.00488058780427413,0.0275106259898943
