"","glmGamPoi (Pb)","edgeR (Pb)","limma (Pb)","glmGamPoi (cell)","Nebula","Devil (base)","Devil (mixed)"
"1",0.0770484021365566,0.0600759412159065,0.0309604750450432,0.301473553222866,0.628356372284824,0.303037086726211,0.836533128948284
"2",0.0987292100920378,0.0537876604894346,0.0383952742176528,0.289548309681727,0.300015019570308,0.306047073038432,0.202492229082913
"3",0.0284610237374012,0.0420297587358651,0.00862380438525715,1.76813252893287e-05,0.0244958670788497,5.96018225145505e-05,0.0890193877501901
"4",0.983501818341221,0.978951772782177,0.995918174546646,0.251389858788296,0.550927418145284,0.266339564011505,0.422687819065744
"5",0.158816516286815,0.171784592659103,0.0750452764478341,0.738885288109716,0.513426106521521,0.739006592493264,0.865707397058037
