"","glmGamPoi (Pb)","edgeR (Pb)","limma (Pb)","glmGamPoi (cell)","Nebula","Devil (base)","Devil (mixed)"
"1",0.0143079432236653,0.0511464285289766,0.0183049047711818,0.00248319537386612,0.00986882048124614,0.002961524606678,0.00467621127958785
"2",1.20771650950894e-05,0.00151553158763033,1.2848561254537e-05,4.21051799897907e-11,0.00783267502357791,7.26412058293397e-11,0.0188642365381953
"3",0.0315305303957253,0.0428276774462826,0.0402634652910276,0.000397119639223035,0.113822565468469,0.000509611553300215,0.05485799849862
"4",6.09093353457024e-06,7.28079260521518e-05,1.32116242630715e-05,6.70361436764092e-08,0.000161387721426141,1.18881980394622e-07,6.61145198257077e-05
"5",0.00309064223833533,0.010518857355252,0.00819232262725687,8.15489667661831e-05,0.0217736127663359,0.000113324521498335,0.00717562174719645
