"","glmGamPoi (Pb)","edgeR (Pb)","limma (Pb)","glmGamPoi (cell)","Nebula","Devil (base)","Devil (mixed)"
"1",0.000150938401590123,0.00127907315846682,8.3746248319941e-05,5.99100015446356e-06,0.00829070708752851,8.31053123893764e-06,0.00349752466633905
"2",1.113198173466e-05,0.00056176859312427,1.6285905304888e-05,1.2736073136261e-23,0.0133847718325155,2.00286220904082e-23,0.0744692990145092
"3",6.11567653498452e-05,0.000276589516871682,0.000729891044057977,3.62932285458171e-06,1.79597872745317e-05,5.46744489900611e-06,4.16224233692282e-05
"4",0.00168613594355762,0.00537938572033426,0.00365536164183142,0.000593316283328683,0.0119598086886675,0.000748004142036859,0.0132661811661787
"5",0.191213934277947,0.285768450351307,0.087217302237164,0.154330600276868,0.179514093526627,0.159633118760684,0.127551816328361
