"","glmGamPoi (Pb)","edgeR (Pb)","limma (Pb)","glmGamPoi (cell)","Nebula","Devil (base)","Devil (mixed)"
"1",0.273370122469402,0.23294082107462,0.242048011249469,0.0164889145313636,0.0210915183657538,0.0224159755984515,0.032366725331187
"2",0.767055709532898,0.71507384871625,0.832718266168272,0.239460681572036,0.258448124360026,0.263186960824014,0.0018066825786214
"3",0.126344742576193,0.0882447722530561,0.0760452141952805,0.00209064300110636,0.00304272439680874,0.0033978471202883,6.07297781734345e-05
"4",0.044750739952348,0.0261913803394781,0.0258787152806078,0.000103571111173885,0.000217901078323748,0.000264743845521153,2.24986312598675e-56
"5",0.103210157670281,0.0700206745794958,0.047575904157957,0.00364407910188968,0.00567773487232806,0.00624933650901738,9.09711612460046e-05
