"","glmGamPoi (Pb)","edgeR (Pb)","limma (Pb)","glmGamPoi (cell)","Nebula","Devil (base)","Devil (mixed)"
"1",1.29412566414801e-05,2.88325311656451e-05,1.09546801671576e-05,5.33331956234632e-10,2.65194104663092e-07,1.08945720879145e-09,5.98883348682953e-07
"2",0.0241996766406405,0.0723911240703508,0.0518460645955295,0.00744623717567141,0.0351822370110525,0.00824061433775686,0.0265961799113601
"3",0.0396880158759518,0.0502943751236106,0.0194287018327724,0.00604912872764676,0.0675513374178858,0.00680384839840724,0.0384767191870124
"4",8.2914690612864e-07,7.52924682979297e-05,3.46563201235017e-07,2.77116179093387e-19,0.000609387780097428,7.09256701950749e-19,0.00149186890552423
"5",0.0157067717360422,0.027566898752421,0.00396591409570065,0.000138472590929913,0.000172663942324379,0.000182227707784677,2.25767936133491e-05
