"","glmGamPoi (Pb)","edgeR (Pb)","limma (Pb)","glmGamPoi (cell)","Nebula","Devil (base)","Devil (mixed)"
"1",0.57417258004677,0.592610721649062,0.850026056809103,0.173461952070676,0.257334243561766,0.192960655408441,0.20502136934465
"2",2.52005625680915e-05,0.00666766724628833,0.00857032561754155,4.35709591552692e-25,3.19924213502159e-06,1.53353953873547e-24,2.97611837353616e-06
"3",0.243097080734614,0.325207812940245,0.462522046209603,0.0345698457949751,0.131557050229933,0.0435436462071949,0.0844145961897747
"4",0.299310732225096,0.241797121491799,0.194159681251044,0.642306159538851,0.642429140470021,0.655883208781985,1.60296077902701e-05
"5",0.530211576151961,0.511030526613936,0.851754186292224,0.168966032875913,0.340099524626275,0.187752611970334,0.296936258699193
