"","glmGamPoi (Pb)","edgeR (Pb)","limma (Pb)","glmGamPoi (cell)","Nebula","Devil (base)","Devil (mixed)"
"1",0.00216255012273871,0.0062856961949085,0.00385024463367313,0.00399629957299785,0.00491719698468035,0.00457081388427553,0.0129987008874414
"2",4.66968882531743e-06,7.89117277308245e-05,9.27925765538155e-07,8.95710704037708e-08,5.15419632103185e-06,1.46849477045526e-07,2.21002415564674e-06
"3",0.343743226892821,0.41851653026894,0.395638375733743,0.359631427110258,0.508221845390941,0.364363188218199,0.496898873348291
"4",0.013975060499446,0.0240003335834143,0.00830866532939481,0.0149008516639349,0.0233646110141535,0.0164216789534445,0.0253201066582935
"5",1.24630650236286e-07,4.62885532726104e-05,7.93615746419772e-08,1.44846536762476e-30,0.0160401944441745,2.82604116229408e-30,0.0361761589937283
