"","glmGamPoi (Pb)","edgeR (Pb)","limma (Pb)","glmGamPoi (cell)","Nebula","Devil (base)","Devil (mixed)","glmGamPoi (fixed)"
"1",0.02026767743272,0.0375532280682067,0.0360707437958687,0.0113221901758379,0.0118313989385251,0.0119946012099155,0.00680774957925939,NA
"2",0.0344751023202627,0.0799547705009083,0.0528345803887067,0.00840189548090885,0.270984850397132,0.00893406754148418,0.0911555795158904,NA
"3",0.296382798076076,0.32434878493525,0.263278552760064,0.0399159280088324,0.273029885130533,0.0415202176416918,0.32985128130167,NA
"4",6.7527050240145e-06,2.65881561002333e-05,1.272973542772e-05,1.91517793516387e-09,1.89720009884804e-06,3.53612161683894e-09,8.76482312638827e-06,NA
"5",7.30107161156879e-05,0.000100026046989772,1.18054905075335e-05,3.53478829553085e-05,6.42673629722333e-05,4.27722376082868e-05,6.60407421791893e-05,NA
