"","glmGamPoi (Pb)","edgeR (Pb)","limma (Pb)","glmGamPoi (cell)","Nebula","Devil (base)","Devil (mixed)","glmGamPoi (fixed)"
"1",0.00855056265466247,0.00565385338930701,0.00245089139632871,0.000363829357053632,0.000780672071505384,0.000476809173005948,0.000119275794842488,NA
"2",0.787980323157163,0.833561127330909,0.75607057337186,0.948129849717484,0.94945866857253,0.949192152625157,0.839576945657824,NA
"3",0.114452506762154,0.193209651378428,0.107901950266807,0.0502717052266435,0.0534608503759489,0.053109088592744,6.46673810528657e-06,NA
"4",0.149627972292057,0.159624334554917,0.127951602209555,0.0592506234710452,0.0578695420584153,0.0585810328088468,0.196377113907174,NA
"5",0.338448634153081,0.309754304331368,0.406757112705999,0.285498144445914,0.285517457885484,0.286597036053824,0.453180998495371,NA
