"","glmGamPoi (Pb)","edgeR (Pb)","limma (Pb)","glmGamPoi (cell)","Nebula","Devil (base)","Devil (mixed)"
"1",0.263249761840107,0.367344999143167,0.34034378838018,0.494678442947856,0.647538833555825,0.497847578120842,0.576006858667499
"2",0.0438224680716586,0.0869526762830853,0.0369715499984703,0.0567155787424898,0.0790078673785432,0.05986566207799,0.0836736735964271
"3",5.80786792569438e-05,0.00050939665105026,7.14267870191789e-05,1.28044645803153e-06,0.00711507271505498,1.79893464074006e-06,0.0062406593356057
"4",1.1902757287682e-05,7.41468315914154e-05,7.65655584274888e-05,5.38690434759079e-05,6.88271136686424e-05,7.35841556359579e-05,2.5734242222853e-06
"5",0.00417053609933377,0.0181108960204583,0.00324223667053622,0.0080997331014091,0.0105880574860577,0.00897020166266025,0.0145813626438266
