"","glmGamPoi (Pb)","edgeR (Pb)","limma (Pb)","glmGamPoi (cell)","Nebula","Devil (base)","Devil (mixed)"
"1",0.922447077872727,0.899915647217818,0.860093302582158,0.0214942814116475,0.0234135628753707,0.0244765816732415,0.0937303613842702
"2",0.00194007630516172,0.0120329378114549,0.0070917674017652,7.12456000658313e-31,0.0187394290029165,1.58434518478431e-29,0.0397784593591958
"3",0.000315175225757023,0.00282659277130701,0.00157582984786279,1.48383945341389e-23,0.00243062459119344,7.79380898697941e-22,0.00810683249360175
"4",0.0399383286225328,0.104772081774616,0.0691485859140912,2.10288727755761e-14,0.00487304831271595,1.23669995003491e-13,0.0103651985589313
"5",0.0266935981898273,0.0807541406774548,0.0542643383782936,5.54241591373796e-26,0.119143148187436,5.23960039392245e-25,0.127387780719611
