"","glmGamPoi (Pb)","edgeR (Pb)","limma (Pb)","glmGamPoi (cell)","Nebula","Devil (base)","Devil (mixed)"
"1",0.766834957780953,0.748156783262397,0.781693671582183,0.219480392263289,0.230790467316361,0.235510560122519,0.00291153800773274
"2",0.00488539867475789,0.0025801796981389,0.00104275131789467,0.0385858877496938,0.0481167357289875,0.0509720585933869,0.0288388999309359
"3",0.222372273850405,0.18700314959112,0.121059366125642,0.583453230073104,0.600320282649577,0.599211557856698,0.632685076393629
"4",0.0298652818156695,0.0144209519414025,0.0180403434688724,0.0894141726208302,0.283173136455538,0.113991417802152,0.218613086211608
"5",0.0252974544761087,0.127514477492345,0.00248097617212449,0.881003503372285,0.56034463728272,0.884059414739234,0.965385901642165
