"","glmGamPoi (Pb)","edgeR (Pb)","limma (Pb)","glmGamPoi (cell)","Nebula","Devil (base)","Devil (mixed)","glmGamPoi (fixed)"
"1",0.00265036880534863,0.0112531828159107,0.0123104843571952,0.000257502192387989,0.0123065969455499,0.00031339132316126,0.00997091853456138,0.0265347231258822
"2",0.00305623846968625,0.0178997917940624,0.00899381695416408,0.000989844678460711,0.0201809834367757,0.00114916358384112,0.0396353136965373,0.15374669840198
"3",7.08043389060934e-06,0.000117313612500825,1.41584589841721e-05,4.62249183951123e-08,2.85648247754034e-05,8.20588853671699e-08,5.1888464832464e-05,0.0387881478786757
"4",0.158100240474381,0.216922907446062,0.199231564319438,0.032422446501317,0.0403850396800305,0.0342004939251617,0.0383980752147115,0.0952107523216217
"5",0.0135687018442341,0.0311631459499822,0.0120633671070671,0.00522933049779618,0.00569595156887718,0.00583749092704213,0.0013623762282532,0.160933092791345
