"","glmGamPoi (Pb)","edgeR (Pb)","limma (Pb)","glmGamPoi (cell)","Nebula","Devil (base)","Devil (mixed)"
"1",0.0207229307496842,0.0281720545917903,0.0267607290954824,0.126931349267876,0.122926700124314,0.131704275286133,0.168961967602304
"2",6.1968196903921e-12,2.32501564147389e-06,8.18189874263275e-12,3.52935353054576e-22,0.0271657183181746,4.26831028926215e-22,0.0407029517254429
"3",0.854941372776878,0.875726710149062,0.446833808416213,0.79427479817966,0.775700801338936,0.800562129971361,0.838752302596447
"4",0.624703523961102,0.69362201328808,0.449404950204219,0.13866486877421,0.650710494159859,0.146237559608189,0.554576526744095
"5",0.00023843165244966,0.00129139817786384,0.000157187115595846,1.7880665381246e-05,2.257138587933e-05,2.59470355927046e-05,1.04399656479288e-06
