"","glmGamPoi (Pb)","edgeR (Pb)","limma (Pb)","glmGamPoi (cell)","Nebula","Devil (base)","Devil (mixed)","glmGamPoi (fixed)"
"1",0.100094233072791,0.112244197832959,0.0944178476342581,0.496212667592503,0.598988933389757,0.509667670749431,0.631426843241072,NA
"2",0.0124607993245662,0.00817408697633138,0.0064999368296081,0.39330833565165,0.402858560924439,0.405254481571287,0.257776082267099,NA
"3",0.000243240341310807,0.000171446627762571,0.000158489781244869,0.00586732872428747,0.00728486936723327,0.00765083371275111,8.81274757390036e-13,NA
"4",0.0243323939976009,0.0281978124674818,0.0150481444818732,0.508415612056949,0.521208652249689,0.521436390507697,0.584352824757324,NA
"5",0.152291863146451,0.14114872286214,0.0884891671420892,0.700244304441086,0.703528737541755,0.704491083543675,0.240898268265985,NA
