"","glmGamPoi (Pb)","edgeR (Pb)","limma (Pb)","glmGamPoi (cell)","Nebula","Devil (base)","Devil (mixed)"
"1",0.00162752319880065,0.00849928488259859,0.00143483789961851,1.42890674443034e-05,0.0204680048061448,2.07697957720524e-05,0.00417751797821483
"2",3.43383313044615e-06,3.96933733856605e-05,3.07926410140197e-06,4.70603181132008e-16,0.0022837414944231,1.68720958139317e-15,0.00067825264210398
"3",1.65806386432964e-05,0.00149663150469048,1.57596902460972e-05,1.85787781767417e-13,0.0184902391414303,4.05676982408884e-13,0.00145087797175235
"4",9.53929575378837e-06,4.85951702856875e-05,5.73420821261772e-06,2.5547625982633e-08,8.46746167478186e-05,5.54552759948404e-08,3.08192450143208e-06
"5",0.000468497348560435,0.00203106618485994,0.000179231360099655,9.77421593337152e-05,0.00296899695025189,0.000133315800961721,0.000357965774962594
