"","glmGamPoi (Pb)","edgeR (Pb)","limma (Pb)","glmGamPoi (cell)","Nebula","Devil (base)","Devil (mixed)"
"1",0.0407299467577953,0.0573119340544373,0.027612460869688,3.48949248841231e-08,1.17597946838746e-07,1.5819744497309e-07,3.81124289961554e-18
"2",0.969053843424286,0.992226462808011,0.981066827945806,0.0149606073213708,0.0198149547520986,0.0205296284255788,1.70503904785243e-05
"3",0.0593015908460574,0.0498947312921963,0.0686619344478021,8.85510335833635e-05,0.000182403302195683,0.000192297437985431,4.88832826222355e-68
"4",0.028429848797417,0.0627651479983275,0.015528315702327,6.50533407097688e-24,2.4680114105158e-10,9.6825378436783e-23,8.1754775315254e-10
"5",0.00516437930489744,0.0198202863749439,0.0601892755087012,3.74067629468202e-06,0.160922576752848,1.34078064783596e-05,0.313499931358509
