"","glmGamPoi (Pb)","edgeR (Pb)","limma (Pb)","glmGamPoi (cell)","Nebula","Devil (base)","Devil (mixed)"
"1",0.291637490377364,0.344685342319651,0.685216801694345,0.473894259495157,0.499386121791721,0.479565736707905,0.508757681112018
"2",0.00709749676724463,0.0127345376110208,0.0249200849458005,0.0242945807177204,0.0271636508147754,0.0273176828474638,0.0181217939626358
"3",0.0684513382552084,0.119916879265045,0.0295607690258932,0.199305843516705,0.287100882790198,0.210192068194272,0.405888033489258
"4",0.00316653656732709,0.0076105258167064,0.00214042820106654,0.00469328178452609,0.0106743150538827,0.00569242706098868,0.0159441553085997
"5",0.194131362668003,0.245127753181682,0.275635539236225,0.425125505933408,0.43620085512056,0.432104534113668,0.467726447352634
