"","glmGamPoi (Pb)","edgeR (Pb)","limma (Pb)","glmGamPoi (cell)","Nebula","Devil (base)","Devil (mixed)"
"1",0.0116129151272632,0.0205330233141477,0.0131293568137161,0.0184219936128638,0.0796978007872281,0.0206174746389891,0.076292725546792
"2",0.00282953940149339,0.00461152039879683,0.00185401514602923,0.0020520076177892,0.00392068453853685,0.00226085146380804,0.00110107130929896
"3",0.149190619058527,0.195912993083997,0.274227142509965,0.27927610348927,0.43534340836538,0.287719436779138,0.487564660106964
"4",0.0478493086341964,0.0669691505264234,0.064516884540807,0.0459432716930723,0.0886311800799369,0.0497020719927257,0.109503324974031
"5",2.78413517879495e-06,2.59081982611186e-05,1.52135679826958e-06,5.49471551962644e-08,4.80181161066223e-05,9.9190807912005e-08,7.61966790021114e-05
