"","glmGamPoi (Pb)","edgeR (Pb)","limma (Pb)","glmGamPoi (cell)","Nebula","Devil (base)","Devil (mixed)","glmGamPoi (fixed)"
"1",0.866040973292645,0.854965878336384,0.82558593980161,0.249169697038463,0.750665702896849,0.264220085339203,0.484749123666961,NA
"2",0.000251628350587583,0.00185373194926666,0.0007848835058785,1.24790934198187e-37,0.0183737043145021,8.7707089243868e-37,0.110831210125607,NA
"3",0.0438327717656166,0.0566767214579161,0.0525773601123975,0.016769433395546,0.10731260355258,0.0213443350674575,0.246281265667562,NA
"4",0.256011428072073,0.212866733282115,0.140604515687462,0.216489412783343,0.230948143171441,0.231649350288061,0.0743391020181644,NA
"5",0.0408500362138553,0.144507683840149,0.127109204537225,0.00908640842920805,0.343932756352452,0.0100148408227953,0.673884241997578,NA
