"","glmGamPoi (Pb)","edgeR (Pb)","limma (Pb)","glmGamPoi (cell)","Nebula","Devil (base)","Devil (mixed)"
"1",0.128205065691563,0.184567647379385,0.0935136560172438,0.299010622654654,0.311362218940054,0.312417466947337,0.158633155847629
"2",0.204358757049196,0.191361588793782,0.132268069763919,0.819589689566273,0.59625716957959,0.824538569904275,0.898532929529506
"3",0.0185085596195817,0.0213250722896767,0.0148471942271607,0.0870395439860121,0.216529514068648,0.0973661528908065,0.386561919075469
"4",0.623276052212254,0.58749316870113,0.595730348370557,0.645309458010685,0.889473793879549,0.653744682508901,0.82546141886748
"5",0.457913062918032,0.546181476224201,0.436148650030664,0.686471377798357,0.781518764517818,0.69392050071916,0.761498372091301
