"","glmGamPoi (Pb)","edgeR (Pb)","limma (Pb)","glmGamPoi (cell)","Nebula","Devil (base)","Devil (mixed)"
"1",0.0141538081642129,0.0475106912322023,0.00909303612450549,0.00265601054406755,0.0181868003829618,0.00318590479868911,0.0152793766039279
"2",0.00811007646444421,0.0171377733275475,0.0384932068880194,0.00112394847014079,0.0040803449357097,0.00146439251764628,0.00930021425868881
"3",0.194137841695481,0.22927747568747,0.203437359022041,0.0840668186781599,0.164261757320561,0.0894982436973093,0.217031676970667
"4",0.000160061069228602,0.000565246269838291,0.00010228347303229,8.38871576892484e-08,0.00025027716839863,1.69724469594231e-07,8.99627109655545e-05
"5",0.0352196728735735,0.103103343447182,0.0608658119922235,0.00649638569261232,0.0995423763589292,0.00759240174746811,0.0387412342060285
