"","glmGamPoi (Pb)","edgeR (Pb)","limma (Pb)","glmGamPoi (cell)","Nebula","Devil (base)","Devil (mixed)"
"1",0.776994076424048,0.754538617012095,0.798447607924341,0.281437840907634,0.287143501192307,0.293727208184679,0.305440231409914
"2",0.0438276310985211,0.0328688180940908,0.0211539267696933,0.547772984831972,0.555199592444502,0.558079949728192,0.609164173281623
"3",0.2562587744486,0.216450235373965,0.0704448892439153,0.583979051542385,0.592851427498711,0.595109462736666,0.305650067850538
"4",0.0376543823490928,0.0764594558035848,0.0254859663306607,0.192553151889107,0.212547929619555,0.216725840525963,0.190506317909276
"5",0.112449225856409,0.0538027373715576,0.0373310938625001,0.505130044792449,0.524653158716629,0.528762364423065,0.47712220908374
