"","glmGamPoi (Pb)","edgeR (Pb)","limma (Pb)","glmGamPoi (cell)","Nebula","Devil (base)","Devil (mixed)"
"1",0.230904595297981,0.253046847673755,0.266833958827896,0.408016687559038,0.589194853536946,0.427339264619835,0.589538300225195
"2",0.128219546638704,0.0982110884200117,0.0547628339778333,0.186704748977971,0.492948809514114,0.198398861671233,0.430037778786328
"3",0.786231637834418,0.869114190877069,0.97821094412065,0.784281039240789,0.73090770346155,0.794113993014337,0.850261214451916
"4",0.841601716177432,0.806204440198718,0.909306411780684,0.354389805762784,0.373793227343105,0.379060864811216,0.483480913631237
"5",0.0309454146319079,0.0426337056731372,0.0280607353991018,0.0244736274767801,0.317048485933766,0.0321514785549852,0.267278607256933
