"","glmGamPoi (Pb)","edgeR (Pb)","limma (Pb)","glmGamPoi (cell)","Nebula","Devil (base)","Devil (mixed)","glmGamPoi (fixed)"
"1",0.0311458025993185,0.0385163002920237,0.0647743872705507,3.4703079637333e-08,0.0100362676114585,6.93968711556281e-08,0.000930260871786008,NA
"2",6.52749824377082e-06,0.000210557324214913,5.31540628450038e-06,6.71184500792431e-18,6.89027083752511e-07,2.96148395996206e-17,3.50674525288285e-07,NA
"3",0.000399570213685623,0.00154938545827102,0.000374214396291018,2.22466638048259e-07,3.73122925511286e-07,4.16633423002004e-07,3.94061408435074e-07,NA
"4",0.000311241875219564,0.00192510058440526,0.00121294568055434,6.32859170754043e-09,0.000540537429371638,1.60030602834565e-08,1.92848283456445e-05,NA
"5",0.0352123796954845,0.0962149051945248,0.130730138997569,0.000302934027010687,0.00455334553517587,0.000376420670675941,0.00123021492648804,NA
