"","glmGamPoi (Pb)","edgeR (Pb)","limma (Pb)","glmGamPoi (cell)","Nebula","Devil (base)","Devil (mixed)"
"1",7.67135373175595e-05,0.0015901070291481,1.8835078287943e-05,1.39514829828094e-06,0.000597673582421004,2.48090416926258e-06,0.00128995733469265
"2",6.85303225337773e-05,0.00210247111744503,3.44803386255966e-05,1.57003338395724e-07,0.00187138254714952,2.72605427759617e-07,0.00831382377288052
"3",8.64224409027567e-05,0.00199715950752524,0.000159370902030938,1.23320389855513e-09,0.0117835888413266,2.65951370106019e-09,0.024006465008673
"4",0.224001668495777,0.337308181373422,0.26248470094049,0.426661640732661,0.339423843908868,0.436656826274956,0.58219214071181
"5",1.71326309216808e-06,0.000287656082915851,2.13943147307576e-06,1.09394598760845e-13,0.00026252464132091,2.53437706500246e-13,0.0169074515429731
