"","glmGamPoi (Pb)","edgeR (Pb)","limma (Pb)","glmGamPoi (cell)","Nebula","Devil (base)","Devil (mixed)"
"1",0.00281037517328027,0.00795969694576124,0.00728832038938087,0.1774701923641,0.181325197125519,0.181881436316719,0.161413635065878
"2",0.191127035648667,0.285309649310559,0.148725851710446,0.0125648803100937,0.511769896805445,0.0134399832880977,0.215331827430217
"3",2.08864712193974e-05,4.91333380174611e-05,3.97878679071676e-06,0.00447429193805338,0.00486074282370363,0.00498674459412716,0.00300244752008938
"4",0.000552340220531983,0.00350931974010127,0.000560978863696529,0.376022857605242,0.321482051490347,0.381328252273013,0.450297888494231
"5",0.0071803769131487,0.107121554133409,0.00443835304857967,0.207061351878449,0.648658445827089,0.210172998646028,0.381728270885647
