"","glmGamPoi (Pb)","edgeR (Pb)","limma (Pb)","glmGamPoi (cell)","Nebula","Devil (base)","Devil (mixed)"
"1",0.0990120219438985,0.11214253172646,0.0677308787629737,0.153000617530838,0.162663549540925,0.165068057877996,0.129667082017318
"2",0.720757656861122,0.751567234750861,0.758341156319019,0.394979338770011,0.641583326283287,0.4078760234955,0.648422459973793
"3",0.000702834674123021,0.00302412345508938,0.001589090738621,0.00017783789236261,0.00872208929013542,0.000315087615574725,0.0279676993544864
"4",1.48256450089191e-05,0.000970659048440172,0.000195659624669115,6.18450823095679e-11,0.000814434651529875,3.96848826506685e-10,0.00634359125811375
"5",0.243561036421606,0.254487010686002,0.208523576045492,0.534767564814544,0.548441990720185,0.551935968333373,0.491166232875418
