"","glmGamPoi (Pb)","edgeR (Pb)","limma (Pb)","glmGamPoi (cell)","Nebula","Devil (base)","Devil (mixed)","glmGamPoi (fixed)"
"1",0.365095057992783,0.290514197354278,0.294968894536255,0.199151680102041,0.2051278819961,0.209041707547643,0.020978496183158,NA
"2",0.00975639984187145,0.0227053854707374,0.0106851833541894,0.000288339370199944,0.000531913692913049,0.000619856022455756,1.48556099701893e-14,NA
"3",0.0698241739675267,0.0931937606347161,0.0894626929067571,0.0206357806716487,0.025647633466269,0.0272496883149585,0.00488416389300977,NA
"4",0.146195896707422,0.259269371704347,0.277693755632652,0.013063657762084,0.0139572951225518,0.0145754540777412,0.0307445802495314,NA
"5",0.698436404142242,0.642066635856552,0.616487690655016,0.883894967670478,0.888246046869658,0.88936435791638,0.901110714973996,NA
