"","glmGamPoi (Pb)","edgeR (Pb)","limma (Pb)","glmGamPoi (cell)","Nebula","Devil (base)","Devil (mixed)"
"1",0.218114515742522,0.214811340642326,0.0637458684827519,0.0159243723691432,0.0197452822905667,0.0217268862642246,0.00211812280951612
"2",0.476495744028605,0.454622938230929,0.369206020149225,0.0443878816026157,0.0515146039773301,0.0537831788955597,0.0339683895460711
"3",0.446248732320967,0.463473619554328,0.296960652986215,0.0494594593357909,0.0608363196136675,0.0644881566753938,0.0890996381683673
"4",0.315417218371069,0.343954003071913,0.159619650730127,0.41458469387586,0.647966724472204,0.419755002346724,0.453719280553691
"5",0.488187185423963,0.473259778546929,0.518745817478795,0.0118786272159262,0.21546318784858,0.0152436375424829,0.194920446048241
