"","glmGamPoi (Pb)","edgeR (Pb)","limma (Pb)","glmGamPoi (cell)","Nebula","Devil (base)","Devil (mixed)"
"1",0.0677924024263261,0.0541132772022112,0.104783162184834,0.0278672709072215,0.150837251091624,0.0330593603661305,0.177652216823606
"2",0.0156539201773065,0.0113244248604258,0.00479390648387932,0.00374083548218538,0.00477541177633318,0.00553325182333728,2.91027242132069e-06
"3",0.0461569821361552,0.111137091196278,0.0431037443057203,0.00912827642294548,0.00970888791506163,0.0107073061385079,0.0207293039391594
"4",0.00951849181065386,0.00356061980660141,0.00508529987164504,0.00170240924041779,0.00235237534310142,0.00285788733529698,8.22923801801062e-35
"5",0.31346999725026,0.370150771714872,0.224000081728064,0.200799196927265,0.207267526599284,0.21425715745639,0.185950234541196
