"","glmGamPoi (Pb)","edgeR (Pb)","limma (Pb)","glmGamPoi (cell)","Nebula","Devil (base)","Devil (mixed)"
"1",0.0440295003472441,0.0893927377094109,0.0347154932336811,0.128994088279567,0.152639213738837,0.140493938045804,0.212757624739846
"2",0.000730494406540272,0.00781336403209452,0.00130233969548654,1.14091795383005e-21,0.0179473476115476,1.15050340185488e-20,0.0332756896507412
"3",0.0040404827129825,0.00993218776331954,0.00794717309646905,0.00182652855889407,0.0285993764827639,0.00249743179596051,0.108749733923631
"4",0.427217632264417,0.462103282994673,0.62532598428548,0.508455297941875,0.540074254626157,0.517302038420829,0.585882888027708
"5",0.013993649469704,0.0414172665589103,0.0192302838600086,0.0370886557503148,0.0678885985346961,0.0431546199246608,0.112364990774645
