"","glmGamPoi (Pb)","edgeR (Pb)","limma (Pb)","glmGamPoi (cell)","Nebula","Devil (base)","Devil (mixed)","glmGamPoi (fixed)"
"1",0.00364245993842346,0.0143579605646935,0.00248078140185097,1.11572383756457e-08,0.021709225592275,2.12824367582407e-08,0.00433887903164738,NA
"2",0.000111686556174269,0.000391354197890971,0.000203596568478328,5.88972171620904e-08,0.000359350470961228,1.18677128016485e-07,2.397941790191e-05,NA
"3",0.000742294574594155,0.0104858860091286,0.00123781218465992,4.6253908382152e-08,0.00723989278302154,7.29346945120592e-08,0.000899911191148426,NA
"4",0.212986542696072,0.342119286803803,0.159227580971906,0.0417551564155154,0.290282764986,0.0450686275713504,0.163908102011292,NA
"5",0.000913526240839329,0.00209790785195423,0.000667647376068231,4.30878452142904e-18,0.00218334306169817,1.91219633735892e-17,0.00185272506829162,NA
