"","glmGamPoi (Pb)","edgeR (Pb)","limma (Pb)","glmGamPoi (cell)","Nebula","Devil (base)","Devil (mixed)"
"1",0.135987747895916,0.118312180782249,0.102313541419039,0.173568156586449,0.202892870977953,0.205362812875798,0.213230062786889
"2",0.0582210413084708,0.0850032858581985,0.0375618899620098,0.202046510649027,0.251805103083392,0.2233022880756,0.439402205591348
"3",0.0849634500763464,0.0846153422934857,0.0757662572850311,0.138964212856786,0.164006594519263,0.166728945263225,0.048647967604936
"4",0.817091351445699,0.84088268409461,0.686798682571167,0.341626091802269,0.358735546585637,0.362052084696451,0.288452608402999
"5",0.112676199839557,0.0739981469133877,0.0646475626196081,0.207249589725567,0.239116771515857,0.244351931704287,0.00208253247554774
