"","glmGamPoi (Pb)","edgeR (Pb)","limma (Pb)","glmGamPoi (cell)","Nebula","Devil (base)","Devil (mixed)"
"1",6.23577227787857e-05,0.000573030130036913,0.000261825255543058,2.33079714007496e-87,0.00385552142342751,1.372830735757e-89,0.00578973971823361
"2",0.00765989404702758,0.0120883064499354,0.00608513614906922,1.20304454474358e-13,0.0266314704172727,1.61280702433956e-12,0.0468565025553257
"3",0.503022366608932,0.524429323015328,0.544901348414351,0.0225809299110206,0.0663030131137027,0.0278212563964207,0.171424762609519
"4",0.00334765193424332,0.0144138635299944,0.00571344894442744,2.05111101283324e-12,9.45772301044125e-06,1.17620412495531e-11,0.000368082938938502
"5",0.119960120795332,0.0806930815941672,0.053230017903792,0.000751756486969584,0.00112387990377626,0.00121811365322555,0.0674817481595612
