"","glmGamPoi (Pb)","edgeR (Pb)","limma (Pb)","glmGamPoi (cell)","Nebula","Devil (base)","Devil (mixed)"
"1",1.82058324358597e-07,6.10960178363774e-05,4.62606903258978e-07,3.74849145445932e-11,0.00338329690345077,4.93598897074345e-11,0.0168676015223582
"2",0.00106435336083484,0.0303100636709061,0.00369568651350858,0.000400740026817549,0.0911715669003208,0.000433861073498258,0.148339425425005
"3",0.00247645856515309,0.0148368556706124,0.00248095728577376,0.00342092766514224,0.073368198080406,0.00362511716353903,0.152514253885346
"4",0.00112578568299382,0.0269735463451916,0.00185560585012125,0.0174810470212297,0.161113275150721,0.0182006374572333,0.335041309861708
"5",0.021338587121458,0.0829971411112701,0.0279877174004373,0.0850888173459398,0.295234401130563,0.0873200954645298,0.450746585961808
