"","glmGamPoi (Pb)","edgeR (Pb)","limma (Pb)","glmGamPoi (cell)","Nebula","Devil (base)","Devil (mixed)"
"1",0.979568695412803,0.995016498672172,0.918631487771945,0.464498282327776,0.4773373008106,0.487309743677254,0.39226095607831
"2",0.365531054622699,0.315187714406213,0.33691176432795,0.852154623416718,0.855418832831654,0.859299469084256,0.726047672990713
"3",0.185914685305012,0.330050611422351,0.206628802959703,0.00029002567563668,0.0013614187909214,0.000543418117537009,0.00650529151409545
"4",0.0119950982268271,0.00613340453124313,0.00438027629110056,0.0590392082843315,0.0719140543466455,0.0755730824679724,2.22255237686043e-05
"5",0.00256823985527662,0.0116939758676833,0.000513310500267076,0.125769850233452,0.25769613552007,0.128023556845699,0.40841914525464
