"","glmGamPoi (Pb)","edgeR (Pb)","limma (Pb)","glmGamPoi (cell)","Nebula","Devil (base)","Devil (mixed)","glmGamPoi (fixed)"
"1",0.0117661535792256,0.0234445132672388,0.00985209932225793,0.00283197951302122,0.0178138256891968,0.00323852515867288,0.0545009463241476,0.139608569916137
"2",2.97219143890371e-06,0.000530300812617719,1.67104892434562e-06,2.43771911487342e-25,5.65949921213541e-05,6.5854168817136e-25,0.000153866776476695,3.29831898959733e-05
"3",0.00168813776796832,0.00689888353144168,0.00148063301436656,0.000146313964848778,0.00747614790205045,0.000181696530104834,0.0251828107423878,0.0206546824879334
"4",4.63627899414327e-05,0.00186648065264037,2.63241243959064e-05,9.13904631453952e-49,0.000235062865544345,2.70883399433615e-48,0.000899293780571247,8.75317528717185e-16
"5",0.000401050540515965,0.00598045750103929,0.000538192497306406,2.13049579614514e-05,0.00449507116924189,2.69155144513362e-05,0.010389945412636,0.00576995086000438
