"","glmGamPoi (Pb)","edgeR (Pb)","limma (Pb)","glmGamPoi (cell)","Nebula","Devil (base)","Devil (mixed)","glmGamPoi (fixed)"
"1",0.191968722513766,0.142473190954459,0.051993729927575,0.731447799876867,0.973393570911162,0.739005821269754,0.830960417069102,NA
"2",1.10352905194083e-05,0.000380726722329122,0.000408252319477331,5.16626963416171e-07,1.15213368692137e-06,1.27212945067832e-06,0.000533970403402179,NA
"3",2.14260502432377e-05,0.00021774395593464,0.000200203894821056,8.18228287457514e-06,0.0876205386627567,1.38682510293261e-05,0.169564847460136,NA
"4",0.0495226776203302,0.0648536388105002,0.0287807761446523,0.814855931419093,0.820442582493382,0.822060511980601,0.850598659080381,NA
"5",0.000122807061856168,0.000321349610336714,0.000214997004249106,4.87873068757876e-05,0.13830533901791,6.62796055220932e-05,0.256454020923672,NA
