"","glmGamPoi (Pb)","edgeR (Pb)","limma (Pb)","glmGamPoi (cell)","Nebula","Devil (base)","Devil (mixed)"
"1",0.000230841849596923,0.0039319653587089,0.000309610992655535,3.43498282332011e-08,0.00105753011974795,5.64670607322558e-08,0.00632705535317525
"2",0.00278298012067458,0.0107248757532287,0.00503697501426915,3.78471157824193e-10,1.17270761174627e-07,7.73822181450602e-10,3.65396740605635e-07
"3",0.00624958721925746,0.0248859373053488,0.0075572297614763,0.00149674132732545,0.00173079734517837,0.00183962406241862,0.00289401043925511
"4",1.80291174615723e-10,4.11890490249595e-07,2.08324935951854e-11,5.38303652306518e-42,5.47524171233602e-06,3.88278431024565e-41,0.000213663135831503
"5",0.00096761478547316,0.00265616401256951,0.00555883200924596,1.08643467231514e-32,0.00104869365523988,1.96325840574184e-31,0.000719832892686683
