"","glmGamPoi (Pb)","edgeR (Pb)","limma (Pb)","glmGamPoi (cell)","Nebula","Devil (base)","Devil (mixed)"
"1",0.114285543763934,0.136121523692668,0.230362360301679,7.53561990459642e-05,0.0430974728088586,0.000103018126037639,0.00236828581095752
"2",1.7913749121275e-06,0.000574993374440139,2.35473903367454e-06,1.63981852294767e-30,1.52743017426172e-08,1.5798785459473e-29,4.93377633597411e-11
"3",0.00495864470747003,0.0135579506980392,0.00145030996033189,1.67842771540574e-05,2.41010682971975e-05,2.71871010551059e-05,1.28041362523789e-05
"4",0.00453001687167929,0.0317216651165812,0.00331885227379506,2.06659804813934e-08,0.000185279479478313,4.59702190506543e-08,0.000404423292833295
"5",2.36420381321153e-06,5.79474058365022e-05,2.73833645555719e-06,4.941759578275e-21,5.62613686923612e-06,4.29928315798034e-20,9.97808510052123e-07
