"","glmGamPoi (Pb)","edgeR (Pb)","limma (Pb)","glmGamPoi (cell)","Nebula","Devil (base)","Devil (mixed)","glmGamPoi (fixed)"
"1",9.11046844726172e-07,1.68270437441229e-05,6.01269736652288e-07,1.01825853956495e-12,4.71971441037981e-06,1.80626418793365e-12,2.11291082355727e-06,NA
"2",8.79927327686686e-05,0.00797591809487011,0.000125795453374502,4.56499341276787e-06,0.00264487395606778,5.24915878501174e-06,0.00358906029781428,NA
"3",0.00285073968217707,0.0201985968596832,0.00241975691271086,2.83061354492328e-33,0.0731658358955373,4.52087046348572e-33,0.0434115237468023,NA
"4",0.000121110221342204,0.00290919840502965,0.000127735964179517,6.01196507092202e-07,0.00244751984921691,7.19842203353468e-07,0.00111587022385559,NA
"5",3.63656759074622e-08,2.18279456721122e-05,2.16018853837605e-08,1.2964064227229e-30,0.000744861572652997,2.20270641739401e-30,0.000502644823262921,NA
