"","glmGamPoi (Pb)","edgeR (Pb)","limma (Pb)","glmGamPoi (cell)","Nebula","Devil (base)","Devil (mixed)"
"1",8.56193691951531e-05,0.000669607929146033,7.71330676921373e-05,1.46593970192165e-11,7.27925326052957e-07,3.09095872368446e-11,1.50089289516891e-06
"2",0.00221138751443149,0.00872138459430334,0.00692926217326993,4.03189995219239e-06,0.0132617083119035,5.71419227181091e-06,0.0257002632059883
"3",2.85629914381069e-07,8.34999980417139e-06,3.81250341420059e-07,1.76611666911789e-18,6.26643356358458e-05,6.83447885501646e-18,3.77966057945564e-05
"4",0.0682258222476314,0.18331580998389,0.0695547770953328,0.0449176344608871,0.104802912896029,0.0472171352674471,0.104574505619338
"5",0.000326099654370507,0.00522289147457881,0.000225020399648929,8.13404333482297e-08,0.00508247039724889,1.23180889457511e-07,0.0030748039946108
