"","glmGamPoi (Pb)","edgeR (Pb)","limma (Pb)","glmGamPoi (cell)","Nebula","Devil (base)","Devil (mixed)"
"1",0.488154839639939,0.438499575205056,0.470283870355449,0.843676319830076,0.746273431721529,0.852314050991309,0.888771024521433
"2",4.29747784889859e-06,0.000388923711399239,0.000214678275825548,5.6639108757776e-08,0.0702614291190638,6.36565933463154e-08,0.204597536259124
"3",0.869019980966622,0.896392056084056,0.79842070962443,0.506985769993697,0.51900975672499,0.52413083846669,0.509992815338426
"4",0.00107878764222215,0.0031665426565709,0.0026709220866627,0.000652386375465108,0.00706909811697996,0.00138228241015911,0.00280139748518061
"5",0.319414761637946,0.308655480159514,0.24361766547049,0.748700830224484,0.759251960840118,0.76254790035923,0.773419991846297
