"","glmGamPoi (Pb)","edgeR (Pb)","limma (Pb)","glmGamPoi (cell)","Nebula","Devil (base)","Devil (mixed)"
"1",0.00108332583537996,0.00825233023620954,0.00261162834963938,5.22503276295415e-05,0.000784989801727702,6.41459378337118e-05,0.00117243330000487
"2",9.15877600704175e-08,0.0001127694207885,1.31353358608413e-07,1.37794563345961e-33,9.90600890592188e-06,4.55612643713039e-33,0.00022866549541772
"3",0.00363608048968473,0.00658291332592256,0.02825895066725,8.50608896624445e-09,0.000678626901741807,1.56662173196725e-08,0.000122846753300127
"4",1.56816411336822e-05,0.000219121342602808,1.53702910603692e-05,1.48347257543223e-08,1.22535157043828e-05,2.2992028452337e-08,2.88565032082058e-05
"5",7.21798365545811e-05,0.000923306340073015,7.72992355607537e-05,2.55326750110369e-07,1.26694257514764e-05,3.63464698347547e-07,5.3725628135006e-05
