"","glmGamPoi (Pb)","edgeR (Pb)","limma (Pb)","glmGamPoi (cell)","Nebula","Devil (base)","Devil (mixed)"
"1",0.263249756665909,0.350336906015297,0.340343788380194,0.494678444769454,0.647538856768725,0.503170942158834,0.580011537484622
"2",0.0438224815774384,0.0830530694244687,0.0369715499984719,0.0567155804628826,0.0790078617450064,0.0614926401834595,0.0852082216663033
"3",5.80787406480433e-05,0.000501325622401301,7.14267870191788e-05,1.28044662825909e-06,0.00711507271505589,2.0440844191089e-06,0.00642551893271652
"4",1.19027655299036e-05,5.88749595556044e-05,7.65655584274848e-05,5.38690496129902e-05,6.88271136683074e-05,7.49120824586738e-05,2.70455556319331e-06
"5",0.00417053460185329,0.0174963449162355,0.00324223667053628,0.00809973354758366,0.0105880575382145,0.00933231582805593,0.0150247627784187
