"","glmGamPoi (Pb)","edgeR (Pb)","limma (Pb)","glmGamPoi (cell)","Nebula","Devil (base)","Devil (mixed)"
"1",0.0010235719424033,0.000591165259146475,6.5544397361516e-05,7.70067924032559e-05,0.00020558210640667,0.00026874278611352,1.08433837094859e-06
"2",0.307702993630715,0.303501471589175,0.209619909415957,0.478065966502206,0.487523673486877,0.490501442071959,0.275740197965981
"3",0.203934930308057,0.129087934881282,0.0806133499624954,0.162015086345621,0.17848133758189,0.182868093622376,0.201081279291129
"4",0.437474379245595,0.401253242234628,0.267391091404243,0.591254886461231,0.612185744263256,0.616544653884311,0.591614661784506
"5",0.0311865103134193,0.0206209719364704,0.00644515482092018,0.0106227049242632,0.0143852799686083,0.0154200559637979,2.55815268270775e-09
