"","glmGamPoi (Pb)","edgeR (Pb)","limma (Pb)","glmGamPoi (cell)","Nebula","Devil (base)","Devil (mixed)","glmGamPoi (fixed)"
"1",0.0257306340572846,0.0504787483537813,0.0102092332562531,0.146115668288794,0.189498169132375,0.152878088923792,0.226629256311376,NA
"2",0.000141216458110237,0.00691564507548096,0.000113018019938161,4.04458200292775e-05,0.289213750600892,5.27458172598319e-05,0.295123604534055,NA
"3",0.146150584245914,0.214345358703235,0.380215126364432,0.499139548694393,0.671149086146904,0.504829555319593,0.702508628971136,NA
"4",0.00562536174158351,0.018316936410801,0.0113483906527701,0.00612860114584032,0.224847724120781,0.00711058452323917,0.143664134909028,NA
"5",8.90002258295812e-05,0.00268290433402815,0.000166347920519489,6.08661465968939e-08,0.203097659750879,8.43648633639797e-08,0.215196700068963,NA
