"","glmGamPoi (Pb)","edgeR (Pb)","limma (Pb)","glmGamPoi (cell)","Nebula","Devil (base)","Devil (mixed)"
"1",0.00132666834954922,0.00249001290790312,0.00277098951630009,1.27097391803349e-05,1.94426895142117e-05,2.11242906935069e-05,3.47536261189037e-06
"2",0.000658527858926283,0.00115044510815856,0.000700176762545401,6.13823083330576e-09,0.00126467473266569,1.81111987346833e-08,0.000162358221123383
"3",2.62817394811273e-05,0.00104088580334161,1.45032264133248e-05,3.62650457706466e-08,0.000352232632820066,7.07596539915364e-08,4.58190641892626e-06
"4",0.00124377571146076,0.00213903061890987,0.00123360851536382,1.64194172797698e-09,0.0179842643457468,3.31159679228877e-09,0.00621840578077683
"5",8.00586399614519e-15,1.02274881690552e-09,2.15745382763638e-14,1.39280215866762e-57,9.61130614218448e-05,3.94773447214222e-59,3.09872048531968e-06
