"","glmGamPoi (Pb)","edgeR (Pb)","limma (Pb)","glmGamPoi (cell)","Nebula","Devil (base)","Devil (mixed)"
"1",0.0346895209668917,0.0450954100154851,0.0282341209099128,0.000183550093166799,0.177851901428543,0.000280157586104216,0.0807363058720983
"2",0.00547488177491578,0.0189834739870916,0.00336127525705245,3.52034847228418e-16,0.16780254475103,7.3300908049321e-16,0.0869368997309085
"3",0.110670624024635,0.0976915100179414,0.0663680643361734,0.0185699499143454,0.203753349085935,0.0223679319575366,0.250858039982449
"4",0.0663106115120917,0.0673825058158656,0.0504432608839899,0.018541559282501,0.154839627020697,0.0223758225381609,0.123907760544019
"5",0.224970438901738,0.204375580424677,0.1739859663466,0.2430218200776,0.396622309944005,0.249567007964824,0.470976661422392
