"","glmGamPoi (Pb)","edgeR (Pb)","limma (Pb)","glmGamPoi (cell)","Nebula","Devil (base)","Devil (mixed)"
"1",0.0061870536757303,0.0139305580224574,0.00821916392998488,0.000369603319793191,0.000606656626904701,0.000486123547494368,0.00122080142125073
"2",0.0249923084319072,0.0353914157350609,0.0596562558870739,0.0025347138003462,0.0177696093491121,0.00303665577324149,0.0186882428447037
"3",0.0392675260307721,0.128166665270603,0.0409788353845978,5.77189786860987e-09,0.0951938928684273,9.62940091869111e-09,0.121762970294217
"4",0.364710959853953,0.38886209283547,0.606397963174737,0.00981932190344181,0.345049987037794,0.0113723996957453,0.268028936708919
"5",1.95005240552057e-09,1.30832869906251e-06,1.8344344930445e-09,1.18194890368936e-49,0.000149601397725201,5.6348260899072e-49,1.6397674400164e-05
