"","glmGamPoi (Pb)","edgeR (Pb)","limma (Pb)","glmGamPoi (cell)","Nebula","Devil (base)","Devil (mixed)"
"1",0.00835934814036649,0.051017195594882,0.0136270110071702,1.34562241507388e-05,0.0297078485933923,1.57716692209291e-05,0.0232047970788217
"2",0.00422575759067142,0.0179627037729052,0.0110143589415498,5.59078787394478e-08,0.0180546269099287,7.62027014702196e-08,0.00397507663245196
"3",2.28825380503026e-07,0.000106393976846779,4.76995228743511e-07,5.67254893227363e-40,0.000204617511785703,1.94870760760707e-39,0.000329681483141436
"4",0.00576037714045325,0.0943129303325801,0.0112551634286947,4.5220115119044e-13,0.0204173915631933,5.99611884892978e-13,0.0212163195348205
"5",0.000394289639634372,0.0105776757108783,0.000531432954517206,2.97896845298782e-11,0.000901497711605534,4.15611543656709e-11,0.000834808841326413
