"","glmGamPoi (Pb)","edgeR (Pb)","limma (Pb)","glmGamPoi (cell)","Nebula","Devil (base)","Devil (mixed)"
"1",0.00835934588522639,0.0494000846049869,0.013627011007171,1.34562228964651e-05,0.0297078494649399,1.70925363241814e-05,0.0236734931230257
"2",0.00422575444907958,0.0137634896158968,0.0110143589415502,5.59078707840155e-08,0.0180546269099274,8.01166863973386e-08,0.00407133623004636
"3",2.28824979198342e-07,8.89408600269256e-05,4.76995228743498e-07,5.67254568204514e-40,0.000204618445365495,2.9854163083191e-39,0.000338449857628381
"4",0.00576037434406084,0.0936093525066335,0.0112551634286944,4.52201049327089e-13,0.0204173915630189,7.18738980610432e-13,0.021409017823818
"5",0.000394289416442395,0.0114168856178486,0.000531432954517178,2.97896788756404e-11,0.000901497321179055,5.24099120146471e-11,0.000863326813996922
