"","glmGamPoi (Pb)","edgeR (Pb)","limma (Pb)","glmGamPoi (cell)","Nebula","Devil (base)","Devil (mixed)"
"1",0.161002508792653,0.15829858578927,0.18035463212701,0.179927656896971,0.194339019868634,0.200504316573185,0.0345053428803316
"2",0.0432831028204568,0.0408364903778166,0.0495259116191722,0.041097285915747,0.0483721806642308,0.0494458414965459,0.000140830227759969
"3",0.684894818558648,0.654343614824377,0.391732638003004,0.695949622605977,0.695868521270076,0.708176192000268,0.771327215819032
"4",6.02981761482164e-05,4.66936540456034e-05,0.000147660444112595,0.000180626794307012,0.000330109354006745,0.000378693468369562,2.14018743061061e-19
"5",0.0349574095892634,0.0486713266498496,0.0381180049571046,0.0391712240236415,0.0464196663800223,0.0487561225528194,2.36338145015352e-05
