"","glmGamPoi (Pb)","edgeR (Pb)","limma (Pb)","glmGamPoi (cell)","Nebula","Devil (base)","Devil (mixed)"
"1",1.35495813066042e-13,4.63067979917171e-09,9.63371689395024e-13,6.2242137005545e-286,3.88568059061832e-07,1.31694153293181e-284,4.40708548956619e-07
"2",0.00202664817122397,0.00987707750498889,0.000904859404928943,1.73930783379384e-23,0.00412443858890198,1.23156635941771e-22,0.000688727904346564
"3",0.00961955469066456,0.0463703115865217,0.0102307683869954,6.15603234753407e-11,0.000842911517523285,1.31604802507109e-10,6.31942392429249e-05
"4",1.03596573340568e-05,0.000243256580764447,1.39677676996325e-05,4.87003857092085e-29,6.63269041747336e-11,4.52493192828565e-28,4.17620775852651e-10
"5",0.00272592662219678,0.00906082219119637,0.00222063707954734,1.63989918430751e-11,5.16073257974791e-05,4.50193207491042e-11,2.57712083278101e-05
