"","glmGamPoi (Pb)","edgeR (Pb)","limma (Pb)","glmGamPoi (cell)","Nebula","Devil (base)","Devil (mixed)"
"1",0.128205002355341,0.263621358302153,0.0935136560172443,0.299010615526109,0.31136221894006,0.317312905234496,0.162477698693663
"2",0.204358679860252,0.170231904447204,0.132268069763918,0.819589687381898,0.596257169579689,0.826270938662061,0.899265004720878
"3",0.0185085567096384,0.0344307047654461,0.0148471942271607,0.0870395400426801,0.216529509683541,0.098751609848175,0.387850595703714
"4",0.623276012556319,0.554506018111188,0.595730348370543,0.645309454229886,0.889473793879557,0.659934139978234,0.828139543163463
"5",0.457912992923188,0.634317925788667,0.436148650030656,0.686471374400545,0.78151877257058,0.698560983085017,0.764246025303584
