"","glmGamPoi (Pb)","edgeR (Pb)","limma (Pb)","glmGamPoi (cell)","Nebula","Devil (base)","Devil (mixed)","glmGamPoi (fixed)"
"1",0.837372079349269,0.818249314698344,0.985555474250251,0.974925311972622,0.97540118802829,0.975591962901469,0.940073791201903,NA
"2",0.167470495102649,0.26107373518042,0.184655148291062,0.05483174641993,0.302616611091536,0.0599985457225864,0.421704365598182,NA
"3",0.075579229863698,0.104101699962553,0.0814859939520288,0.0129453970454202,0.218092380986025,0.0152668089332594,0.323142016163696,NA
"4",0.0272638101607135,0.0155192461916512,0.012555291363255,0.00084863536261614,0.00112297978863509,0.00117655547500955,0.019953693168868,NA
"5",0.0109623012935429,0.02454428422566,0.0123729386140169,2.2780820833145e-06,0.0173722035486628,3.28791793012598e-06,0.0462473364644842,NA
