"","glmGamPoi (Pb)","edgeR (Pb)","limma (Pb)","glmGamPoi (cell)","Nebula","Devil (base)","Devil (mixed)"
"1",9.60258549818325e-07,2.34425983505955e-05,1.09040446678557e-06,2.34395612130717e-07,0.0155691069327469,3.31920887891799e-07,0.00873062608425763
"2",0.000420595417666332,0.0040905647733331,0.000506958443606132,0.00151458804950985,0.0537042445991254,0.00171710603665487,0.0415217286861301
"3",9.62716686670149e-05,0.0012858850646968,0.000152514333010706,0.000334044977879668,0.0273743140013437,0.000388525316869138,0.0294766434188431
"4",1.49655774941639e-05,0.0029734136910103,1.85025780212517e-05,1.85649661700361e-07,0.0549728463340611,2.35384154918433e-07,0.00970533251100983
"5",0.000383678101967358,0.0019967681579445,0.0052831239104827,1.19089144456247e-07,0.00931366651514431,1.67758765542882e-07,0.00697782439471449
