"","glmGamPoi (Pb)","edgeR (Pb)","limma (Pb)","glmGamPoi (cell)","Nebula","Devil (base)","Devil (mixed)"
"1",0.0300317069129863,0.0269341918438938,0.0343673687738264,0.00106303095872869,0.00225549549436591,0.00276560834115444,3.2209657744118e-11
"2",0.39716102428706,0.389433401097468,0.372025795149186,0.0387619609724252,0.0462788229279458,0.0495194493005979,7.12235117133092e-05
"3",0.000254967319509354,0.000186598943648043,0.0001333523173739,1.01136021285881e-21,1.92762722543475e-22,3.74033943251215e-19,6.19844412629024e-24
"4",0.376094221973841,0.35352723281397,0.461120905126882,0.0419814068185183,0.0545584444497808,0.0588206237083389,0.000268856336291581
"5",0.550352763913405,0.563718461341116,0.492102300254929,0.163645588748016,0.180504009125676,0.189637186764874,0.0430677121931423
