"","glmGamPoi (Pb)","edgeR (Pb)","limma (Pb)","glmGamPoi (cell)","Nebula","Devil (base)","Devil (mixed)"
"1",0.0984443233385738,0.0661852730618973,0.0258565065149546,0.0487275598720278,0.0663640197169107,0.0699176861046534,0.151146887646905
"2",0.193349895963704,0.152711334539092,0.078211716053216,0.0632563942518012,0.0782744239311639,0.080944335053544,0.284380417497738
"3",0.318758285885965,0.236182874727657,0.403964963361466,0.264911280202626,0.287503269396504,0.29261451356345,2.48486154383027e-09
"4",0.294957005933396,0.226621562221515,0.364356678871572,0.19539492135428,0.217520682078064,0.223645963265385,0.293566766858795
"5",0.0336193025562126,0.0160777460771401,0.00805486266619891,0.00367574464820247,0.00567286756515372,0.00622040798581324,1.04369110853384e-05
