"","glmGamPoi (Pb)","edgeR (Pb)","limma (Pb)","glmGamPoi (cell)","Nebula","Devil (base)","Devil (mixed)"
"1",0.409788673893377,0.451474132968594,0.850576224583038,0.174212119393885,0.241444707614756,0.180241938940405,0.23036193508379
"2",0.00937082162947591,0.0211865700478567,0.00743212800118039,0.00181998547433988,0.00345917561486989,0.00221753007525137,0.00592614457961707
"3",0.00490508673814981,0.0123433162561091,0.00196884913258841,7.74446595128162e-19,0.0108460478534705,3.21081391045091e-18,0.00812134032154572
"4",0.314451216989474,0.378691283747531,0.669914731518353,0.0290259453841072,0.175724326324526,0.0312365888507815,0.0847629666708818
"5",0.0780858718290111,0.14432609296931,0.117760783503192,0.0119104102946701,0.056923524187699,0.0134030033611098,0.0424484856105672
