"","glmGamPoi (Pb)","edgeR (Pb)","limma (Pb)","glmGamPoi (cell)","Nebula","Devil (base)","Devil (mixed)"
"1",0.929105849133771,0.97286147063861,0.775760161009523,0.115488668367293,0.119419434358404,0.123684067913758,0.000386716604328645
"2",0.0744229901745464,0.0331699072095076,0.0712665944012667,0.000111470712457858,0.0246962643021744,0.000268024333493641,0.0449109499675983
"3",0.739697521369018,0.793529171693222,0.79636791124727,0.105361427178019,0.110013537118805,0.113386506684483,0.0477084623201701
"4",0.541722985726993,0.531163724760494,0.522903193947071,0.303940990332374,0.31437974137791,0.319416685565993,0.0199317965993437
"5",0.296741414701572,0.294004851091882,0.311149392302705,0.678692288943699,0.676117701511707,0.67858186815275,0.595916183354931
