"","glmGamPoi (Pb)","edgeR (Pb)","limma (Pb)","glmGamPoi (cell)","Nebula","Devil (base)","Devil (mixed)"
"1",0.00615220907684262,0.00959536306165935,0.00333342322928275,2.72566152463284e-07,0.00917939073941786,5.14873294796453e-07,0.0418808327860347
"2",0.164147994580456,0.221799031024334,0.136868484380209,0.0591949518532086,0.124939061668052,0.0677476589962168,0.229952538976026
"3",0.0055790847702486,0.011604018616908,0.00489510035570417,0.000182282505018188,0.0414001370932636,0.000326272707087528,0.108253501170844
"4",0.037929159761121,0.0420931089172582,0.0189405267168215,0.00258364316692637,0.0399655930094103,0.00356967945646282,0.0915909731381832
"5",0.075664826023516,0.0829538260829843,0.049272967629635,0.033939658981943,0.0375523163101596,0.0398791305936256,0.00522017793557325
