"","glmGamPoi (Pb)","edgeR (Pb)","limma (Pb)","glmGamPoi (cell)","Nebula","Devil (base)","Devil (mixed)","glmGamPoi (fixed)"
"1",9.46196974792583e-05,0.00124620334187706,0.000190104303372492,0.000245451051566566,0.00799303253027385,0.000303509281791741,0.00824456580839486,NA
"2",0.00146662916751505,0.00536744504861204,0.00173082215652481,0.00635299131089955,0.0152572820311975,0.00719690776704999,0.0199472698955763,NA
"3",0.0040393514821998,0.0135801351545195,0.00286749053447537,0.0161958397129227,0.0404495589366093,0.0174791875070528,0.0648970544877331,NA
"4",0.0280208408150333,0.0480006991014865,0.0177764241928509,0.0398922440938846,0.0765910757386334,0.042876530660883,0.12736593119621,NA
"5",0.00088231524802965,0.00751667333097494,0.00016517034841293,0.0040563905091087,0.0512201554930313,0.00432154923027425,0.0883449775304882,NA
