"","glmGamPoi (Pb)","edgeR (Pb)","limma (Pb)","glmGamPoi (cell)","Nebula","Devil (base)","Devil (mixed)"
"1",8.56192686160727e-05,0.000647342087362619,7.71330676921317e-05,1.46579590069613e-11,7.27925464556442e-07,3.80468407959597e-11,1.64221387135956e-06
"2",0.00221138529579814,0.00820244941368737,0.00692926217327012,4.03162557284269e-06,0.013261708530237,6.32475689664896e-06,0.0263295910471584
"3",2.85628518006573e-07,8.91335701658186e-06,3.81250341420045e-07,1.76575641589546e-18,6.26643296413973e-05,8.56646842286868e-18,3.93168882545297e-05
"4",0.0682258297845487,0.159070644984585,0.0695547770953111,0.0449169428598192,0.104802908658698,0.0492530361625301,0.107164157870696
"5",0.000326099705644162,0.00524926102221921,0.000225020399648928,8.13351361940952e-08,0.00508246973537784,1.40267427732903e-07,0.00319413503009295
