"","glmGamPoi (Pb)","edgeR (Pb)","limma (Pb)","glmGamPoi (cell)","Nebula","Devil (base)","Devil (mixed)"
"1",0.000150938392039165,0.00116957795971027,8.37462483199368e-05,5.99184053109736e-06,0.00829070817195316,9.04321392733504e-06,0.00358387604022245
"2",1.1131980111799e-05,0.000561218817338736,1.62859053048886e-05,1.27394884947818e-23,0.013384763474519,1.99834277565963e-23,0.0744973930609754
"3",6.11567611975138e-05,0.000264626336553799,0.000729891044058025,3.62983793617583e-06,1.79601001648016e-05,5.88157604925163e-06,4.2717738116972e-05
"4",0.00168613588186404,0.00453113380255384,0.00365536164183158,0.000593359316770947,0.0119598088972842,0.000788197977166916,0.0135749712669782
"5",0.191213934497322,0.268640053620288,0.0872173022371559,0.154332756891814,0.17951408750533,0.163234529872707,0.130608597049135
