"","glmGamPoi (Pb)","edgeR (Pb)","limma (Pb)","glmGamPoi (cell)","Nebula","Devil (base)","Devil (mixed)"
"1",0.0136881065416817,0.062017983341943,0.0166901891250221,5.10779304634655e-05,7.38402088962278e-05,8.32777698726875e-05,0.000101614568417483
"2",0.0894701672464088,0.158305115101586,0.110241221097704,0.0393873459294229,0.0444905793318604,0.0461092682010049,0.00707166291874776
"3",0.0392690576539765,0.0485696579727398,0.0741894391734321,0.00920948998826697,0.0301165288992753,0.0116596608383431,0.00378533403143167
"4",0.216469285685101,0.276693200508193,0.309441315388574,0.123576582962175,0.120519983102916,0.135843794374374,0.154711434590279
"5",0.000531469959494191,0.00200937920789921,0.000703208675167736,6.21843700683943e-07,6.27662135378601e-05,1.36182413480029e-06,0.000528068841190766
