"","glmGamPoi (Pb)","edgeR (Pb)","limma (Pb)","glmGamPoi (cell)","Nebula","Devil (base)","Devil (mixed)"
"1",5.08869603636187e-05,0.00213567399556118,7.38981932246192e-05,9.23617207238388e-06,0.108689452553472,1.29232504591974e-05,0.0929241160706443
"2",0.0011080160881379,0.00286057862978406,0.00759266825354962,4.08471302179308e-05,0.0306568382064126,5.51678812852754e-05,0.0126496914933925
"3",8.98324324134828e-06,3.97151135045704e-05,9.69506350492429e-06,0.000130945336489299,0.000706975288640893,0.000159489330783402,0.000841940058441717
"4",0.00303380344891457,0.0106612982437626,0.00219781957706866,0.0208253341784831,0.0386111296706929,0.0230891209705796,0.0386847785411026
"5",1.81680882782686e-10,5.3867320101991e-07,3.97106942165589e-10,2.01587609838776e-22,0.0294452543227742,3.20047137267562e-22,0.0289940339448773
