"","glmGamPoi (Pb)","edgeR (Pb)","limma (Pb)","glmGamPoi (cell)","Nebula","Devil (base)","Devil (mixed)"
"1",0.0397564665161674,0.0552101728931574,0.0222402610597004,0.0125101081104596,0.0599496351331761,0.0179802959591672,0.0531144791196122
"2",0.0437418792855714,0.0363151821028545,0.0184160139100672,0.000970803362658161,0.15098792667437,0.00191258188817778,0.250613937697785
"3",0.00171965955647071,0.00111161829647757,0.00482093185453795,0.000483913008209925,0.0379113587994322,0.00163223234206831,0.0677899039371313
"4",0.0888156411706739,0.0501973623243941,0.0624611393977344,0.10802509961624,0.138835815803536,0.141827634094176,1.52066655319419e-07
"5",0.807069356102087,0.737242672142987,0.757097444271593,0.539164478349661,0.564210744280845,0.569642779304162,0.532137965891186
