"","glmGamPoi (Pb)","edgeR (Pb)","limma (Pb)","glmGamPoi (cell)","Nebula","Devil (base)","Devil (mixed)","glmGamPoi (fixed)"
"1",0.0015244409590333,0.00247774769358098,0.00151677917537054,8.62036925605653e-10,0.0459280102639847,2.48008434790902e-09,0.0490055070300996,NA
"2",0.0814166793465942,0.0659820428260368,0.0547050636969977,0.003332625058655,0.0795899544090527,0.00440548788871657,0.07160617996982,NA
"3",0.146903753545974,0.22720117498541,0.213953085884465,3.09273719663904e-07,0.068188128443159,2.4388278010093e-07,0.102932673455038,NA
"4",0.0260016085311137,0.032515521084334,0.0307294091520193,0.00174767988854361,0.0129398246282122,0.00233266345450042,0.0124454090327275,NA
"5",0.154920540898805,0.17342758700046,0.130527319486639,0.0214175426405333,0.136040465935178,0.0250653383539763,0.114958413407318,NA
