"","glmGamPoi (Pb)","edgeR (Pb)","limma (Pb)","glmGamPoi (cell)","Nebula","Devil (base)","Devil (mixed)"
"1",0.00175822696001362,0.00098811183886162,0.00067131181501029,1.10399912061264e-20,4.66334515544775e-17,1.48633438023765e-16,9.07292967674127e-29
"2",0.0122096885103242,0.0208683936347309,0.0101771486633599,3.61124620023777e-35,1.51344058822882e-32,7.68956867895014e-31,1.24243360372715e-17
"3",0.00258612011975466,0.00464494469777471,0.00152292742861025,6.60424525525515e-21,5.08143962227114e-18,1.86229239639155e-17,8.81936796502269e-14
"4",0.0168585467326248,0.0192697619040369,0.0139763126746526,1.4089539199524e-15,1.16508554088929e-09,2.26786494862374e-13,3.22434248739949e-11
"5",0.0637616886339813,0.0720398244966121,0.0358696155374078,3.1291089640418e-20,3.22693429896145e-18,1.11248173823199e-17,3.16998596343506e-46
