"","glmGamPoi (Pb)","edgeR (Pb)","limma (Pb)","glmGamPoi (cell)","Nebula","Devil (base)","Devil (mixed)"
"1",0.843852080994259,0.860741493205016,0.743792486315993,0.904569336696873,0.908661345485996,0.909759459803889,0.68417224430989
"2",0.0791428521994167,0.0342592495590591,0.0296883601962903,0.0543273318628694,0.0813316693802122,0.08875229147259,8.14724241836431e-10
"3",0.507241742977811,0.562462465359628,0.516590325962628,0.500587908979211,0.563767329516729,0.528692896347392,0.5819350091687
"4",0.944674202471145,0.935547178222395,0.991858603831078,0.983432460805507,0.984077275668226,0.984307356648738,0.964438413678679
"5",0.416725596978639,0.346714251057925,0.348322104699013,0.410423625252162,0.447664874488905,0.456025170322507,0.000195645623838704
