"","glmGamPoi (Pb)","edgeR (Pb)","limma (Pb)","glmGamPoi (cell)","Nebula","Devil (base)","Devil (mixed)"
"1",0.00635579773872437,0.0285825207781846,0.0115467294367653,0.000190031629874806,0.0151577569192388,0.000255736539706511,0.0260466135687178
"2",1.05394969444708e-06,0.000350920399272296,9.88175420019096e-07,1.584271524493e-14,0.00263314716122801,4.04924444746104e-14,0.0133486982994415
"3",0.00329372208733507,0.0422560224467355,0.00347536876939611,6.83337775881924e-05,0.0262936260319827,9.48450017259308e-05,0.0278661951125777
"4",0.0026463184280597,0.0274258732530674,0.00339653048454319,3.91235775175376e-05,0.013474664016411,5.60848636119614e-05,0.0149048292038592
"5",3.80077707800418e-05,0.000430207215108391,5.52600386789398e-05,4.61380692852961e-12,0.000933566741559767,1.30243701833737e-11,0.000675924925306839
