"","glmGamPoi (Pb)","edgeR (Pb)","limma (Pb)","glmGamPoi (cell)","Nebula","Devil (base)","Devil (mixed)"
"1",0.231870421983074,0.179019954472676,0.110344012862358,0.829976556114559,0.837908305642334,0.83878717290202,0.737739512482248
"2",0.341727715947382,0.311373526464553,0.491663416766988,0.920202266367423,0.996249109022529,0.925560097415025,0.947639292756689
"3",0.114495048452847,0.0824736277658874,0.0487629369157887,0.5084956340073,0.525142763323737,0.528396936960134,0.543170923396714
"4",0.140004546326626,0.0934059664412959,0.163485142090523,0.450723965842368,0.704874544869979,0.480980768492613,0.718563062457642
"5",0.147659468523292,0.0853514745948414,0.172609364235201,0.899650230690102,0.881443799906959,0.907124094644024,0.964599775309189
