"","glmGamPoi (Pb)","edgeR (Pb)","limma (Pb)","glmGamPoi (cell)","Nebula","Devil (base)","Devil (mixed)"
"1",0.00327511052649097,0.0214802316056984,0.00353976776963808,0.000223984554680103,0.0360454150803567,0.000249919517136096,0.0756799705768573
"2",1.11419395718656e-05,7.07750233000854e-05,1.70697878237187e-06,2.10764034834857e-06,0.00140747595149925,2.68270956668103e-06,0.00456172904041247
"3",0.000229841914692309,0.00892843005388167,0.001010588132154,4.83895015198235e-34,0.00014504837261131,5.93627229179918e-34,0.000772879099304674
"4",0.000664265736115511,0.00317751196605502,0.00157912804995259,7.27798493764286e-06,0.0126156068812532,8.7374813206666e-06,0.0102376644491135
"5",0.0953780146713235,0.160240017369096,0.0968148034368553,0.014728480916014,0.270272821965083,0.0153465751983482,0.396964817830305
