"","glmGamPoi (Pb)","edgeR (Pb)","limma (Pb)","glmGamPoi (cell)","Nebula","Devil (base)","Devil (mixed)"
"1",0.155678207089153,0.138073001199207,0.0807411025987831,0.0953521663824728,0.26054404327053,0.10552941652989,0.379273532180621
"2",0.00617255056767681,0.0132948956447158,0.00520142351309494,0.00016157694657365,0.0299556585050868,0.000250525537901823,0.0800496470959636
"3",0.375309029001096,0.36815790289206,0.289620266542939,0.426868162675206,0.43997321712838,0.441357565870503,2.77424321688295e-06
"4",0.152643744402108,0.21504319660411,0.207742141123821,0.141048388082197,0.264128836399688,0.154734544755315,0.222340707041042
"5",0.0681043943212342,0.072886129277534,0.0616770309737591,0.0491173351418808,0.0955248386480047,0.0568584728838071,0.110432285050626
