"","glmGamPoi (Pb)","edgeR (Pb)","limma (Pb)","glmGamPoi (cell)","Nebula","Devil (base)","Devil (mixed)"
"1",0.922447084537665,0.901144155712677,0.860093302582153,0.021494279790619,0.0234135628753636,0.0235609194103801,0.0921886934275304
"2",0.00194001467140978,0.0121315292593869,0.00709176740176451,7.12455133019365e-31,0.0187394288198844,1.36907094199698e-29,0.0396834968780367
"3",0.0003151634347888,0.00286878470249157,0.00157582984786257,1.48383810995958e-23,0.00243062459119079,6.85667200214543e-22,0.0081000268387618
"4",0.0399378848929756,0.106467226793505,0.0691485859140888,2.10288653433757e-14,0.00487304831271696,9.72915279361139e-14,0.0102522782552587
"5",0.0266930977112017,0.0811127923187427,0.054264338378289,5.54241013525878e-26,0.119143148187323,4.04694854623556e-25,0.127123316090003
