"","glmGamPoi (Pb)","edgeR (Pb)","limma (Pb)","glmGamPoi (cell)","Nebula","Devil (base)","Devil (mixed)"
"1",0.0294183362311345,0.0429524583208696,0.0415289111232697,0.0677751451147642,0.0707164477371722,0.0714547160464181,0.192970470855338
"2",0.00438111474334016,0.0390205058439797,0.00875633954352543,0.00811651058470639,0.0981413617399084,0.00885065597421826,0.220554665579027
"3",0.000683361429820456,0.00136392547845086,0.0007053948142686,0.000422965942660791,0.00852606510170712,0.00051542348125188,0.00639054238531423
"4",8.35125777668667e-06,0.000431250017854024,7.38714653413212e-06,2.42927307034706e-08,0.000390900763784314,3.33890233953466e-08,0.00663953383857436
"5",0.00538055050268679,0.0147234835671086,0.0107920610344668,0.00101301505023352,0.0502055790161567,0.00117091776073522,0.100440882740327
