"","glmGamPoi (Pb)","edgeR (Pb)","limma (Pb)","glmGamPoi (cell)","Nebula","Devil (base)","Devil (mixed)"
"1",0.521201986449689,0.512914646275904,0.522174434147942,0.197183741507159,0.20397261781467,0.210006952227647,0.209055566838331
"2",0.00354261238777496,0.0028680392531936,0.00223856023355631,0.0102982678956707,0.0934382332049758,0.0183970763382704,0.104207983473361
"3",0.167127999656248,0.14269655315817,0.136034726916955,0.456109656737186,0.489728425355425,0.494179543766003,0.186682845331865
"4",0.13786601747593,0.108195040877817,0.129580479802931,0.375632671168685,0.430068661023501,0.441235841418679,0.0862115469484163
"5",6.13512189382649e-05,0.000893552550518965,4.58350995674361e-06,0.0260901357543341,0.405838261860373,0.0270154558127019,0.541072402016547
