"","glmGamPoi (Pb)","edgeR (Pb)","limma (Pb)","glmGamPoi (cell)","Nebula","Devil (base)","Devil (mixed)","glmGamPoi (fixed)"
"1",6.20433973711119e-12,2.88654477924931e-07,1.28017477757178e-11,8.06812933442972e-63,4.14149728481567e-05,4.56561677644741e-62,0.00217541720617669,NA
"2",0.00907409746285662,0.0219758653888106,0.00892939498114354,0.0008008976697336,0.000918501191836867,0.00095268681585025,5.25258675289103e-08,NA
"3",0.126273161022218,0.273900431673567,0.0954599094898658,1.88664102333237e-13,0.00977032733499337,4.07437022532244e-13,0.0166527028398859,NA
"4",0.02184182556565,0.036172027223065,0.0294329740224494,8.5540445945868e-05,0.00321327728920159,0.000107678173935664,0.00154113448026379,NA
"5",1.11042308624288e-05,0.000486433613281059,3.48650758824788e-05,3.6497756027484e-22,4.68412398766774e-08,1.11095921130169e-21,4.35433473354999e-05,NA
