"","glmGamPoi (Pb)","edgeR (Pb)","limma (Pb)","glmGamPoi (cell)","Nebula","Devil (base)","Devil (mixed)"
"1",0.892149400170296,0.877335401024044,0.56026989784925,0.357761281333186,0.369409874362094,0.37533418747034,0.536209123333852
"2",0.0179151183647605,0.0168041861992999,0.0074057281302197,0.099274699400591,0.291636815699441,0.123184440190793,0.360273704284813
"3",0.224311101263485,0.224498258820064,0.14391823431512,0.762574978339129,0.767204783485388,0.768717991052558,0.675447379415252
"4",0.0937547256648097,0.123975272121607,0.0468323199171523,0.366195335907517,0.38540823407554,0.391069837777401,3.54696424339326e-10
"5",0.719452528737061,0.702329651482771,0.672303273824676,0.220083954603726,0.277778524263011,0.232161303573025,0.316282952266143
