"","glmGamPoi (Pb)","edgeR (Pb)","limma (Pb)","glmGamPoi (cell)","Nebula","Devil (base)","Devil (mixed)"
"1",2.76529563888061e-05,0.000341384711705514,0.000821609798325608,0.00279678998043487,0.0704245594744763,0.00702071776567967,0.063935679086432
"2",0.103517707869271,0.08151971865801,0.0574105874905935,0.905155991506328,0.911158216059392,0.913091293393592,0.497000906225101
"3",0.116278984819144,0.0820399240038414,0.0784340025954402,0.845231031341227,0.858984473633261,0.860348390562773,0.768413930174247
"4",0.0410190834460226,0.0529986833746752,0.0293751857144692,0.57393545091722,0.606382254248975,0.597422077718438,0.678459353844553
"5",0.00739241268130684,0.0105494405735966,0.00585846682269694,0.447990969993483,0.466577894736074,0.475561261971567,0.474697047239714
