"","glmGamPoi (Pb)","edgeR (Pb)","limma (Pb)","glmGamPoi (cell)","Nebula","Devil (base)","Devil (mixed)"
"1",0.88250472931865,0.857966774743443,0.939479647265975,0.000582054309096985,0.00420912070302693,0.000638168064942339,0.00528873133173403
"2",1.5457105241445e-06,5.09012642624348e-05,2.76010757329837e-06,1.28033021583437e-53,9.16476118445726e-06,2.90841523373474e-52,0.000138712485795396
"3",2.78203719822911e-05,0.00106554818122628,3.75060111459451e-05,1.17999812344478e-23,2.53163460378154e-05,5.98708907893058e-23,0.000242332729733402
"4",5.74791701496698e-05,0.00201206174746433,4.35756327946097e-05,6.06265702750197e-26,1.91112973578847e-05,3.80650582922115e-25,1.33806246600951e-06
"5",0.000448771980467615,0.00647725751848379,0.000392710759545349,2.502724621807e-32,2.72899206974235e-05,1.01615665260089e-31,0.000379376994249742
